batch_num	isbn	title	author	release_year	publisher	description	tags
3	9781429927161	Eifelheim	Michael Flynn	2006	Macmillan	"**The alien world of medieval Europe lives again, transformed by the physics of the future, by a winner of the Heinlein Award**

Over the centuries, one small town in Germany has disappeared and never been resettled. Tom, a historian, and his theoretical physicist girlfriend Sharon, become interested. By all logic, the town should have survived. What's so special about Eifelheim?


Father Dietrich is the village priest of Eifelheim, in the year 1348, when the Black Death is gathering strength but is still not nearby. Dietrich is an educated man, and to his astonishment becomes the first contact person between humanity and an alien race from a distant star, when their ship crashes in the nearby forest. It is a time of wonders, in the shadow of the plague. Flynn gives us the full richness and strangeness of medieval life, as well as some terrific aliens.

Tom and Sharon, and Father Deitrich have a strange destiny of tragedy and triumph in *Eifelheim*, the brilliant science fiction novel by Michael Flynn.

([Source][1])

[1]: https://us.macmillan.com/books/9780765319104/eifelheim/"	[{'Science Fiction': 2}, {'Young Adult': 1}, {'Fiction': 1}, {'Fantasy': 1}, {'Aliens': 1}, {'History': 1}, {'Space': 1}]
3	9780765300966	Eifelheim	Michael Flynn	2006	Macmillan	"**The alien world of medieval Europe lives again, transformed by the physics of the future, by a winner of the Heinlein Award**

Over the centuries, one small town in Germany has disappeared and never been resettled. Tom, a historian, and his theoretical physicist girlfriend Sharon, become interested. By all logic, the town should have survived. What's so special about Eifelheim?


Father Dietrich is the village priest of Eifelheim, in the year 1348, when the Black Death is gathering strength but is still not nearby. Dietrich is an educated man, and to his astonishment becomes the first contact person between humanity and an alien race from a distant star, when their ship crashes in the nearby forest. It is a time of wonders, in the shadow of the plague. Flynn gives us the full richness and strangeness of medieval life, as well as some terrific aliens.

Tom and Sharon, and Father Deitrich have a strange destiny of tragedy and triumph in *Eifelheim*, the brilliant science fiction novel by Michael Flynn.

([Source][1])

[1]: https://us.macmillan.com/books/9780765319104/eifelheim/"	[{'Science Fiction': 2}, {'Young Adult': 1}, {'Fiction': 1}, {'Fantasy': 1}, {'Aliens': 1}, {'History': 1}, {'Space': 1}]
4	9788072039043	Drak Jeho Veličenstva	Naomi Novik	2005	HarperCollins UK	Aerial combat brings a thrilling new dimension to the Napoleonic Wars as valiant warriors rise to Britain's defense by taking to the skies . . . not aboard aircraft but atop the mighty backs of fighting dragons.When HMS Reliant captures a French frigate and seizes its precious cargo, an unhatched dragon egg, fate sweeps Capt. Will Laurence from his seafaring life into an uncertain future--and an unexpected kinship with a most extraordinary creature. Thrust into the rarified world of the Aerial Corps as master of the dragon Temeraire, he will face a crash course in the daring tactics of airborne battle. For as France's own dragon-borne forces rally to breach British soil in Bonaparte's boldest gambit, Laurence and Temeraire must soar into their own baptism of fire.	[{'Fantasy': 3}, {'Fiction': 2}, {'Science Fiction': 1}, {'War': 1}, {'Young Adult': 1}, {'Adventure': 1}, {'Juvenile Fiction': 0}, {'Alternative histories (Fiction)': 0}, {'Loveable Characters': 17}, {'Strong Character Development': 15}, {'A mix driven': 12}, {'Not Diverse Characters': 10}, {'Plot driven': 2}, {'Character driven': 2}, {'Diverse Characters': 2}, {'calvin': 1}, {'Master & Commander': 1}, {'Weak Character Development': 0}, {'Adventurous': 21}, {'emotional': 8}, {'funny': 6}, {'lighthearted': 4}, {'tense': 3}, {'hopeful': 2}, {'challenging': 1}, {'sad': 1}]
4		His Majesty's Dragon	Naomi Novik	2005	Random House Audio	Aerial combat brings a thrilling new dimension to the Napoleonic Wars as valiant warriors rise to Britain's defense by taking to the skies . . . not aboard aircraft but atop the mighty backs of fighting dragons.When HMS Reliant captures a French frigate and seizes its precious cargo, an unhatched dragon egg, fate sweeps Capt. Will Laurence from his seafaring life into an uncertain future--and an unexpected kinship with a most extraordinary creature. Thrust into the rarified world of the Aerial Corps as master of the dragon Temeraire, he will face a crash course in the daring tactics of airborne battle. For as France's own dragon-borne forces rally to breach British soil in Bonaparte's boldest gambit, Laurence and Temeraire must soar into their own baptism of fire.	[{'Fantasy': 3}, {'Fiction': 2}, {'Science Fiction': 1}, {'War': 1}, {'Young Adult': 1}, {'Adventure': 1}, {'Juvenile Fiction': 0}, {'Alternative histories (Fiction)': 0}, {'Loveable Characters': 17}, {'Strong Character Development': 15}, {'A mix driven': 12}, {'Not Diverse Characters': 10}, {'Plot driven': 2}, {'Character driven': 2}, {'Diverse Characters': 2}, {'calvin': 1}, {'Master & Commander': 1}, {'Weak Character Development': 0}, {'Adventurous': 21}, {'emotional': 8}, {'funny': 6}, {'lighthearted': 4}, {'tense': 3}, {'hopeful': 2}, {'challenging': 1}, {'sad': 1}]
4	9780739354131	His Majesty's Dragon	Naomi Novik	2005	RH Audio	Aerial combat brings a thrilling new dimension to the Napoleonic Wars as valiant warriors rise to Britain's defense by taking to the skies . . . not aboard aircraft but atop the mighty backs of fighting dragons.When HMS Reliant captures a French frigate and seizes its precious cargo, an unhatched dragon egg, fate sweeps Capt. Will Laurence from his seafaring life into an uncertain future--and an unexpected kinship with a most extraordinary creature. Thrust into the rarified world of the Aerial Corps as master of the dragon Temeraire, he will face a crash course in the daring tactics of airborne battle. For as France's own dragon-borne forces rally to breach British soil in Bonaparte's boldest gambit, Laurence and Temeraire must soar into their own baptism of fire.	[{'Fantasy': 3}, {'Fiction': 2}, {'Science Fiction': 1}, {'War': 1}, {'Young Adult': 1}, {'Adventure': 1}, {'Juvenile Fiction': 0}, {'Alternative histories (Fiction)': 0}, {'Loveable Characters': 17}, {'Strong Character Development': 15}, {'A mix driven': 12}, {'Not Diverse Characters': 10}, {'Plot driven': 2}, {'Character driven': 2}, {'Diverse Characters': 2}, {'calvin': 1}, {'Master & Commander': 1}, {'Weak Character Development': 0}, {'Adventurous': 21}, {'emotional': 8}, {'funny': 6}, {'lighthearted': 4}, {'tense': 3}, {'hopeful': 2}, {'challenging': 1}, {'sad': 1}]
4	9780007219117	Temeraire	Naomi Novik	2005	Voyager	Aerial combat brings a thrilling new dimension to the Napoleonic Wars as valiant warriors rise to Britain's defense by taking to the skies . . . not aboard aircraft but atop the mighty backs of fighting dragons.When HMS Reliant captures a French frigate and seizes its precious cargo, an unhatched dragon egg, fate sweeps Capt. Will Laurence from his seafaring life into an uncertain future--and an unexpected kinship with a most extraordinary creature. Thrust into the rarified world of the Aerial Corps as master of the dragon Temeraire, he will face a crash course in the daring tactics of airborne battle. For as France's own dragon-borne forces rally to breach British soil in Bonaparte's boldest gambit, Laurence and Temeraire must soar into their own baptism of fire.	[{'Fantasy': 3}, {'Fiction': 2}, {'Science Fiction': 1}, {'War': 1}, {'Young Adult': 1}, {'Adventure': 1}, {'Juvenile Fiction': 0}, {'Alternative histories (Fiction)': 0}, {'Loveable Characters': 17}, {'Strong Character Development': 15}, {'A mix driven': 12}, {'Not Diverse Characters': 10}, {'Plot driven': 2}, {'Character driven': 2}, {'Diverse Characters': 2}, {'calvin': 1}, {'Master & Commander': 1}, {'Weak Character Development': 0}, {'Adventurous': 21}, {'emotional': 8}, {'funny': 6}, {'lighthearted': 4}, {'tense': 3}, {'hopeful': 2}, {'challenging': 1}, {'sad': 1}]
4	9781596061460	His Majesty's Dragon	Naomi Novik	2005	Subterranean Press	Aerial combat brings a thrilling new dimension to the Napoleonic Wars as valiant warriors rise to Britain's defense by taking to the skies . . . not aboard aircraft but atop the mighty backs of fighting dragons.When HMS Reliant captures a French frigate and seizes its precious cargo, an unhatched dragon egg, fate sweeps Capt. Will Laurence from his seafaring life into an uncertain future--and an unexpected kinship with a most extraordinary creature. Thrust into the rarified world of the Aerial Corps as master of the dragon Temeraire, he will face a crash course in the daring tactics of airborne battle. For as France's own dragon-borne forces rally to breach British soil in Bonaparte's boldest gambit, Laurence and Temeraire must soar into their own baptism of fire.	[{'Fantasy': 3}, {'Fiction': 2}, {'Science Fiction': 1}, {'War': 1}, {'Young Adult': 1}, {'Adventure': 1}, {'Juvenile Fiction': 0}, {'Alternative histories (Fiction)': 0}, {'Loveable Characters': 17}, {'Strong Character Development': 15}, {'A mix driven': 12}, {'Not Diverse Characters': 10}, {'Plot driven': 2}, {'Character driven': 2}, {'Diverse Characters': 2}, {'calvin': 1}, {'Master & Commander': 1}, {'Weak Character Development': 0}, {'Adventurous': 21}, {'emotional': 8}, {'funny': 6}, {'lighthearted': 4}, {'tense': 3}, {'hopeful': 2}, {'challenging': 1}, {'sad': 1}]
4	9781415940167	His Majesty's Dragon	Naomi Novik	2005	Books on Tape	Aerial combat brings a thrilling new dimension to the Napoleonic Wars as valiant warriors rise to Britain's defense by taking to the skies . . . not aboard aircraft but atop the mighty backs of fighting dragons.When HMS Reliant captures a French frigate and seizes its precious cargo, an unhatched dragon egg, fate sweeps Capt. Will Laurence from his seafaring life into an uncertain future--and an unexpected kinship with a most extraordinary creature. Thrust into the rarified world of the Aerial Corps as master of the dragon Temeraire, he will face a crash course in the daring tactics of airborne battle. For as France's own dragon-borne forces rally to breach British soil in Bonaparte's boldest gambit, Laurence and Temeraire must soar into their own baptism of fire.	[{'Fantasy': 3}, {'Fiction': 2}, {'Science Fiction': 1}, {'War': 1}, {'Young Adult': 1}, {'Adventure': 1}, {'Juvenile Fiction': 0}, {'Alternative histories (Fiction)': 0}, {'Loveable Characters': 17}, {'Strong Character Development': 15}, {'A mix driven': 12}, {'Not Diverse Characters': 10}, {'Plot driven': 2}, {'Character driven': 2}, {'Diverse Characters': 2}, {'calvin': 1}, {'Master & Commander': 1}, {'Weak Character Development': 0}, {'Adventurous': 21}, {'emotional': 8}, {'funny': 6}, {'lighthearted': 4}, {'tense': 3}, {'hopeful': 2}, {'challenging': 1}, {'sad': 1}]
4	9780007451425	Temeraire	Naomi Novik	2005	Voyager	Aerial combat brings a thrilling new dimension to the Napoleonic Wars as valiant warriors rise to Britain's defense by taking to the skies . . . not aboard aircraft but atop the mighty backs of fighting dragons.When HMS Reliant captures a French frigate and seizes its precious cargo, an unhatched dragon egg, fate sweeps Capt. Will Laurence from his seafaring life into an uncertain future--and an unexpected kinship with a most extraordinary creature. Thrust into the rarified world of the Aerial Corps as master of the dragon Temeraire, he will face a crash course in the daring tactics of airborne battle. For as France's own dragon-borne forces rally to breach British soil in Bonaparte's boldest gambit, Laurence and Temeraire must soar into their own baptism of fire.	[{'Fantasy': 3}, {'Fiction': 2}, {'Science Fiction': 1}, {'War': 1}, {'Young Adult': 1}, {'Adventure': 1}, {'Juvenile Fiction': 0}, {'Alternative histories (Fiction)': 0}, {'Loveable Characters': 17}, {'Strong Character Development': 15}, {'A mix driven': 12}, {'Not Diverse Characters': 10}, {'Plot driven': 2}, {'Character driven': 2}, {'Diverse Characters': 2}, {'calvin': 1}, {'Master & Commander': 1}, {'Weak Character Development': 0}, {'Adventurous': 21}, {'emotional': 8}, {'funny': 6}, {'lighthearted': 4}, {'tense': 3}, {'hopeful': 2}, {'challenging': 1}, {'sad': 1}]
4	9788416517893	El Dragón de Su Majestad	Naomi Novik	2005	Ediciones Urano	Aerial combat brings a thrilling new dimension to the Napoleonic Wars as valiant warriors rise to Britain's defense by taking to the skies . . . not aboard aircraft but atop the mighty backs of fighting dragons.When HMS Reliant captures a French frigate and seizes its precious cargo, an unhatched dragon egg, fate sweeps Capt. Will Laurence from his seafaring life into an uncertain future--and an unexpected kinship with a most extraordinary creature. Thrust into the rarified world of the Aerial Corps as master of the dragon Temeraire, he will face a crash course in the daring tactics of airborne battle. For as France's own dragon-borne forces rally to breach British soil in Bonaparte's boldest gambit, Laurence and Temeraire must soar into their own baptism of fire.	[{'Fantasy': 3}, {'Fiction': 2}, {'Science Fiction': 1}, {'War': 1}, {'Young Adult': 1}, {'Adventure': 1}, {'Juvenile Fiction': 0}, {'Alternative histories (Fiction)': 0}, {'Loveable Characters': 17}, {'Strong Character Development': 15}, {'A mix driven': 12}, {'Not Diverse Characters': 10}, {'Plot driven': 2}, {'Character driven': 2}, {'Diverse Characters': 2}, {'calvin': 1}, {'Master & Commander': 1}, {'Weak Character Development': 0}, {'Adventurous': 21}, {'emotional': 8}, {'funny': 6}, {'lighthearted': 4}, {'tense': 3}, {'hopeful': 2}, {'challenging': 1}, {'sad': 1}]
4	9780593359549	His Majesty's Dragon	Naomi Novik	2005	Del Rey	Aerial combat brings a thrilling new dimension to the Napoleonic Wars as valiant warriors rise to Britain's defense by taking to the skies . . . not aboard aircraft but atop the mighty backs of fighting dragons.When HMS Reliant captures a French frigate and seizes its precious cargo, an unhatched dragon egg, fate sweeps Capt. Will Laurence from his seafaring life into an uncertain future--and an unexpected kinship with a most extraordinary creature. Thrust into the rarified world of the Aerial Corps as master of the dragon Temeraire, he will face a crash course in the daring tactics of airborne battle. For as France's own dragon-borne forces rally to breach British soil in Bonaparte's boldest gambit, Laurence and Temeraire must soar into their own baptism of fire.	[{'Fantasy': 3}, {'Fiction': 2}, {'Science Fiction': 1}, {'War': 1}, {'Young Adult': 1}, {'Adventure': 1}, {'Juvenile Fiction': 0}, {'Alternative histories (Fiction)': 0}, {'Loveable Characters': 17}, {'Strong Character Development': 15}, {'A mix driven': 12}, {'Not Diverse Characters': 10}, {'Plot driven': 2}, {'Character driven': 2}, {'Diverse Characters': 2}, {'calvin': 1}, {'Master & Commander': 1}, {'Weak Character Development': 0}, {'Adventurous': 21}, {'emotional': 8}, {'funny': 6}, {'lighthearted': 4}, {'tense': 3}, {'hopeful': 2}, {'challenging': 1}, {'sad': 1}]
4		Temeraire	Naomi Novik	2005	HarperCollins Publishers	Aerial combat brings a thrilling new dimension to the Napoleonic Wars as valiant warriors rise to Britain's defense by taking to the skies . . . not aboard aircraft but atop the mighty backs of fighting dragons.When HMS Reliant captures a French frigate and seizes its precious cargo, an unhatched dragon egg, fate sweeps Capt. Will Laurence from his seafaring life into an uncertain future--and an unexpected kinship with a most extraordinary creature. Thrust into the rarified world of the Aerial Corps as master of the dragon Temeraire, he will face a crash course in the daring tactics of airborne battle. For as France's own dragon-borne forces rally to breach British soil in Bonaparte's boldest gambit, Laurence and Temeraire must soar into their own baptism of fire.	[{'Fantasy': 3}, {'Fiction': 2}, {'Science Fiction': 1}, {'War': 1}, {'Young Adult': 1}, {'Adventure': 1}, {'Juvenile Fiction': 0}, {'Alternative histories (Fiction)': 0}, {'Loveable Characters': 17}, {'Strong Character Development': 15}, {'A mix driven': 12}, {'Not Diverse Characters': 10}, {'Plot driven': 2}, {'Character driven': 2}, {'Diverse Characters': 2}, {'calvin': 1}, {'Master & Commander': 1}, {'Weak Character Development': 0}, {'Adventurous': 21}, {'emotional': 8}, {'funny': 6}, {'lighthearted': 4}, {'tense': 3}, {'hopeful': 2}, {'challenging': 1}, {'sad': 1}]
4	9780007219100	Temeraire	Naomi Novik	2005	Voyager	Aerial combat brings a thrilling new dimension to the Napoleonic Wars as valiant warriors rise to Britain's defense by taking to the skies . . . not aboard aircraft but atop the mighty backs of fighting dragons.When HMS Reliant captures a French frigate and seizes its precious cargo, an unhatched dragon egg, fate sweeps Capt. Will Laurence from his seafaring life into an uncertain future--and an unexpected kinship with a most extraordinary creature. Thrust into the rarified world of the Aerial Corps as master of the dragon Temeraire, he will face a crash course in the daring tactics of airborne battle. For as France's own dragon-borne forces rally to breach British soil in Bonaparte's boldest gambit, Laurence and Temeraire must soar into their own baptism of fire.	[{'Fantasy': 3}, {'Fiction': 2}, {'Science Fiction': 1}, {'War': 1}, {'Young Adult': 1}, {'Adventure': 1}, {'Juvenile Fiction': 0}, {'Alternative histories (Fiction)': 0}, {'Loveable Characters': 17}, {'Strong Character Development': 15}, {'A mix driven': 12}, {'Not Diverse Characters': 10}, {'Plot driven': 2}, {'Character driven': 2}, {'Diverse Characters': 2}, {'calvin': 1}, {'Master & Commander': 1}, {'Weak Character Development': 0}, {'Adventurous': 21}, {'emotional': 8}, {'funny': 6}, {'lighthearted': 4}, {'tense': 3}, {'hopeful': 2}, {'challenging': 1}, {'sad': 1}]
4	9780739468715	Temeraire: In the Service of the King	Naomi Novik	2005	SFBC	Aerial combat brings a thrilling new dimension to the Napoleonic Wars as valiant warriors rise to Britain's defense by taking to the skies . . . not aboard aircraft but atop the mighty backs of fighting dragons.When HMS Reliant captures a French frigate and seizes its precious cargo, an unhatched dragon egg, fate sweeps Capt. Will Laurence from his seafaring life into an uncertain future--and an unexpected kinship with a most extraordinary creature. Thrust into the rarified world of the Aerial Corps as master of the dragon Temeraire, he will face a crash course in the daring tactics of airborne battle. For as France's own dragon-borne forces rally to breach British soil in Bonaparte's boldest gambit, Laurence and Temeraire must soar into their own baptism of fire.	[{'Fantasy': 3}, {'Fiction': 2}, {'Science Fiction': 1}, {'War': 1}, {'Young Adult': 1}, {'Adventure': 1}, {'Juvenile Fiction': 0}, {'Alternative histories (Fiction)': 0}, {'Loveable Characters': 17}, {'Strong Character Development': 15}, {'A mix driven': 12}, {'Not Diverse Characters': 10}, {'Plot driven': 2}, {'Character driven': 2}, {'Diverse Characters': 2}, {'calvin': 1}, {'Master & Commander': 1}, {'Weak Character Development': 0}, {'Adventurous': 21}, {'emotional': 8}, {'funny': 6}, {'lighthearted': 4}, {'tense': 3}, {'hopeful': 2}, {'challenging': 1}, {'sad': 1}]
4	9780007258710	Temeraire	Naomi Novik	2005	Harper Voyager	Aerial combat brings a thrilling new dimension to the Napoleonic Wars as valiant warriors rise to Britain's defense by taking to the skies . . . not aboard aircraft but atop the mighty backs of fighting dragons.When HMS Reliant captures a French frigate and seizes its precious cargo, an unhatched dragon egg, fate sweeps Capt. Will Laurence from his seafaring life into an uncertain future--and an unexpected kinship with a most extraordinary creature. Thrust into the rarified world of the Aerial Corps as master of the dragon Temeraire, he will face a crash course in the daring tactics of airborne battle. For as France's own dragon-borne forces rally to breach British soil in Bonaparte's boldest gambit, Laurence and Temeraire must soar into their own baptism of fire.	[{'Fantasy': 3}, {'Fiction': 2}, {'Science Fiction': 1}, {'War': 1}, {'Young Adult': 1}, {'Adventure': 1}, {'Juvenile Fiction': 0}, {'Alternative histories (Fiction)': 0}, {'Loveable Characters': 17}, {'Strong Character Development': 15}, {'A mix driven': 12}, {'Not Diverse Characters': 10}, {'Plot driven': 2}, {'Character driven': 2}, {'Diverse Characters': 2}, {'calvin': 1}, {'Master & Commander': 1}, {'Weak Character Development': 0}, {'Adventurous': 21}, {'emotional': 8}, {'funny': 6}, {'lighthearted': 4}, {'tense': 3}, {'hopeful': 2}, {'challenging': 1}, {'sad': 1}]
4	9781415940150	His Majesty's Dragon	Naomi Novik	2005	Random House Audio	Aerial combat brings a thrilling new dimension to the Napoleonic Wars as valiant warriors rise to Britain's defense by taking to the skies . . . not aboard aircraft but atop the mighty backs of fighting dragons.When HMS Reliant captures a French frigate and seizes its precious cargo, an unhatched dragon egg, fate sweeps Capt. Will Laurence from his seafaring life into an uncertain future--and an unexpected kinship with a most extraordinary creature. Thrust into the rarified world of the Aerial Corps as master of the dragon Temeraire, he will face a crash course in the daring tactics of airborne battle. For as France's own dragon-borne forces rally to breach British soil in Bonaparte's boldest gambit, Laurence and Temeraire must soar into their own baptism of fire.	[{'Fantasy': 3}, {'Fiction': 2}, {'Science Fiction': 1}, {'War': 1}, {'Young Adult': 1}, {'Adventure': 1}, {'Juvenile Fiction': 0}, {'Alternative histories (Fiction)': 0}, {'Loveable Characters': 17}, {'Strong Character Development': 15}, {'A mix driven': 12}, {'Not Diverse Characters': 10}, {'Plot driven': 2}, {'Character driven': 2}, {'Diverse Characters': 2}, {'calvin': 1}, {'Master & Commander': 1}, {'Weak Character Development': 0}, {'Adventurous': 21}, {'emotional': 8}, {'funny': 6}, {'lighthearted': 4}, {'tense': 3}, {'hopeful': 2}, {'challenging': 1}, {'sad': 1}]
4	9780007318551	Temeraire	Naomi Novik	2005	HarperCollins Publishers	Aerial combat brings a thrilling new dimension to the Napoleonic Wars as valiant warriors rise to Britain's defense by taking to the skies . . . not aboard aircraft but atop the mighty backs of fighting dragons.When HMS Reliant captures a French frigate and seizes its precious cargo, an unhatched dragon egg, fate sweeps Capt. Will Laurence from his seafaring life into an uncertain future--and an unexpected kinship with a most extraordinary creature. Thrust into the rarified world of the Aerial Corps as master of the dragon Temeraire, he will face a crash course in the daring tactics of airborne battle. For as France's own dragon-borne forces rally to breach British soil in Bonaparte's boldest gambit, Laurence and Temeraire must soar into their own baptism of fire.	[{'Fantasy': 3}, {'Fiction': 2}, {'Science Fiction': 1}, {'War': 1}, {'Young Adult': 1}, {'Adventure': 1}, {'Juvenile Fiction': 0}, {'Alternative histories (Fiction)': 0}, {'Loveable Characters': 17}, {'Strong Character Development': 15}, {'A mix driven': 12}, {'Not Diverse Characters': 10}, {'Plot driven': 2}, {'Character driven': 2}, {'Diverse Characters': 2}, {'calvin': 1}, {'Master & Commander': 1}, {'Weak Character Development': 0}, {'Adventurous': 21}, {'emotional': 8}, {'funny': 6}, {'lighthearted': 4}, {'tense': 3}, {'hopeful': 2}, {'challenging': 1}, {'sad': 1}]
4	9780739488423	Empire of Ivory	Naomi Novik	2005	Del Rey	Aerial combat brings a thrilling new dimension to the Napoleonic Wars as valiant warriors rise to Britain's defense by taking to the skies . . . not aboard aircraft but atop the mighty backs of fighting dragons.When HMS Reliant captures a French frigate and seizes its precious cargo, an unhatched dragon egg, fate sweeps Capt. Will Laurence from his seafaring life into an uncertain future--and an unexpected kinship with a most extraordinary creature. Thrust into the rarified world of the Aerial Corps as master of the dragon Temeraire, he will face a crash course in the daring tactics of airborne battle. For as France's own dragon-borne forces rally to breach British soil in Bonaparte's boldest gambit, Laurence and Temeraire must soar into their own baptism of fire.	[{'Fantasy': 3}, {'Fiction': 2}, {'Science Fiction': 1}, {'War': 1}, {'Young Adult': 1}, {'Adventure': 1}, {'Juvenile Fiction': 0}, {'Alternative histories (Fiction)': 0}, {'Loveable Characters': 17}, {'Strong Character Development': 15}, {'A mix driven': 12}, {'Not Diverse Characters': 10}, {'Plot driven': 2}, {'Character driven': 2}, {'Diverse Characters': 2}, {'calvin': 1}, {'Master & Commander': 1}, {'Weak Character Development': 0}, {'Adventurous': 21}, {'emotional': 8}, {'funny': 6}, {'lighthearted': 4}, {'tense': 3}, {'hopeful': 2}, {'challenging': 1}, {'sad': 1}]
4	9780007219094	Temeraire	Naomi Novik	2005	Voyager	Aerial combat brings a thrilling new dimension to the Napoleonic Wars as valiant warriors rise to Britain's defense by taking to the skies . . . not aboard aircraft but atop the mighty backs of fighting dragons.When HMS Reliant captures a French frigate and seizes its precious cargo, an unhatched dragon egg, fate sweeps Capt. Will Laurence from his seafaring life into an uncertain future--and an unexpected kinship with a most extraordinary creature. Thrust into the rarified world of the Aerial Corps as master of the dragon Temeraire, he will face a crash course in the daring tactics of airborne battle. For as France's own dragon-borne forces rally to breach British soil in Bonaparte's boldest gambit, Laurence and Temeraire must soar into their own baptism of fire.	[{'Fantasy': 3}, {'Fiction': 2}, {'Science Fiction': 1}, {'War': 1}, {'Young Adult': 1}, {'Adventure': 1}, {'Juvenile Fiction': 0}, {'Alternative histories (Fiction)': 0}, {'Loveable Characters': 17}, {'Strong Character Development': 15}, {'A mix driven': 12}, {'Not Diverse Characters': 10}, {'Plot driven': 2}, {'Character driven': 2}, {'Diverse Characters': 2}, {'calvin': 1}, {'Master & Commander': 1}, {'Weak Character Development': 0}, {'Adventurous': 21}, {'emotional': 8}, {'funny': 6}, {'lighthearted': 4}, {'tense': 3}, {'hopeful': 2}, {'challenging': 1}, {'sad': 1}]
4	9780345490728	His Majesty's Dragon	Naomi Novik	2005	Del Rey	Aerial combat brings a thrilling new dimension to the Napoleonic Wars as valiant warriors rise to Britain's defense by taking to the skies . . . not aboard aircraft but atop the mighty backs of fighting dragons.When HMS Reliant captures a French frigate and seizes its precious cargo, an unhatched dragon egg, fate sweeps Capt. Will Laurence from his seafaring life into an uncertain future--and an unexpected kinship with a most extraordinary creature. Thrust into the rarified world of the Aerial Corps as master of the dragon Temeraire, he will face a crash course in the daring tactics of airborne battle. For as France's own dragon-borne forces rally to breach British soil in Bonaparte's boldest gambit, Laurence and Temeraire must soar into their own baptism of fire.	[{'Fantasy': 3}, {'Fiction': 2}, {'Science Fiction': 1}, {'War': 1}, {'Young Adult': 1}, {'Adventure': 1}, {'Juvenile Fiction': 0}, {'Alternative histories (Fiction)': 0}, {'Loveable Characters': 17}, {'Strong Character Development': 15}, {'A mix driven': 12}, {'Not Diverse Characters': 10}, {'Plot driven': 2}, {'Character driven': 2}, {'Diverse Characters': 2}, {'calvin': 1}, {'Master & Commander': 1}, {'Weak Character Development': 0}, {'Adventurous': 21}, {'emotional': 8}, {'funny': 6}, {'lighthearted': 4}, {'tense': 3}, {'hopeful': 2}, {'challenging': 1}, {'sad': 1}]
4		His Majesty's Dragon	Naomi Novik	2005	Books on Tape	Aerial combat brings a thrilling new dimension to the Napoleonic Wars as valiant warriors rise to Britain's defense by taking to the skies . . . not aboard aircraft but atop the mighty backs of fighting dragons.When HMS Reliant captures a French frigate and seizes its precious cargo, an unhatched dragon egg, fate sweeps Capt. Will Laurence from his seafaring life into an uncertain future--and an unexpected kinship with a most extraordinary creature. Thrust into the rarified world of the Aerial Corps as master of the dragon Temeraire, he will face a crash course in the daring tactics of airborne battle. For as France's own dragon-borne forces rally to breach British soil in Bonaparte's boldest gambit, Laurence and Temeraire must soar into their own baptism of fire.	[{'Fantasy': 3}, {'Fiction': 2}, {'Science Fiction': 1}, {'War': 1}, {'Young Adult': 1}, {'Adventure': 1}, {'Juvenile Fiction': 0}, {'Alternative histories (Fiction)': 0}, {'Loveable Characters': 17}, {'Strong Character Development': 15}, {'A mix driven': 12}, {'Not Diverse Characters': 10}, {'Plot driven': 2}, {'Character driven': 2}, {'Diverse Characters': 2}, {'calvin': 1}, {'Master & Commander': 1}, {'Weak Character Development': 0}, {'Adventurous': 21}, {'emotional': 8}, {'funny': 6}, {'lighthearted': 4}, {'tense': 3}, {'hopeful': 2}, {'challenging': 1}, {'sad': 1}]
4	9780345481283	His Majesty's Dragon	Naomi Novik	2005	Del Rey Books	Aerial combat brings a thrilling new dimension to the Napoleonic Wars as valiant warriors rise to Britain's defense by taking to the skies . . . not aboard aircraft but atop the mighty backs of fighting dragons.When HMS Reliant captures a French frigate and seizes its precious cargo, an unhatched dragon egg, fate sweeps Capt. Will Laurence from his seafaring life into an uncertain future--and an unexpected kinship with a most extraordinary creature. Thrust into the rarified world of the Aerial Corps as master of the dragon Temeraire, he will face a crash course in the daring tactics of airborne battle. For as France's own dragon-borne forces rally to breach British soil in Bonaparte's boldest gambit, Laurence and Temeraire must soar into their own baptism of fire.	[{'Fantasy': 3}, {'Fiction': 2}, {'Science Fiction': 1}, {'War': 1}, {'Young Adult': 1}, {'Adventure': 1}, {'Juvenile Fiction': 0}, {'Alternative histories (Fiction)': 0}, {'Loveable Characters': 17}, {'Strong Character Development': 15}, {'A mix driven': 12}, {'Not Diverse Characters': 10}, {'Plot driven': 2}, {'Character driven': 2}, {'Diverse Characters': 2}, {'calvin': 1}, {'Master & Commander': 1}, {'Weak Character Development': 0}, {'Adventurous': 21}, {'emotional': 8}, {'funny': 6}, {'lighthearted': 4}, {'tense': 3}, {'hopeful': 2}, {'challenging': 1}, {'sad': 1}]
8		The Three-Body Problem	Cixin Liu	2006	Head of Zeus	"An alien civilization on the brink of destruction captures the signal and plans to invade Earth. 

Meanwhile, on Earth, different camps start forming, planning to either welcome the superior beings and help them take over a world seen as corrupt, or to fight against the invasion. 

The result is a science fiction masterpiece of enormous scope and vision."	[{'Science Fiction': 17}, {'Fiction': 7}, {'Aliens': 3}, {'Fantasy': 3}, {'Sci-fi': 2}, {'First contact': 2}, {'Science Fiction & Fantasy': 2}, {'General': 2}, {'Hard Science Fiction': 2}, {'China': 1}, {'Unloveable Characters': 60}, {'Weak Character Development': 58}, {'Plot driven': 58}, {'Not Diverse Characters': 41}, {'Diverse Characters': 26}, {'A mix driven': 18}, {'Strong Character Development': 13}, {'Loveable Characters': 9}, {'Character driven': 2}, {'audiobook': 2}, {'mysterious': 71}, {'challenging': 50}, {'dark': 40}, {'Adventurous': 35}, {'tense': 33}, {'reflective': 27}, {'informative': 21}, {'emotional': 6}, {'sad': 6}, {'slow-paced': 1}]
8	9781035909575	The Three-Body Problem	Cixin Liu	2006	Ad Astra	"An alien civilization on the brink of destruction captures the signal and plans to invade Earth. 

Meanwhile, on Earth, different camps start forming, planning to either welcome the superior beings and help them take over a world seen as corrupt, or to fight against the invasion. 

The result is a science fiction masterpiece of enormous scope and vision."	[{'Science Fiction': 17}, {'Fiction': 7}, {'Aliens': 3}, {'Fantasy': 3}, {'Sci-fi': 2}, {'First contact': 2}, {'Science Fiction & Fantasy': 2}, {'General': 2}, {'Hard Science Fiction': 2}, {'China': 1}, {'Unloveable Characters': 60}, {'Weak Character Development': 58}, {'Plot driven': 58}, {'Not Diverse Characters': 41}, {'Diverse Characters': 26}, {'A mix driven': 18}, {'Strong Character Development': 13}, {'Loveable Characters': 9}, {'Character driven': 2}, {'audiobook': 2}, {'mysterious': 71}, {'challenging': 50}, {'dark': 40}, {'Adventurous': 35}, {'tense': 33}, {'reflective': 27}, {'informative': 21}, {'emotional': 6}, {'sad': 6}, {'slow-paced': 1}]
8	9781784971540	The Three-Body Problem	Cixin Liu	2006	Bloomsbury Publishing	"An alien civilization on the brink of destruction captures the signal and plans to invade Earth. 

Meanwhile, on Earth, different camps start forming, planning to either welcome the superior beings and help them take over a world seen as corrupt, or to fight against the invasion. 

The result is a science fiction masterpiece of enormous scope and vision."	[{'Science Fiction': 17}, {'Fiction': 7}, {'Aliens': 3}, {'Fantasy': 3}, {'Sci-fi': 2}, {'First contact': 2}, {'Science Fiction & Fantasy': 2}, {'General': 2}, {'Hard Science Fiction': 2}, {'China': 1}, {'Unloveable Characters': 60}, {'Weak Character Development': 58}, {'Plot driven': 58}, {'Not Diverse Characters': 41}, {'Diverse Characters': 26}, {'A mix driven': 18}, {'Strong Character Development': 13}, {'Loveable Characters': 9}, {'Character driven': 2}, {'audiobook': 2}, {'mysterious': 71}, {'challenging': 50}, {'dark': 40}, {'Adventurous': 35}, {'tense': 33}, {'reflective': 27}, {'informative': 21}, {'emotional': 6}, {'sad': 6}, {'slow-paced': 1}]
8	9781510005778	The Three-Body Problem	Cixin Liu	2006	Clipper Audio	"An alien civilization on the brink of destruction captures the signal and plans to invade Earth. 

Meanwhile, on Earth, different camps start forming, planning to either welcome the superior beings and help them take over a world seen as corrupt, or to fight against the invasion. 

The result is a science fiction masterpiece of enormous scope and vision."	[{'Science Fiction': 17}, {'Fiction': 7}, {'Aliens': 3}, {'Fantasy': 3}, {'Sci-fi': 2}, {'First contact': 2}, {'Science Fiction & Fantasy': 2}, {'General': 2}, {'Hard Science Fiction': 2}, {'China': 1}, {'Unloveable Characters': 60}, {'Weak Character Development': 58}, {'Plot driven': 58}, {'Not Diverse Characters': 41}, {'Diverse Characters': 26}, {'A mix driven': 18}, {'Strong Character Development': 13}, {'Loveable Characters': 9}, {'Character driven': 2}, {'audiobook': 2}, {'mysterious': 71}, {'challenging': 50}, {'dark': 40}, {'Adventurous': 35}, {'tense': 33}, {'reflective': 27}, {'informative': 21}, {'emotional': 6}, {'sad': 6}, {'slow-paced': 1}]
8	9781784971571	The Three-Body Problem	Cixin Liu	2006	Head of Zeus	"An alien civilization on the brink of destruction captures the signal and plans to invade Earth. 

Meanwhile, on Earth, different camps start forming, planning to either welcome the superior beings and help them take over a world seen as corrupt, or to fight against the invasion. 

The result is a science fiction masterpiece of enormous scope and vision."	[{'Science Fiction': 17}, {'Fiction': 7}, {'Aliens': 3}, {'Fantasy': 3}, {'Sci-fi': 2}, {'First contact': 2}, {'Science Fiction & Fantasy': 2}, {'General': 2}, {'Hard Science Fiction': 2}, {'China': 1}, {'Unloveable Characters': 60}, {'Weak Character Development': 58}, {'Plot driven': 58}, {'Not Diverse Characters': 41}, {'Diverse Characters': 26}, {'A mix driven': 18}, {'Strong Character Development': 13}, {'Loveable Characters': 9}, {'Character driven': 2}, {'audiobook': 2}, {'mysterious': 71}, {'challenging': 50}, {'dark': 40}, {'Adventurous': 35}, {'tense': 33}, {'reflective': 27}, {'informative': 21}, {'emotional': 6}, {'sad': 6}, {'slow-paced': 1}]
8	9787229030933	死神永生	刘慈欣, Cixin Liu	2006	Chongqing chu ban she	"An alien civilization on the brink of destruction captures the signal and plans to invade Earth. 

Meanwhile, on Earth, different camps start forming, planning to either welcome the superior beings and help them take over a world seen as corrupt, or to fight against the invasion. 

The result is a science fiction masterpiece of enormous scope and vision."	[{'Science Fiction': 17}, {'Fiction': 7}, {'Aliens': 3}, {'Fantasy': 3}, {'Sci-fi': 2}, {'First contact': 2}, {'Science Fiction & Fantasy': 2}, {'General': 2}, {'Hard Science Fiction': 2}, {'China': 1}, {'Unloveable Characters': 60}, {'Weak Character Development': 58}, {'Plot driven': 58}, {'Not Diverse Characters': 41}, {'Diverse Characters': 26}, {'A mix driven': 18}, {'Strong Character Development': 13}, {'Loveable Characters': 9}, {'Character driven': 2}, {'audiobook': 2}, {'mysterious': 71}, {'challenging': 50}, {'dark': 40}, {'Adventurous': 35}, {'tense': 33}, {'reflective': 27}, {'informative': 21}, {'emotional': 6}, {'sad': 6}, {'slow-paced': 1}]
8	9781510015470	The Three-Body Problem	Cixin Liu	2006	Avid Audio	"An alien civilization on the brink of destruction captures the signal and plans to invade Earth. 

Meanwhile, on Earth, different camps start forming, planning to either welcome the superior beings and help them take over a world seen as corrupt, or to fight against the invasion. 

The result is a science fiction masterpiece of enormous scope and vision."	[{'Science Fiction': 17}, {'Fiction': 7}, {'Aliens': 3}, {'Fantasy': 3}, {'Sci-fi': 2}, {'First contact': 2}, {'Science Fiction & Fantasy': 2}, {'General': 2}, {'Hard Science Fiction': 2}, {'China': 1}, {'Unloveable Characters': 60}, {'Weak Character Development': 58}, {'Plot driven': 58}, {'Not Diverse Characters': 41}, {'Diverse Characters': 26}, {'A mix driven': 18}, {'Strong Character Development': 13}, {'Loveable Characters': 9}, {'Character driven': 2}, {'audiobook': 2}, {'mysterious': 71}, {'challenging': 50}, {'dark': 40}, {'Adventurous': 35}, {'tense': 33}, {'reflective': 27}, {'informative': 21}, {'emotional': 6}, {'sad': 6}, {'slow-paced': 1}]
8	9781784971557	The Three-Body Problem	Cixin Liu	2006	Head of Zeus	"An alien civilization on the brink of destruction captures the signal and plans to invade Earth. 

Meanwhile, on Earth, different camps start forming, planning to either welcome the superior beings and help them take over a world seen as corrupt, or to fight against the invasion. 

The result is a science fiction masterpiece of enormous scope and vision."	[{'Science Fiction': 17}, {'Fiction': 7}, {'Aliens': 3}, {'Fantasy': 3}, {'Sci-fi': 2}, {'First contact': 2}, {'Science Fiction & Fantasy': 2}, {'General': 2}, {'Hard Science Fiction': 2}, {'China': 1}, {'Unloveable Characters': 60}, {'Weak Character Development': 58}, {'Plot driven': 58}, {'Not Diverse Characters': 41}, {'Diverse Characters': 26}, {'A mix driven': 18}, {'Strong Character Development': 13}, {'Loveable Characters': 9}, {'Character driven': 2}, {'audiobook': 2}, {'mysterious': 71}, {'challenging': 50}, {'dark': 40}, {'Adventurous': 35}, {'tense': 33}, {'reflective': 27}, {'informative': 21}, {'emotional': 6}, {'sad': 6}, {'slow-paced': 1}]
8	9780765377074	The Three-Body Problem	Cixin Liu	2006	Tor Science Fiction	"An alien civilization on the brink of destruction captures the signal and plans to invade Earth. 

Meanwhile, on Earth, different camps start forming, planning to either welcome the superior beings and help them take over a world seen as corrupt, or to fight against the invasion. 

The result is a science fiction masterpiece of enormous scope and vision."	[{'Science Fiction': 17}, {'Fiction': 7}, {'Aliens': 3}, {'Fantasy': 3}, {'Sci-fi': 2}, {'First contact': 2}, {'Science Fiction & Fantasy': 2}, {'General': 2}, {'Hard Science Fiction': 2}, {'China': 1}, {'Unloveable Characters': 60}, {'Weak Character Development': 58}, {'Plot driven': 58}, {'Not Diverse Characters': 41}, {'Diverse Characters': 26}, {'A mix driven': 18}, {'Strong Character Development': 13}, {'Loveable Characters': 9}, {'Character driven': 2}, {'audiobook': 2}, {'mysterious': 71}, {'challenging': 50}, {'dark': 40}, {'Adventurous': 35}, {'tense': 33}, {'reflective': 27}, {'informative': 21}, {'emotional': 6}, {'sad': 6}, {'slow-paced': 1}]
8	9781035912421	The Three-Body Problem	Cixin Liu	2006	Head of Zeus	"An alien civilization on the brink of destruction captures the signal and plans to invade Earth. 

Meanwhile, on Earth, different camps start forming, planning to either welcome the superior beings and help them take over a world seen as corrupt, or to fight against the invasion. 

The result is a science fiction masterpiece of enormous scope and vision."	[{'Science Fiction': 17}, {'Fiction': 7}, {'Aliens': 3}, {'Fantasy': 3}, {'Sci-fi': 2}, {'First contact': 2}, {'Science Fiction & Fantasy': 2}, {'General': 2}, {'Hard Science Fiction': 2}, {'China': 1}, {'Unloveable Characters': 60}, {'Weak Character Development': 58}, {'Plot driven': 58}, {'Not Diverse Characters': 41}, {'Diverse Characters': 26}, {'A mix driven': 18}, {'Strong Character Development': 13}, {'Loveable Characters': 9}, {'Character driven': 2}, {'audiobook': 2}, {'mysterious': 71}, {'challenging': 50}, {'dark': 40}, {'Adventurous': 35}, {'tense': 33}, {'reflective': 27}, {'informative': 21}, {'emotional': 6}, {'sad': 6}, {'slow-paced': 1}]
8	9781035911929	The Three-Body Problem	Cixin Liu	2006	Head of Zeus	"An alien civilization on the brink of destruction captures the signal and plans to invade Earth. 

Meanwhile, on Earth, different camps start forming, planning to either welcome the superior beings and help them take over a world seen as corrupt, or to fight against the invasion. 

The result is a science fiction masterpiece of enormous scope and vision."	[{'Science Fiction': 17}, {'Fiction': 7}, {'Aliens': 3}, {'Fantasy': 3}, {'Sci-fi': 2}, {'First contact': 2}, {'Science Fiction & Fantasy': 2}, {'General': 2}, {'Hard Science Fiction': 2}, {'China': 1}, {'Unloveable Characters': 60}, {'Weak Character Development': 58}, {'Plot driven': 58}, {'Not Diverse Characters': 41}, {'Diverse Characters': 26}, {'A mix driven': 18}, {'Strong Character Development': 13}, {'Loveable Characters': 9}, {'Character driven': 2}, {'audiobook': 2}, {'mysterious': 71}, {'challenging': 50}, {'dark': 40}, {'Adventurous': 35}, {'tense': 33}, {'reflective': 27}, {'informative': 21}, {'emotional': 6}, {'sad': 6}, {'slow-paced': 1}]
8	9781800249172	Remembrance of Earth's Past: The Three-Body Trilogy	Cixin Liu	2006	Head of Zeus	"An alien civilization on the brink of destruction captures the signal and plans to invade Earth. 

Meanwhile, on Earth, different camps start forming, planning to either welcome the superior beings and help them take over a world seen as corrupt, or to fight against the invasion. 

The result is a science fiction masterpiece of enormous scope and vision."	[{'Science Fiction': 17}, {'Fiction': 7}, {'Aliens': 3}, {'Fantasy': 3}, {'Sci-fi': 2}, {'First contact': 2}, {'Science Fiction & Fantasy': 2}, {'General': 2}, {'Hard Science Fiction': 2}, {'China': 1}, {'Unloveable Characters': 60}, {'Weak Character Development': 58}, {'Plot driven': 58}, {'Not Diverse Characters': 41}, {'Diverse Characters': 26}, {'A mix driven': 18}, {'Strong Character Development': 13}, {'Loveable Characters': 9}, {'Character driven': 2}, {'audiobook': 2}, {'mysterious': 71}, {'challenging': 50}, {'dark': 40}, {'Adventurous': 35}, {'tense': 33}, {'reflective': 27}, {'informative': 21}, {'emotional': 6}, {'sad': 6}, {'slow-paced': 1}]
8	9781466853447	The Three-Body Problem	Cixin Liu	2006	Tor Books	"An alien civilization on the brink of destruction captures the signal and plans to invade Earth. 

Meanwhile, on Earth, different camps start forming, planning to either welcome the superior beings and help them take over a world seen as corrupt, or to fight against the invasion. 

The result is a science fiction masterpiece of enormous scope and vision."	[{'Science Fiction': 17}, {'Fiction': 7}, {'Aliens': 3}, {'Fantasy': 3}, {'Sci-fi': 2}, {'First contact': 2}, {'Science Fiction & Fantasy': 2}, {'General': 2}, {'Hard Science Fiction': 2}, {'China': 1}, {'Unloveable Characters': 60}, {'Weak Character Development': 58}, {'Plot driven': 58}, {'Not Diverse Characters': 41}, {'Diverse Characters': 26}, {'A mix driven': 18}, {'Strong Character Development': 13}, {'Loveable Characters': 9}, {'Character driven': 2}, {'audiobook': 2}, {'mysterious': 71}, {'challenging': 50}, {'dark': 40}, {'Adventurous': 35}, {'tense': 33}, {'reflective': 27}, {'informative': 21}, {'emotional': 6}, {'sad': 6}, {'slow-paced': 1}]
8	9781427251992	The Three-Body Problem	Cixin Liu	2006	Macmillan Audio	"An alien civilization on the brink of destruction captures the signal and plans to invade Earth. 

Meanwhile, on Earth, different camps start forming, planning to either welcome the superior beings and help them take over a world seen as corrupt, or to fight against the invasion. 

The result is a science fiction masterpiece of enormous scope and vision."	[{'Science Fiction': 17}, {'Fiction': 7}, {'Aliens': 3}, {'Fantasy': 3}, {'Sci-fi': 2}, {'First contact': 2}, {'Science Fiction & Fantasy': 2}, {'General': 2}, {'Hard Science Fiction': 2}, {'China': 1}, {'Unloveable Characters': 60}, {'Weak Character Development': 58}, {'Plot driven': 58}, {'Not Diverse Characters': 41}, {'Diverse Characters': 26}, {'A mix driven': 18}, {'Strong Character Development': 13}, {'Loveable Characters': 9}, {'Character driven': 2}, {'audiobook': 2}, {'mysterious': 71}, {'challenging': 50}, {'dark': 40}, {'Adventurous': 35}, {'tense': 33}, {'reflective': 27}, {'informative': 21}, {'emotional': 6}, {'sad': 6}, {'slow-paced': 1}]
8		The Three-Body Problem, Part One	Cai  Jin, Ge Wendi, BO MU, Cixin Liu	2006	Zhejiang Literature and Art Publishing House	"An alien civilization on the brink of destruction captures the signal and plans to invade Earth. 

Meanwhile, on Earth, different camps start forming, planning to either welcome the superior beings and help them take over a world seen as corrupt, or to fight against the invasion. 

The result is a science fiction masterpiece of enormous scope and vision."	[{'Science Fiction': 17}, {'Fiction': 7}, {'Aliens': 3}, {'Fantasy': 3}, {'Sci-fi': 2}, {'First contact': 2}, {'Science Fiction & Fantasy': 2}, {'General': 2}, {'Hard Science Fiction': 2}, {'China': 1}, {'Unloveable Characters': 60}, {'Weak Character Development': 58}, {'Plot driven': 58}, {'Not Diverse Characters': 41}, {'Diverse Characters': 26}, {'A mix driven': 18}, {'Strong Character Development': 13}, {'Loveable Characters': 9}, {'Character driven': 2}, {'audiobook': 2}, {'mysterious': 71}, {'challenging': 50}, {'dark': 40}, {'Adventurous': 35}, {'tense': 33}, {'reflective': 27}, {'informative': 21}, {'emotional': 6}, {'sad': 6}, {'slow-paced': 1}]
8		The Three-Body Problem	Cixin Liu	2006	Tor Books	"An alien civilization on the brink of destruction captures the signal and plans to invade Earth. 

Meanwhile, on Earth, different camps start forming, planning to either welcome the superior beings and help them take over a world seen as corrupt, or to fight against the invasion. 

The result is a science fiction masterpiece of enormous scope and vision."	[{'Science Fiction': 17}, {'Fiction': 7}, {'Aliens': 3}, {'Fantasy': 3}, {'Sci-fi': 2}, {'First contact': 2}, {'Science Fiction & Fantasy': 2}, {'General': 2}, {'Hard Science Fiction': 2}, {'China': 1}, {'Unloveable Characters': 60}, {'Weak Character Development': 58}, {'Plot driven': 58}, {'Not Diverse Characters': 41}, {'Diverse Characters': 26}, {'A mix driven': 18}, {'Strong Character Development': 13}, {'Loveable Characters': 9}, {'Character driven': 2}, {'audiobook': 2}, {'mysterious': 71}, {'challenging': 50}, {'dark': 40}, {'Adventurous': 35}, {'tense': 33}, {'reflective': 27}, {'informative': 21}, {'emotional': 6}, {'sad': 6}, {'slow-paced': 1}]
8	9780765377067	The Three-Body Problem	Cixin Liu	2006	Macmillan	"An alien civilization on the brink of destruction captures the signal and plans to invade Earth. 

Meanwhile, on Earth, different camps start forming, planning to either welcome the superior beings and help them take over a world seen as corrupt, or to fight against the invasion. 

The result is a science fiction masterpiece of enormous scope and vision."	[{'Science Fiction': 17}, {'Fiction': 7}, {'Aliens': 3}, {'Fantasy': 3}, {'Sci-fi': 2}, {'First contact': 2}, {'Science Fiction & Fantasy': 2}, {'General': 2}, {'Hard Science Fiction': 2}, {'China': 1}, {'Unloveable Characters': 60}, {'Weak Character Development': 58}, {'Plot driven': 58}, {'Not Diverse Characters': 41}, {'Diverse Characters': 26}, {'A mix driven': 18}, {'Strong Character Development': 13}, {'Loveable Characters': 9}, {'Character driven': 2}, {'audiobook': 2}, {'mysterious': 71}, {'challenging': 50}, {'dark': 40}, {'Adventurous': 35}, {'tense': 33}, {'reflective': 27}, {'informative': 21}, {'emotional': 6}, {'sad': 6}, {'slow-paced': 1}]
8	9780765382030	The Three-Body Problem	Cixin Liu	2006	Tor Books	"An alien civilization on the brink of destruction captures the signal and plans to invade Earth. 

Meanwhile, on Earth, different camps start forming, planning to either welcome the superior beings and help them take over a world seen as corrupt, or to fight against the invasion. 

The result is a science fiction masterpiece of enormous scope and vision."	[{'Science Fiction': 17}, {'Fiction': 7}, {'Aliens': 3}, {'Fantasy': 3}, {'Sci-fi': 2}, {'First contact': 2}, {'Science Fiction & Fantasy': 2}, {'General': 2}, {'Hard Science Fiction': 2}, {'China': 1}, {'Unloveable Characters': 60}, {'Weak Character Development': 58}, {'Plot driven': 58}, {'Not Diverse Characters': 41}, {'Diverse Characters': 26}, {'A mix driven': 18}, {'Strong Character Development': 13}, {'Loveable Characters': 9}, {'Character driven': 2}, {'audiobook': 2}, {'mysterious': 71}, {'challenging': 50}, {'dark': 40}, {'Adventurous': 35}, {'tense': 33}, {'reflective': 27}, {'informative': 21}, {'emotional': 6}, {'sad': 6}, {'slow-paced': 1}]
8	9781427265838	The Three-Body Problem	Cixin Liu	2006	Macmillan Audio	"An alien civilization on the brink of destruction captures the signal and plans to invade Earth. 

Meanwhile, on Earth, different camps start forming, planning to either welcome the superior beings and help them take over a world seen as corrupt, or to fight against the invasion. 

The result is a science fiction masterpiece of enormous scope and vision."	[{'Science Fiction': 17}, {'Fiction': 7}, {'Aliens': 3}, {'Fantasy': 3}, {'Sci-fi': 2}, {'First contact': 2}, {'Science Fiction & Fantasy': 2}, {'General': 2}, {'Hard Science Fiction': 2}, {'China': 1}, {'Unloveable Characters': 60}, {'Weak Character Development': 58}, {'Plot driven': 58}, {'Not Diverse Characters': 41}, {'Diverse Characters': 26}, {'A mix driven': 18}, {'Strong Character Development': 13}, {'Loveable Characters': 9}, {'Character driven': 2}, {'audiobook': 2}, {'mysterious': 71}, {'challenging': 50}, {'dark': 40}, {'Adventurous': 35}, {'tense': 33}, {'reflective': 27}, {'informative': 21}, {'emotional': 6}, {'sad': 6}, {'slow-paced': 1}]
8	9781800246683	The Three-Body Problem	Cixin Liu	2006	Head of Zeus	"An alien civilization on the brink of destruction captures the signal and plans to invade Earth. 

Meanwhile, on Earth, different camps start forming, planning to either welcome the superior beings and help them take over a world seen as corrupt, or to fight against the invasion. 

The result is a science fiction masterpiece of enormous scope and vision."	[{'Science Fiction': 17}, {'Fiction': 7}, {'Aliens': 3}, {'Fantasy': 3}, {'Sci-fi': 2}, {'First contact': 2}, {'Science Fiction & Fantasy': 2}, {'General': 2}, {'Hard Science Fiction': 2}, {'China': 1}, {'Unloveable Characters': 60}, {'Weak Character Development': 58}, {'Plot driven': 58}, {'Not Diverse Characters': 41}, {'Diverse Characters': 26}, {'A mix driven': 18}, {'Strong Character Development': 13}, {'Loveable Characters': 9}, {'Character driven': 2}, {'audiobook': 2}, {'mysterious': 71}, {'challenging': 50}, {'dark': 40}, {'Adventurous': 35}, {'tense': 33}, {'reflective': 27}, {'informative': 21}, {'emotional': 6}, {'sad': 6}, {'slow-paced': 1}]
8	9781788543002	The Three-Body Problem	Cixin Liu	2006	Head of Zeus	"An alien civilization on the brink of destruction captures the signal and plans to invade Earth. 

Meanwhile, on Earth, different camps start forming, planning to either welcome the superior beings and help them take over a world seen as corrupt, or to fight against the invasion. 

The result is a science fiction masterpiece of enormous scope and vision."	[{'Science Fiction': 17}, {'Fiction': 7}, {'Aliens': 3}, {'Fantasy': 3}, {'Sci-fi': 2}, {'First contact': 2}, {'Science Fiction & Fantasy': 2}, {'General': 2}, {'Hard Science Fiction': 2}, {'China': 1}, {'Unloveable Characters': 60}, {'Weak Character Development': 58}, {'Plot driven': 58}, {'Not Diverse Characters': 41}, {'Diverse Characters': 26}, {'A mix driven': 18}, {'Strong Character Development': 13}, {'Loveable Characters': 9}, {'Character driven': 2}, {'audiobook': 2}, {'mysterious': 71}, {'challenging': 50}, {'dark': 40}, {'Adventurous': 35}, {'tense': 33}, {'reflective': 27}, {'informative': 21}, {'emotional': 6}, {'sad': 6}, {'slow-paced': 1}]
8	9781510003972	The Three-Body Problem	Cixin Liu	2006	Howes Limited, W. F.	"An alien civilization on the brink of destruction captures the signal and plans to invade Earth. 

Meanwhile, on Earth, different camps start forming, planning to either welcome the superior beings and help them take over a world seen as corrupt, or to fight against the invasion. 

The result is a science fiction masterpiece of enormous scope and vision."	[{'Science Fiction': 17}, {'Fiction': 7}, {'Aliens': 3}, {'Fantasy': 3}, {'Sci-fi': 2}, {'First contact': 2}, {'Science Fiction & Fantasy': 2}, {'General': 2}, {'Hard Science Fiction': 2}, {'China': 1}, {'Unloveable Characters': 60}, {'Weak Character Development': 58}, {'Plot driven': 58}, {'Not Diverse Characters': 41}, {'Diverse Characters': 26}, {'A mix driven': 18}, {'Strong Character Development': 13}, {'Loveable Characters': 9}, {'Character driven': 2}, {'audiobook': 2}, {'mysterious': 71}, {'challenging': 50}, {'dark': 40}, {'Adventurous': 35}, {'tense': 33}, {'reflective': 27}, {'informative': 21}, {'emotional': 6}, {'sad': 6}, {'slow-paced': 1}]
8	9781803284958	The Three-Body Problem Trilogy	Cixin Liu	2006	Head of Zeus	"An alien civilization on the brink of destruction captures the signal and plans to invade Earth. 

Meanwhile, on Earth, different camps start forming, planning to either welcome the superior beings and help them take over a world seen as corrupt, or to fight against the invasion. 

The result is a science fiction masterpiece of enormous scope and vision."	[{'Science Fiction': 17}, {'Fiction': 7}, {'Aliens': 3}, {'Fantasy': 3}, {'Sci-fi': 2}, {'First contact': 2}, {'Science Fiction & Fantasy': 2}, {'General': 2}, {'Hard Science Fiction': 2}, {'China': 1}, {'Unloveable Characters': 60}, {'Weak Character Development': 58}, {'Plot driven': 58}, {'Not Diverse Characters': 41}, {'Diverse Characters': 26}, {'A mix driven': 18}, {'Strong Character Development': 13}, {'Loveable Characters': 9}, {'Character driven': 2}, {'audiobook': 2}, {'mysterious': 71}, {'challenging': 50}, {'dark': 40}, {'Adventurous': 35}, {'tense': 33}, {'reflective': 27}, {'informative': 21}, {'emotional': 6}, {'sad': 6}, {'slow-paced': 1}]
8	9788466659734	El problema de los tres cuerpos	Cixin Liu	2006	National Geographic Books	"An alien civilization on the brink of destruction captures the signal and plans to invade Earth. 

Meanwhile, on Earth, different camps start forming, planning to either welcome the superior beings and help them take over a world seen as corrupt, or to fight against the invasion. 

The result is a science fiction masterpiece of enormous scope and vision."	[{'Science Fiction': 17}, {'Fiction': 7}, {'Aliens': 3}, {'Fantasy': 3}, {'Sci-fi': 2}, {'First contact': 2}, {'Science Fiction & Fantasy': 2}, {'General': 2}, {'Hard Science Fiction': 2}, {'China': 1}, {'Unloveable Characters': 60}, {'Weak Character Development': 58}, {'Plot driven': 58}, {'Not Diverse Characters': 41}, {'Diverse Characters': 26}, {'A mix driven': 18}, {'Strong Character Development': 13}, {'Loveable Characters': 9}, {'Character driven': 2}, {'audiobook': 2}, {'mysterious': 71}, {'challenging': 50}, {'dark': 40}, {'Adventurous': 35}, {'tense': 33}, {'reflective': 27}, {'informative': 21}, {'emotional': 6}, {'sad': 6}, {'slow-paced': 1}]
8	9781510046603	The Three-Body Problem	Cixin Liu	2006	WF Howes Ltd	"An alien civilization on the brink of destruction captures the signal and plans to invade Earth. 

Meanwhile, on Earth, different camps start forming, planning to either welcome the superior beings and help them take over a world seen as corrupt, or to fight against the invasion. 

The result is a science fiction masterpiece of enormous scope and vision."	[{'Science Fiction': 17}, {'Fiction': 7}, {'Aliens': 3}, {'Fantasy': 3}, {'Sci-fi': 2}, {'First contact': 2}, {'Science Fiction & Fantasy': 2}, {'General': 2}, {'Hard Science Fiction': 2}, {'China': 1}, {'Unloveable Characters': 60}, {'Weak Character Development': 58}, {'Plot driven': 58}, {'Not Diverse Characters': 41}, {'Diverse Characters': 26}, {'A mix driven': 18}, {'Strong Character Development': 13}, {'Loveable Characters': 9}, {'Character driven': 2}, {'audiobook': 2}, {'mysterious': 71}, {'challenging': 50}, {'dark': 40}, {'Adventurous': 35}, {'tense': 33}, {'reflective': 27}, {'informative': 21}, {'emotional': 6}, {'sad': 6}, {'slow-paced': 1}]
9	9781429946407	The Goblin Emperor	Katherine Addison	2014	Tor Books	"The youngest, half-goblin son of the Emperor has lived his entire life in exile, distant from the Imperial Court and the deadly intrigue that suffuses it. But when his father and three sons in line for the throne are killed in an ""accident,"" he has no choice but to take his place as the only surviving rightful heir.

Entirely unschooled in the art of court politics, he has no friends, no advisors, and the sure knowledge that whoever assassinated his father and brothers could make an attempt on his life at any moment.

Surrounded by sycophants eager to curry favor with the naïve new emperor, and overwhelmed by the burdens of his new life, he can trust nobody. Amid the swirl of plots to depose him, offers of arranged marriages, and the specter of the unknown conspirators who lurk in the shadows, he must quickly adjust to life as the Goblin Emperor. All the while, he is alone, and trying to find even a single friend... and hoping for the possibility of romance, yet also vigilant against the unseen enemies that threaten him, lest he lose his throne – or his life."	[{'Fantasy': 8}, {'Fiction': 2}, {'Science Fiction & Fantasy': 2}, {'Young Adult': 1}, {'Romance': 1}, {'Adventure': 1}, {'Science Fiction': 1}, {'Loveable Characters': 14}, {'Strong Character Development': 13}, {'Diverse Characters': 11}, {'Character driven': 9}, {'A mix driven': 4}, {'female author': 2}, {'Plot driven': 1}, {'United States': 1}, {'2014': 1}, {'Written by Women': 1}, {'hopeful': 14}, {'emotional': 7}, {'inspiring': 5}, {'reflective': 4}, {'Adventurous': 2}, {'mysterious': 2}, {'dark': 2}, {'relaxing': 1}, {'Cosy': 1}, {'1735854355092': 1}]
9	9780765365682	The Goblin Emperor	Katherine Addison	2014	Tor Fantasy	"The youngest, half-goblin son of the Emperor has lived his entire life in exile, distant from the Imperial Court and the deadly intrigue that suffuses it. But when his father and three sons in line for the throne are killed in an ""accident,"" he has no choice but to take his place as the only surviving rightful heir.

Entirely unschooled in the art of court politics, he has no friends, no advisors, and the sure knowledge that whoever assassinated his father and brothers could make an attempt on his life at any moment.

Surrounded by sycophants eager to curry favor with the naïve new emperor, and overwhelmed by the burdens of his new life, he can trust nobody. Amid the swirl of plots to depose him, offers of arranged marriages, and the specter of the unknown conspirators who lurk in the shadows, he must quickly adjust to life as the Goblin Emperor. All the while, he is alone, and trying to find even a single friend... and hoping for the possibility of romance, yet also vigilant against the unseen enemies that threaten him, lest he lose his throne – or his life."	[{'Fantasy': 8}, {'Fiction': 2}, {'Science Fiction & Fantasy': 2}, {'Young Adult': 1}, {'Romance': 1}, {'Adventure': 1}, {'Science Fiction': 1}, {'Loveable Characters': 14}, {'Strong Character Development': 13}, {'Diverse Characters': 11}, {'Character driven': 9}, {'A mix driven': 4}, {'female author': 2}, {'Plot driven': 1}, {'United States': 1}, {'2014': 1}, {'Written by Women': 1}, {'hopeful': 14}, {'emotional': 7}, {'inspiring': 5}, {'reflective': 4}, {'Adventurous': 2}, {'mysterious': 2}, {'dark': 2}, {'relaxing': 1}, {'Cosy': 1}, {'1735854355092': 1}]
9	9781250812421	The Goblin Emperor	Katherine Addison	2014	Macmillan Audio	"The youngest, half-goblin son of the Emperor has lived his entire life in exile, distant from the Imperial Court and the deadly intrigue that suffuses it. But when his father and three sons in line for the throne are killed in an ""accident,"" he has no choice but to take his place as the only surviving rightful heir.

Entirely unschooled in the art of court politics, he has no friends, no advisors, and the sure knowledge that whoever assassinated his father and brothers could make an attempt on his life at any moment.

Surrounded by sycophants eager to curry favor with the naïve new emperor, and overwhelmed by the burdens of his new life, he can trust nobody. Amid the swirl of plots to depose him, offers of arranged marriages, and the specter of the unknown conspirators who lurk in the shadows, he must quickly adjust to life as the Goblin Emperor. All the while, he is alone, and trying to find even a single friend... and hoping for the possibility of romance, yet also vigilant against the unseen enemies that threaten him, lest he lose his throne – or his life."	[{'Fantasy': 8}, {'Fiction': 2}, {'Science Fiction & Fantasy': 2}, {'Young Adult': 1}, {'Romance': 1}, {'Adventure': 1}, {'Science Fiction': 1}, {'Loveable Characters': 14}, {'Strong Character Development': 13}, {'Diverse Characters': 11}, {'Character driven': 9}, {'A mix driven': 4}, {'female author': 2}, {'Plot driven': 1}, {'United States': 1}, {'2014': 1}, {'Written by Women': 1}, {'hopeful': 14}, {'emotional': 7}, {'inspiring': 5}, {'reflective': 4}, {'Adventurous': 2}, {'mysterious': 2}, {'dark': 2}, {'relaxing': 1}, {'Cosy': 1}, {'1735854355092': 1}]
9	9781494572778	The Goblin Emperor	Katherine Addison	2014	Tantor Media	"The youngest, half-goblin son of the Emperor has lived his entire life in exile, distant from the Imperial Court and the deadly intrigue that suffuses it. But when his father and three sons in line for the throne are killed in an ""accident,"" he has no choice but to take his place as the only surviving rightful heir.

Entirely unschooled in the art of court politics, he has no friends, no advisors, and the sure knowledge that whoever assassinated his father and brothers could make an attempt on his life at any moment.

Surrounded by sycophants eager to curry favor with the naïve new emperor, and overwhelmed by the burdens of his new life, he can trust nobody. Amid the swirl of plots to depose him, offers of arranged marriages, and the specter of the unknown conspirators who lurk in the shadows, he must quickly adjust to life as the Goblin Emperor. All the while, he is alone, and trying to find even a single friend... and hoping for the possibility of romance, yet also vigilant against the unseen enemies that threaten him, lest he lose his throne – or his life."	[{'Fantasy': 8}, {'Fiction': 2}, {'Science Fiction & Fantasy': 2}, {'Young Adult': 1}, {'Romance': 1}, {'Adventure': 1}, {'Science Fiction': 1}, {'Loveable Characters': 14}, {'Strong Character Development': 13}, {'Diverse Characters': 11}, {'Character driven': 9}, {'A mix driven': 4}, {'female author': 2}, {'Plot driven': 1}, {'United States': 1}, {'2014': 1}, {'Written by Women': 1}, {'hopeful': 14}, {'emotional': 7}, {'inspiring': 5}, {'reflective': 4}, {'Adventurous': 2}, {'mysterious': 2}, {'dark': 2}, {'relaxing': 1}, {'Cosy': 1}, {'1735854355092': 1}]
9	9781250303790	The Goblin Emperor	Katherine Addison	2014	Tor Books	"The youngest, half-goblin son of the Emperor has lived his entire life in exile, distant from the Imperial Court and the deadly intrigue that suffuses it. But when his father and three sons in line for the throne are killed in an ""accident,"" he has no choice but to take his place as the only surviving rightful heir.

Entirely unschooled in the art of court politics, he has no friends, no advisors, and the sure knowledge that whoever assassinated his father and brothers could make an attempt on his life at any moment.

Surrounded by sycophants eager to curry favor with the naïve new emperor, and overwhelmed by the burdens of his new life, he can trust nobody. Amid the swirl of plots to depose him, offers of arranged marriages, and the specter of the unknown conspirators who lurk in the shadows, he must quickly adjust to life as the Goblin Emperor. All the while, he is alone, and trying to find even a single friend... and hoping for the possibility of romance, yet also vigilant against the unseen enemies that threaten him, lest he lose his throne – or his life."	[{'Fantasy': 8}, {'Fiction': 2}, {'Science Fiction & Fantasy': 2}, {'Young Adult': 1}, {'Romance': 1}, {'Adventure': 1}, {'Science Fiction': 1}, {'Loveable Characters': 14}, {'Strong Character Development': 13}, {'Diverse Characters': 11}, {'Character driven': 9}, {'A mix driven': 4}, {'female author': 2}, {'Plot driven': 1}, {'United States': 1}, {'2014': 1}, {'Written by Women': 1}, {'hopeful': 14}, {'emotional': 7}, {'inspiring': 5}, {'reflective': 4}, {'Adventurous': 2}, {'mysterious': 2}, {'dark': 2}, {'relaxing': 1}, {'Cosy': 1}, {'1735854355092': 1}]
9	9781494552770	The Goblin Emperor	Katherine Addison	2014	Tantor Audio	"The youngest, half-goblin son of the Emperor has lived his entire life in exile, distant from the Imperial Court and the deadly intrigue that suffuses it. But when his father and three sons in line for the throne are killed in an ""accident,"" he has no choice but to take his place as the only surviving rightful heir.

Entirely unschooled in the art of court politics, he has no friends, no advisors, and the sure knowledge that whoever assassinated his father and brothers could make an attempt on his life at any moment.

Surrounded by sycophants eager to curry favor with the naïve new emperor, and overwhelmed by the burdens of his new life, he can trust nobody. Amid the swirl of plots to depose him, offers of arranged marriages, and the specter of the unknown conspirators who lurk in the shadows, he must quickly adjust to life as the Goblin Emperor. All the while, he is alone, and trying to find even a single friend... and hoping for the possibility of romance, yet also vigilant against the unseen enemies that threaten him, lest he lose his throne – or his life."	[{'Fantasy': 8}, {'Fiction': 2}, {'Science Fiction & Fantasy': 2}, {'Young Adult': 1}, {'Romance': 1}, {'Adventure': 1}, {'Science Fiction': 1}, {'Loveable Characters': 14}, {'Strong Character Development': 13}, {'Diverse Characters': 11}, {'Character driven': 9}, {'A mix driven': 4}, {'female author': 2}, {'Plot driven': 1}, {'United States': 1}, {'2014': 1}, {'Written by Women': 1}, {'hopeful': 14}, {'emotional': 7}, {'inspiring': 5}, {'reflective': 4}, {'Adventurous': 2}, {'mysterious': 2}, {'dark': 2}, {'relaxing': 1}, {'Cosy': 1}, {'1735854355092': 1}]
9	9780765326997	The Goblin Emperor	Katherine Addison	2014	Macmillan	"The youngest, half-goblin son of the Emperor has lived his entire life in exile, distant from the Imperial Court and the deadly intrigue that suffuses it. But when his father and three sons in line for the throne are killed in an ""accident,"" he has no choice but to take his place as the only surviving rightful heir.

Entirely unschooled in the art of court politics, he has no friends, no advisors, and the sure knowledge that whoever assassinated his father and brothers could make an attempt on his life at any moment.

Surrounded by sycophants eager to curry favor with the naïve new emperor, and overwhelmed by the burdens of his new life, he can trust nobody. Amid the swirl of plots to depose him, offers of arranged marriages, and the specter of the unknown conspirators who lurk in the shadows, he must quickly adjust to life as the Goblin Emperor. All the while, he is alone, and trying to find even a single friend... and hoping for the possibility of romance, yet also vigilant against the unseen enemies that threaten him, lest he lose his throne – or his life."	[{'Fantasy': 8}, {'Fiction': 2}, {'Science Fiction & Fantasy': 2}, {'Young Adult': 1}, {'Romance': 1}, {'Adventure': 1}, {'Science Fiction': 1}, {'Loveable Characters': 14}, {'Strong Character Development': 13}, {'Diverse Characters': 11}, {'Character driven': 9}, {'A mix driven': 4}, {'female author': 2}, {'Plot driven': 1}, {'United States': 1}, {'2014': 1}, {'Written by Women': 1}, {'hopeful': 14}, {'emotional': 7}, {'inspiring': 5}, {'reflective': 4}, {'Adventurous': 2}, {'mysterious': 2}, {'dark': 2}, {'relaxing': 1}, {'Cosy': 1}, {'1735854355092': 1}]
9	9781781087305	The Goblin Emperor	Katherine Addison	2014	REBCA	"The youngest, half-goblin son of the Emperor has lived his entire life in exile, distant from the Imperial Court and the deadly intrigue that suffuses it. But when his father and three sons in line for the throne are killed in an ""accident,"" he has no choice but to take his place as the only surviving rightful heir.

Entirely unschooled in the art of court politics, he has no friends, no advisors, and the sure knowledge that whoever assassinated his father and brothers could make an attempt on his life at any moment.

Surrounded by sycophants eager to curry favor with the naïve new emperor, and overwhelmed by the burdens of his new life, he can trust nobody. Amid the swirl of plots to depose him, offers of arranged marriages, and the specter of the unknown conspirators who lurk in the shadows, he must quickly adjust to life as the Goblin Emperor. All the while, he is alone, and trying to find even a single friend... and hoping for the possibility of romance, yet also vigilant against the unseen enemies that threaten him, lest he lose his throne – or his life."	[{'Fantasy': 8}, {'Fiction': 2}, {'Science Fiction & Fantasy': 2}, {'Young Adult': 1}, {'Romance': 1}, {'Adventure': 1}, {'Science Fiction': 1}, {'Loveable Characters': 14}, {'Strong Character Development': 13}, {'Diverse Characters': 11}, {'Character driven': 9}, {'A mix driven': 4}, {'female author': 2}, {'Plot driven': 1}, {'United States': 1}, {'2014': 1}, {'Written by Women': 1}, {'hopeful': 14}, {'emotional': 7}, {'inspiring': 5}, {'reflective': 4}, {'Adventurous': 2}, {'mysterious': 2}, {'dark': 2}, {'relaxing': 1}, {'Cosy': 1}, {'1735854355092': 1}]
9	9781786182098	The Goblin Emperor	Katherine Addison	2014	Rebellion Publishing Ltd	"The youngest, half-goblin son of the Emperor has lived his entire life in exile, distant from the Imperial Court and the deadly intrigue that suffuses it. But when his father and three sons in line for the throne are killed in an ""accident,"" he has no choice but to take his place as the only surviving rightful heir.

Entirely unschooled in the art of court politics, he has no friends, no advisors, and the sure knowledge that whoever assassinated his father and brothers could make an attempt on his life at any moment.

Surrounded by sycophants eager to curry favor with the naïve new emperor, and overwhelmed by the burdens of his new life, he can trust nobody. Amid the swirl of plots to depose him, offers of arranged marriages, and the specter of the unknown conspirators who lurk in the shadows, he must quickly adjust to life as the Goblin Emperor. All the while, he is alone, and trying to find even a single friend... and hoping for the possibility of romance, yet also vigilant against the unseen enemies that threaten him, lest he lose his throne – or his life."	[{'Fantasy': 8}, {'Fiction': 2}, {'Science Fiction & Fantasy': 2}, {'Young Adult': 1}, {'Romance': 1}, {'Adventure': 1}, {'Science Fiction': 1}, {'Loveable Characters': 14}, {'Strong Character Development': 13}, {'Diverse Characters': 11}, {'Character driven': 9}, {'A mix driven': 4}, {'female author': 2}, {'Plot driven': 1}, {'United States': 1}, {'2014': 1}, {'Written by Women': 1}, {'hopeful': 14}, {'emotional': 7}, {'inspiring': 5}, {'reflective': 4}, {'Adventurous': 2}, {'mysterious': 2}, {'dark': 2}, {'relaxing': 1}, {'Cosy': 1}, {'1735854355092': 1}]
10		Death's End	Cixin Liu, Ken Liu - translator	2008	Macmillan Audio	"Half a century after the Doomsday Battle, the uneasy balance of Dark Forest Deterrence keeps the Trisolaran invaders at bay. Earth enjoys unprecedented prosperity due to the infusion of Trisolaran knowledge. With human science advancing daily and the Trisolarans adopting Earth culture, it seems that the two civilizations will soon be able to co-exist peacefully as equals without the terrible threat of mutually assured annihilation. But the peace has also made humanity complacent.

Cheng Xin, an aerospace engineer from the early twenty-first century, awakens from hibernation in this new age. She brings with her knowledge of a long-forgotten program dating from the beginning of the Trisolar Crisis, and her very presence may upset the delicate balance between two worlds. Will humanity reach for the stars or die in its cradle?"	[{'Science Fiction': 11}, {'Fiction': 3}, {'Fantasy': 3}, {'Dystopian': 2}, {'Hard Science Fiction': 2}, {'Science Fiction & Fantasy': 2}, {'Adventure': 1}, {'Scienc Fiction': 1}, {'Alien Contact': 1}, {'General': 1}, {'Weak Character Development': 17}, {'Plot driven': 17}, {'Not Diverse Characters': 16}, {'Unloveable Characters': 13}, {'Loveable Characters': 12}, {'Diverse Characters': 11}, {'A mix driven': 11}, {'Strong Character Development': 9}, {'audiobook': 2}, {'challenging': 1}, {'dark': 30}, {'challenging': 23}, {'Adventurous': 23}, {'mysterious': 21}, {'reflective': 17}, {'tense': 15}, {'emotional': 10}, {'inspiring': 10}, {'hopeful': 8}, {'sad': 7}]
10		Death's End	Cixin Liu	2008	Tor Books	"Half a century after the Doomsday Battle, the uneasy balance of Dark Forest Deterrence keeps the Trisolaran invaders at bay. Earth enjoys unprecedented prosperity due to the infusion of Trisolaran knowledge. With human science advancing daily and the Trisolarans adopting Earth culture, it seems that the two civilizations will soon be able to co-exist peacefully as equals without the terrible threat of mutually assured annihilation. But the peace has also made humanity complacent.

Cheng Xin, an aerospace engineer from the early twenty-first century, awakens from hibernation in this new age. She brings with her knowledge of a long-forgotten program dating from the beginning of the Trisolar Crisis, and her very presence may upset the delicate balance between two worlds. Will humanity reach for the stars or die in its cradle?"	[{'Science Fiction': 11}, {'Fiction': 3}, {'Fantasy': 3}, {'Dystopian': 2}, {'Hard Science Fiction': 2}, {'Science Fiction & Fantasy': 2}, {'Adventure': 1}, {'Scienc Fiction': 1}, {'Alien Contact': 1}, {'General': 1}, {'Weak Character Development': 17}, {'Plot driven': 17}, {'Not Diverse Characters': 16}, {'Unloveable Characters': 13}, {'Loveable Characters': 12}, {'Diverse Characters': 11}, {'A mix driven': 11}, {'Strong Character Development': 9}, {'audiobook': 2}, {'challenging': 1}, {'dark': 30}, {'challenging': 23}, {'Adventurous': 23}, {'mysterious': 21}, {'reflective': 17}, {'tense': 15}, {'emotional': 10}, {'inspiring': 10}, {'hopeful': 8}, {'sad': 7}]
10	9781784971625	Death’s End	Cixin Liu	2008	Head of Zeus	"Half a century after the Doomsday Battle, the uneasy balance of Dark Forest Deterrence keeps the Trisolaran invaders at bay. Earth enjoys unprecedented prosperity due to the infusion of Trisolaran knowledge. With human science advancing daily and the Trisolarans adopting Earth culture, it seems that the two civilizations will soon be able to co-exist peacefully as equals without the terrible threat of mutually assured annihilation. But the peace has also made humanity complacent.

Cheng Xin, an aerospace engineer from the early twenty-first century, awakens from hibernation in this new age. She brings with her knowledge of a long-forgotten program dating from the beginning of the Trisolar Crisis, and her very presence may upset the delicate balance between two worlds. Will humanity reach for the stars or die in its cradle?"	[{'Science Fiction': 11}, {'Fiction': 3}, {'Fantasy': 3}, {'Dystopian': 2}, {'Hard Science Fiction': 2}, {'Science Fiction & Fantasy': 2}, {'Adventure': 1}, {'Scienc Fiction': 1}, {'Alien Contact': 1}, {'General': 1}, {'Weak Character Development': 17}, {'Plot driven': 17}, {'Not Diverse Characters': 16}, {'Unloveable Characters': 13}, {'Loveable Characters': 12}, {'Diverse Characters': 11}, {'A mix driven': 11}, {'Strong Character Development': 9}, {'audiobook': 2}, {'challenging': 1}, {'dark': 30}, {'challenging': 23}, {'Adventurous': 23}, {'mysterious': 21}, {'reflective': 17}, {'tense': 15}, {'emotional': 10}, {'inspiring': 10}, {'hopeful': 8}, {'sad': 7}]
10	9781001368955	Death's End	Cixin Liu	2008		"Half a century after the Doomsday Battle, the uneasy balance of Dark Forest Deterrence keeps the Trisolaran invaders at bay. Earth enjoys unprecedented prosperity due to the infusion of Trisolaran knowledge. With human science advancing daily and the Trisolarans adopting Earth culture, it seems that the two civilizations will soon be able to co-exist peacefully as equals without the terrible threat of mutually assured annihilation. But the peace has also made humanity complacent.

Cheng Xin, an aerospace engineer from the early twenty-first century, awakens from hibernation in this new age. She brings with her knowledge of a long-forgotten program dating from the beginning of the Trisolar Crisis, and her very presence may upset the delicate balance between two worlds. Will humanity reach for the stars or die in its cradle?"	[{'Science Fiction': 11}, {'Fiction': 3}, {'Fantasy': 3}, {'Dystopian': 2}, {'Hard Science Fiction': 2}, {'Science Fiction & Fantasy': 2}, {'Adventure': 1}, {'Scienc Fiction': 1}, {'Alien Contact': 1}, {'General': 1}, {'Weak Character Development': 17}, {'Plot driven': 17}, {'Not Diverse Characters': 16}, {'Unloveable Characters': 13}, {'Loveable Characters': 12}, {'Diverse Characters': 11}, {'A mix driven': 11}, {'Strong Character Development': 9}, {'audiobook': 2}, {'challenging': 1}, {'dark': 30}, {'challenging': 23}, {'Adventurous': 23}, {'mysterious': 21}, {'reflective': 17}, {'tense': 15}, {'emotional': 10}, {'inspiring': 10}, {'hopeful': 8}, {'sad': 7}]
10	9781784971649	Death's End	Cixin Liu	2008	Head of Zeus	"Half a century after the Doomsday Battle, the uneasy balance of Dark Forest Deterrence keeps the Trisolaran invaders at bay. Earth enjoys unprecedented prosperity due to the infusion of Trisolaran knowledge. With human science advancing daily and the Trisolarans adopting Earth culture, it seems that the two civilizations will soon be able to co-exist peacefully as equals without the terrible threat of mutually assured annihilation. But the peace has also made humanity complacent.

Cheng Xin, an aerospace engineer from the early twenty-first century, awakens from hibernation in this new age. She brings with her knowledge of a long-forgotten program dating from the beginning of the Trisolar Crisis, and her very presence may upset the delicate balance between two worlds. Will humanity reach for the stars or die in its cradle?"	[{'Science Fiction': 11}, {'Fiction': 3}, {'Fantasy': 3}, {'Dystopian': 2}, {'Hard Science Fiction': 2}, {'Science Fiction & Fantasy': 2}, {'Adventure': 1}, {'Scienc Fiction': 1}, {'Alien Contact': 1}, {'General': 1}, {'Weak Character Development': 17}, {'Plot driven': 17}, {'Not Diverse Characters': 16}, {'Unloveable Characters': 13}, {'Loveable Characters': 12}, {'Diverse Characters': 11}, {'A mix driven': 11}, {'Strong Character Development': 9}, {'audiobook': 2}, {'challenging': 1}, {'dark': 30}, {'challenging': 23}, {'Adventurous': 23}, {'mysterious': 21}, {'reflective': 17}, {'tense': 15}, {'emotional': 10}, {'inspiring': 10}, {'hopeful': 8}, {'sad': 7}]
10	9781788543026	Death's End	Cixin Liu	2008	Head of Zeus	"Half a century after the Doomsday Battle, the uneasy balance of Dark Forest Deterrence keeps the Trisolaran invaders at bay. Earth enjoys unprecedented prosperity due to the infusion of Trisolaran knowledge. With human science advancing daily and the Trisolarans adopting Earth culture, it seems that the two civilizations will soon be able to co-exist peacefully as equals without the terrible threat of mutually assured annihilation. But the peace has also made humanity complacent.

Cheng Xin, an aerospace engineer from the early twenty-first century, awakens from hibernation in this new age. She brings with her knowledge of a long-forgotten program dating from the beginning of the Trisolar Crisis, and her very presence may upset the delicate balance between two worlds. Will humanity reach for the stars or die in its cradle?"	[{'Science Fiction': 11}, {'Fiction': 3}, {'Fantasy': 3}, {'Dystopian': 2}, {'Hard Science Fiction': 2}, {'Science Fiction & Fantasy': 2}, {'Adventure': 1}, {'Scienc Fiction': 1}, {'Alien Contact': 1}, {'General': 1}, {'Weak Character Development': 17}, {'Plot driven': 17}, {'Not Diverse Characters': 16}, {'Unloveable Characters': 13}, {'Loveable Characters': 12}, {'Diverse Characters': 11}, {'A mix driven': 11}, {'Strong Character Development': 9}, {'audiobook': 2}, {'challenging': 1}, {'dark': 30}, {'challenging': 23}, {'Adventurous': 23}, {'mysterious': 21}, {'reflective': 17}, {'tense': 15}, {'emotional': 10}, {'inspiring': 10}, {'hopeful': 8}, {'sad': 7}]
10	9781427268303	Death's End	Cixin Liu	2008	Macmillan Audio	"Half a century after the Doomsday Battle, the uneasy balance of Dark Forest Deterrence keeps the Trisolaran invaders at bay. Earth enjoys unprecedented prosperity due to the infusion of Trisolaran knowledge. With human science advancing daily and the Trisolarans adopting Earth culture, it seems that the two civilizations will soon be able to co-exist peacefully as equals without the terrible threat of mutually assured annihilation. But the peace has also made humanity complacent.

Cheng Xin, an aerospace engineer from the early twenty-first century, awakens from hibernation in this new age. She brings with her knowledge of a long-forgotten program dating from the beginning of the Trisolar Crisis, and her very presence may upset the delicate balance between two worlds. Will humanity reach for the stars or die in its cradle?"	[{'Science Fiction': 11}, {'Fiction': 3}, {'Fantasy': 3}, {'Dystopian': 2}, {'Hard Science Fiction': 2}, {'Science Fiction & Fantasy': 2}, {'Adventure': 1}, {'Scienc Fiction': 1}, {'Alien Contact': 1}, {'General': 1}, {'Weak Character Development': 17}, {'Plot driven': 17}, {'Not Diverse Characters': 16}, {'Unloveable Characters': 13}, {'Loveable Characters': 12}, {'Diverse Characters': 11}, {'A mix driven': 11}, {'Strong Character Development': 9}, {'audiobook': 2}, {'challenging': 1}, {'dark': 30}, {'challenging': 23}, {'Adventurous': 23}, {'mysterious': 21}, {'reflective': 17}, {'tense': 15}, {'emotional': 10}, {'inspiring': 10}, {'hopeful': 8}, {'sad': 7}]
10	9781427279170	Death's End	Cixin Liu	2008	Macmillan Audio	"Half a century after the Doomsday Battle, the uneasy balance of Dark Forest Deterrence keeps the Trisolaran invaders at bay. Earth enjoys unprecedented prosperity due to the infusion of Trisolaran knowledge. With human science advancing daily and the Trisolarans adopting Earth culture, it seems that the two civilizations will soon be able to co-exist peacefully as equals without the terrible threat of mutually assured annihilation. But the peace has also made humanity complacent.

Cheng Xin, an aerospace engineer from the early twenty-first century, awakens from hibernation in this new age. She brings with her knowledge of a long-forgotten program dating from the beginning of the Trisolar Crisis, and her very presence may upset the delicate balance between two worlds. Will humanity reach for the stars or die in its cradle?"	[{'Science Fiction': 11}, {'Fiction': 3}, {'Fantasy': 3}, {'Dystopian': 2}, {'Hard Science Fiction': 2}, {'Science Fiction & Fantasy': 2}, {'Adventure': 1}, {'Scienc Fiction': 1}, {'Alien Contact': 1}, {'General': 1}, {'Weak Character Development': 17}, {'Plot driven': 17}, {'Not Diverse Characters': 16}, {'Unloveable Characters': 13}, {'Loveable Characters': 12}, {'Diverse Characters': 11}, {'A mix driven': 11}, {'Strong Character Development': 9}, {'audiobook': 2}, {'challenging': 1}, {'dark': 30}, {'challenging': 23}, {'Adventurous': 23}, {'mysterious': 21}, {'reflective': 17}, {'tense': 15}, {'emotional': 10}, {'inspiring': 10}, {'hopeful': 8}, {'sad': 7}]
10	9781466853454	Death's End	Cixin Liu	2008	Tor Books	"Half a century after the Doomsday Battle, the uneasy balance of Dark Forest Deterrence keeps the Trisolaran invaders at bay. Earth enjoys unprecedented prosperity due to the infusion of Trisolaran knowledge. With human science advancing daily and the Trisolarans adopting Earth culture, it seems that the two civilizations will soon be able to co-exist peacefully as equals without the terrible threat of mutually assured annihilation. But the peace has also made humanity complacent.

Cheng Xin, an aerospace engineer from the early twenty-first century, awakens from hibernation in this new age. She brings with her knowledge of a long-forgotten program dating from the beginning of the Trisolar Crisis, and her very presence may upset the delicate balance between two worlds. Will humanity reach for the stars or die in its cradle?"	[{'Science Fiction': 11}, {'Fiction': 3}, {'Fantasy': 3}, {'Dystopian': 2}, {'Hard Science Fiction': 2}, {'Science Fiction & Fantasy': 2}, {'Adventure': 1}, {'Scienc Fiction': 1}, {'Alien Contact': 1}, {'General': 1}, {'Weak Character Development': 17}, {'Plot driven': 17}, {'Not Diverse Characters': 16}, {'Unloveable Characters': 13}, {'Loveable Characters': 12}, {'Diverse Characters': 11}, {'A mix driven': 11}, {'Strong Character Development': 9}, {'audiobook': 2}, {'challenging': 1}, {'dark': 30}, {'challenging': 23}, {'Adventurous': 23}, {'mysterious': 21}, {'reflective': 17}, {'tense': 15}, {'emotional': 10}, {'inspiring': 10}, {'hopeful': 8}, {'sad': 7}]
10	9781784971656	Death's End	Cixin Liu	2008	Head of Zeus	"Half a century after the Doomsday Battle, the uneasy balance of Dark Forest Deterrence keeps the Trisolaran invaders at bay. Earth enjoys unprecedented prosperity due to the infusion of Trisolaran knowledge. With human science advancing daily and the Trisolarans adopting Earth culture, it seems that the two civilizations will soon be able to co-exist peacefully as equals without the terrible threat of mutually assured annihilation. But the peace has also made humanity complacent.

Cheng Xin, an aerospace engineer from the early twenty-first century, awakens from hibernation in this new age. She brings with her knowledge of a long-forgotten program dating from the beginning of the Trisolar Crisis, and her very presence may upset the delicate balance between two worlds. Will humanity reach for the stars or die in its cradle?"	[{'Science Fiction': 11}, {'Fiction': 3}, {'Fantasy': 3}, {'Dystopian': 2}, {'Hard Science Fiction': 2}, {'Science Fiction & Fantasy': 2}, {'Adventure': 1}, {'Scienc Fiction': 1}, {'Alien Contact': 1}, {'General': 1}, {'Weak Character Development': 17}, {'Plot driven': 17}, {'Not Diverse Characters': 16}, {'Unloveable Characters': 13}, {'Loveable Characters': 12}, {'Diverse Characters': 11}, {'A mix driven': 11}, {'Strong Character Development': 9}, {'audiobook': 2}, {'challenging': 1}, {'dark': 30}, {'challenging': 23}, {'Adventurous': 23}, {'mysterious': 21}, {'reflective': 17}, {'tense': 15}, {'emotional': 10}, {'inspiring': 10}, {'hopeful': 8}, {'sad': 7}]
10	9780765386632	Death's End	Cixin Liu	2008	Tor Books	"Half a century after the Doomsday Battle, the uneasy balance of Dark Forest Deterrence keeps the Trisolaran invaders at bay. Earth enjoys unprecedented prosperity due to the infusion of Trisolaran knowledge. With human science advancing daily and the Trisolarans adopting Earth culture, it seems that the two civilizations will soon be able to co-exist peacefully as equals without the terrible threat of mutually assured annihilation. But the peace has also made humanity complacent.

Cheng Xin, an aerospace engineer from the early twenty-first century, awakens from hibernation in this new age. She brings with her knowledge of a long-forgotten program dating from the beginning of the Trisolar Crisis, and her very presence may upset the delicate balance between two worlds. Will humanity reach for the stars or die in its cradle?"	[{'Science Fiction': 11}, {'Fiction': 3}, {'Fantasy': 3}, {'Dystopian': 2}, {'Hard Science Fiction': 2}, {'Science Fiction & Fantasy': 2}, {'Adventure': 1}, {'Scienc Fiction': 1}, {'Alien Contact': 1}, {'General': 1}, {'Weak Character Development': 17}, {'Plot driven': 17}, {'Not Diverse Characters': 16}, {'Unloveable Characters': 13}, {'Loveable Characters': 12}, {'Diverse Characters': 11}, {'A mix driven': 11}, {'Strong Character Development': 9}, {'audiobook': 2}, {'challenging': 1}, {'dark': 30}, {'challenging': 23}, {'Adventurous': 23}, {'mysterious': 21}, {'reflective': 17}, {'tense': 15}, {'emotional': 10}, {'inspiring': 10}, {'hopeful': 8}, {'sad': 7}]
10	9781800246706	Death's End	Cixin Liu	2008	Head of Zeus	"Half a century after the Doomsday Battle, the uneasy balance of Dark Forest Deterrence keeps the Trisolaran invaders at bay. Earth enjoys unprecedented prosperity due to the infusion of Trisolaran knowledge. With human science advancing daily and the Trisolarans adopting Earth culture, it seems that the two civilizations will soon be able to co-exist peacefully as equals without the terrible threat of mutually assured annihilation. But the peace has also made humanity complacent.

Cheng Xin, an aerospace engineer from the early twenty-first century, awakens from hibernation in this new age. She brings with her knowledge of a long-forgotten program dating from the beginning of the Trisolar Crisis, and her very presence may upset the delicate balance between two worlds. Will humanity reach for the stars or die in its cradle?"	[{'Science Fiction': 11}, {'Fiction': 3}, {'Fantasy': 3}, {'Dystopian': 2}, {'Hard Science Fiction': 2}, {'Science Fiction & Fantasy': 2}, {'Adventure': 1}, {'Scienc Fiction': 1}, {'Alien Contact': 1}, {'General': 1}, {'Weak Character Development': 17}, {'Plot driven': 17}, {'Not Diverse Characters': 16}, {'Unloveable Characters': 13}, {'Loveable Characters': 12}, {'Diverse Characters': 11}, {'A mix driven': 11}, {'Strong Character Development': 9}, {'audiobook': 2}, {'challenging': 1}, {'dark': 30}, {'challenging': 23}, {'Adventurous': 23}, {'mysterious': 21}, {'reflective': 17}, {'tense': 15}, {'emotional': 10}, {'inspiring': 10}, {'hopeful': 8}, {'sad': 7}]
10	9781800249158	Death's End	Cixin Liu	2008	Head of Zeus	"Half a century after the Doomsday Battle, the uneasy balance of Dark Forest Deterrence keeps the Trisolaran invaders at bay. Earth enjoys unprecedented prosperity due to the infusion of Trisolaran knowledge. With human science advancing daily and the Trisolarans adopting Earth culture, it seems that the two civilizations will soon be able to co-exist peacefully as equals without the terrible threat of mutually assured annihilation. But the peace has also made humanity complacent.

Cheng Xin, an aerospace engineer from the early twenty-first century, awakens from hibernation in this new age. She brings with her knowledge of a long-forgotten program dating from the beginning of the Trisolar Crisis, and her very presence may upset the delicate balance between two worlds. Will humanity reach for the stars or die in its cradle?"	[{'Science Fiction': 11}, {'Fiction': 3}, {'Fantasy': 3}, {'Dystopian': 2}, {'Hard Science Fiction': 2}, {'Science Fiction & Fantasy': 2}, {'Adventure': 1}, {'Scienc Fiction': 1}, {'Alien Contact': 1}, {'General': 1}, {'Weak Character Development': 17}, {'Plot driven': 17}, {'Not Diverse Characters': 16}, {'Unloveable Characters': 13}, {'Loveable Characters': 12}, {'Diverse Characters': 11}, {'A mix driven': 11}, {'Strong Character Development': 9}, {'audiobook': 2}, {'challenging': 1}, {'dark': 30}, {'challenging': 23}, {'Adventurous': 23}, {'mysterious': 21}, {'reflective': 17}, {'tense': 15}, {'emotional': 10}, {'inspiring': 10}, {'hopeful': 8}, {'sad': 7}]
10	9781784971632	Death's End	Cixin Liu	2008	Head of Zeus	"Half a century after the Doomsday Battle, the uneasy balance of Dark Forest Deterrence keeps the Trisolaran invaders at bay. Earth enjoys unprecedented prosperity due to the infusion of Trisolaran knowledge. With human science advancing daily and the Trisolarans adopting Earth culture, it seems that the two civilizations will soon be able to co-exist peacefully as equals without the terrible threat of mutually assured annihilation. But the peace has also made humanity complacent.

Cheng Xin, an aerospace engineer from the early twenty-first century, awakens from hibernation in this new age. She brings with her knowledge of a long-forgotten program dating from the beginning of the Trisolar Crisis, and her very presence may upset the delicate balance between two worlds. Will humanity reach for the stars or die in its cradle?"	[{'Science Fiction': 11}, {'Fiction': 3}, {'Fantasy': 3}, {'Dystopian': 2}, {'Hard Science Fiction': 2}, {'Science Fiction & Fantasy': 2}, {'Adventure': 1}, {'Scienc Fiction': 1}, {'Alien Contact': 1}, {'General': 1}, {'Weak Character Development': 17}, {'Plot driven': 17}, {'Not Diverse Characters': 16}, {'Unloveable Characters': 13}, {'Loveable Characters': 12}, {'Diverse Characters': 11}, {'A mix driven': 11}, {'Strong Character Development': 9}, {'audiobook': 2}, {'challenging': 1}, {'dark': 30}, {'challenging': 23}, {'Adventurous': 23}, {'mysterious': 21}, {'reflective': 17}, {'tense': 15}, {'emotional': 10}, {'inspiring': 10}, {'hopeful': 8}, {'sad': 7}]
10	9780765377104	Death's End	Cixin Liu	2008	Macmillan	"Half a century after the Doomsday Battle, the uneasy balance of Dark Forest Deterrence keeps the Trisolaran invaders at bay. Earth enjoys unprecedented prosperity due to the infusion of Trisolaran knowledge. With human science advancing daily and the Trisolarans adopting Earth culture, it seems that the two civilizations will soon be able to co-exist peacefully as equals without the terrible threat of mutually assured annihilation. But the peace has also made humanity complacent.

Cheng Xin, an aerospace engineer from the early twenty-first century, awakens from hibernation in this new age. She brings with her knowledge of a long-forgotten program dating from the beginning of the Trisolar Crisis, and her very presence may upset the delicate balance between two worlds. Will humanity reach for the stars or die in its cradle?"	[{'Science Fiction': 11}, {'Fiction': 3}, {'Fantasy': 3}, {'Dystopian': 2}, {'Hard Science Fiction': 2}, {'Science Fiction & Fantasy': 2}, {'Adventure': 1}, {'Scienc Fiction': 1}, {'Alien Contact': 1}, {'General': 1}, {'Weak Character Development': 17}, {'Plot driven': 17}, {'Not Diverse Characters': 16}, {'Unloveable Characters': 13}, {'Loveable Characters': 12}, {'Diverse Characters': 11}, {'A mix driven': 11}, {'Strong Character Development': 9}, {'audiobook': 2}, {'challenging': 1}, {'dark': 30}, {'challenging': 23}, {'Adventurous': 23}, {'mysterious': 21}, {'reflective': 17}, {'tense': 15}, {'emotional': 10}, {'inspiring': 10}, {'hopeful': 8}, {'sad': 7}]
11	9781803360997	Nettle and Bone	T. Kingfisher	2022	Titan Books (UK)	"After years of seeing her sisters suffer at the hands of an abusive prince, Marra—the shy, convent-raised, third-born daughter—has finally realized that no one is coming to their rescue. No one, except for Marra herself.

Seeking help from a powerful gravewitch, Marra is offered the tools to kill a prince—if she can complete three impossible tasks. But, as is the way in tales of princes, witches, and daughters, the impossible is only the beginning.

On her quest, Marra is joined by the gravewitch, a reluctant fairy godmother, a strapping former knight, and a chicken possessed by a demon. Together, the five of them intend to be the hand that closes around the throat of the prince and frees Marra's family and their kingdom from its tyrannous ruler at last."	[{'Fantasy': 11}, {'Fiction': 3}, {'Horror': 2}, {'Young Adult': 1}, {'Adventure': 1}, {'Science Fiction': 1}, {'Science Fiction & Fantasy': 1}, {'Literature & Fiction': 1}, {'Classics': 0}, {'Loveable Characters': 68}, {'Strong Character Development': 49}, {'A mix driven': 41}, {'Diverse Characters': 38}, {'Not Diverse Characters': 30}, {'Weak Character Development': 25}, {'Plot driven': 24}, {'Character driven': 11}, {'Unloveable Characters': 7}, {'funny': 2}, {'Adventurous': 83}, {'dark': 51}, {'funny': 42}, {'emotional': 34}, {'mysterious': 27}, {'lighthearted': 19}, {'hopeful': 19}, {'tense': 9}, {'sad': 7}, {'inspiring': 6}]
11	9781789098280	Nettle & Bone	T. Kingfisher	2022	Titan Books	"After years of seeing her sisters suffer at the hands of an abusive prince, Marra—the shy, convent-raised, third-born daughter—has finally realized that no one is coming to their rescue. No one, except for Marra herself.

Seeking help from a powerful gravewitch, Marra is offered the tools to kill a prince—if she can complete three impossible tasks. But, as is the way in tales of princes, witches, and daughters, the impossible is only the beginning.

On her quest, Marra is joined by the gravewitch, a reluctant fairy godmother, a strapping former knight, and a chicken possessed by a demon. Together, the five of them intend to be the hand that closes around the throat of the prince and frees Marra's family and their kingdom from its tyrannous ruler at last."	[{'Fantasy': 11}, {'Fiction': 3}, {'Horror': 2}, {'Young Adult': 1}, {'Adventure': 1}, {'Science Fiction': 1}, {'Science Fiction & Fantasy': 1}, {'Literature & Fiction': 1}, {'Classics': 0}, {'Loveable Characters': 68}, {'Strong Character Development': 49}, {'A mix driven': 41}, {'Diverse Characters': 38}, {'Not Diverse Characters': 30}, {'Weak Character Development': 25}, {'Plot driven': 24}, {'Character driven': 11}, {'Unloveable Characters': 7}, {'funny': 2}, {'Adventurous': 83}, {'dark': 51}, {'funny': 42}, {'emotional': 34}, {'mysterious': 27}, {'lighthearted': 19}, {'hopeful': 19}, {'tense': 9}, {'sad': 7}, {'inspiring': 6}]
11	9781004105229	Nettle & Bone	T. Kingfisher	2022	Clipper Audiobooks	"After years of seeing her sisters suffer at the hands of an abusive prince, Marra—the shy, convent-raised, third-born daughter—has finally realized that no one is coming to their rescue. No one, except for Marra herself.

Seeking help from a powerful gravewitch, Marra is offered the tools to kill a prince—if she can complete three impossible tasks. But, as is the way in tales of princes, witches, and daughters, the impossible is only the beginning.

On her quest, Marra is joined by the gravewitch, a reluctant fairy godmother, a strapping former knight, and a chicken possessed by a demon. Together, the five of them intend to be the hand that closes around the throat of the prince and frees Marra's family and their kingdom from its tyrannous ruler at last."	[{'Fantasy': 11}, {'Fiction': 3}, {'Horror': 2}, {'Young Adult': 1}, {'Adventure': 1}, {'Science Fiction': 1}, {'Science Fiction & Fantasy': 1}, {'Literature & Fiction': 1}, {'Classics': 0}, {'Loveable Characters': 68}, {'Strong Character Development': 49}, {'A mix driven': 41}, {'Diverse Characters': 38}, {'Not Diverse Characters': 30}, {'Weak Character Development': 25}, {'Plot driven': 24}, {'Character driven': 11}, {'Unloveable Characters': 7}, {'funny': 2}, {'Adventurous': 83}, {'dark': 51}, {'funny': 42}, {'emotional': 34}, {'mysterious': 27}, {'lighthearted': 19}, {'hopeful': 19}, {'tense': 9}, {'sad': 7}, {'inspiring': 6}]
11	9781250244000	Nettle & Bone	T. Kingfisher	2022	Tor Books	"After years of seeing her sisters suffer at the hands of an abusive prince, Marra—the shy, convent-raised, third-born daughter—has finally realized that no one is coming to their rescue. No one, except for Marra herself.

Seeking help from a powerful gravewitch, Marra is offered the tools to kill a prince—if she can complete three impossible tasks. But, as is the way in tales of princes, witches, and daughters, the impossible is only the beginning.

On her quest, Marra is joined by the gravewitch, a reluctant fairy godmother, a strapping former knight, and a chicken possessed by a demon. Together, the five of them intend to be the hand that closes around the throat of the prince and frees Marra's family and their kingdom from its tyrannous ruler at last."	[{'Fantasy': 11}, {'Fiction': 3}, {'Horror': 2}, {'Young Adult': 1}, {'Adventure': 1}, {'Science Fiction': 1}, {'Science Fiction & Fantasy': 1}, {'Literature & Fiction': 1}, {'Classics': 0}, {'Loveable Characters': 68}, {'Strong Character Development': 49}, {'A mix driven': 41}, {'Diverse Characters': 38}, {'Not Diverse Characters': 30}, {'Weak Character Development': 25}, {'Plot driven': 24}, {'Character driven': 11}, {'Unloveable Characters': 7}, {'funny': 2}, {'Adventurous': 83}, {'dark': 51}, {'funny': 42}, {'emotional': 34}, {'mysterious': 27}, {'lighthearted': 19}, {'hopeful': 19}, {'tense': 9}, {'sad': 7}, {'inspiring': 6}]
11		Nettle & Bone	T. Kingfisher	2022	Tor Books	"After years of seeing her sisters suffer at the hands of an abusive prince, Marra—the shy, convent-raised, third-born daughter—has finally realized that no one is coming to their rescue. No one, except for Marra herself.

Seeking help from a powerful gravewitch, Marra is offered the tools to kill a prince—if she can complete three impossible tasks. But, as is the way in tales of princes, witches, and daughters, the impossible is only the beginning.

On her quest, Marra is joined by the gravewitch, a reluctant fairy godmother, a strapping former knight, and a chicken possessed by a demon. Together, the five of them intend to be the hand that closes around the throat of the prince and frees Marra's family and their kingdom from its tyrannous ruler at last."	[{'Fantasy': 11}, {'Fiction': 3}, {'Horror': 2}, {'Young Adult': 1}, {'Adventure': 1}, {'Science Fiction': 1}, {'Science Fiction & Fantasy': 1}, {'Literature & Fiction': 1}, {'Classics': 0}, {'Loveable Characters': 68}, {'Strong Character Development': 49}, {'A mix driven': 41}, {'Diverse Characters': 38}, {'Not Diverse Characters': 30}, {'Weak Character Development': 25}, {'Plot driven': 24}, {'Character driven': 11}, {'Unloveable Characters': 7}, {'funny': 2}, {'Adventurous': 83}, {'dark': 51}, {'funny': 42}, {'emotional': 34}, {'mysterious': 27}, {'lighthearted': 19}, {'hopeful': 19}, {'tense': 9}, {'sad': 7}, {'inspiring': 6}]
11	9781250874573	Nettle & Bone Sneak Peek	T. Kingfisher	2022	Tor Books	"After years of seeing her sisters suffer at the hands of an abusive prince, Marra—the shy, convent-raised, third-born daughter—has finally realized that no one is coming to their rescue. No one, except for Marra herself.

Seeking help from a powerful gravewitch, Marra is offered the tools to kill a prince—if she can complete three impossible tasks. But, as is the way in tales of princes, witches, and daughters, the impossible is only the beginning.

On her quest, Marra is joined by the gravewitch, a reluctant fairy godmother, a strapping former knight, and a chicken possessed by a demon. Together, the five of them intend to be the hand that closes around the throat of the prince and frees Marra's family and their kingdom from its tyrannous ruler at last."	[{'Fantasy': 11}, {'Fiction': 3}, {'Horror': 2}, {'Young Adult': 1}, {'Adventure': 1}, {'Science Fiction': 1}, {'Science Fiction & Fantasy': 1}, {'Literature & Fiction': 1}, {'Classics': 0}, {'Loveable Characters': 68}, {'Strong Character Development': 49}, {'A mix driven': 41}, {'Diverse Characters': 38}, {'Not Diverse Characters': 30}, {'Weak Character Development': 25}, {'Plot driven': 24}, {'Character driven': 11}, {'Unloveable Characters': 7}, {'funny': 2}, {'Adventurous': 83}, {'dark': 51}, {'funny': 42}, {'emotional': 34}, {'mysterious': 27}, {'lighthearted': 19}, {'hopeful': 19}, {'tense': 9}, {'sad': 7}, {'inspiring': 6}]
11	9781250824776	Nettle & Bone	T. Kingfisher	2022	Macmillan Audio	"After years of seeing her sisters suffer at the hands of an abusive prince, Marra—the shy, convent-raised, third-born daughter—has finally realized that no one is coming to their rescue. No one, except for Marra herself.

Seeking help from a powerful gravewitch, Marra is offered the tools to kill a prince—if she can complete three impossible tasks. But, as is the way in tales of princes, witches, and daughters, the impossible is only the beginning.

On her quest, Marra is joined by the gravewitch, a reluctant fairy godmother, a strapping former knight, and a chicken possessed by a demon. Together, the five of them intend to be the hand that closes around the throat of the prince and frees Marra's family and their kingdom from its tyrannous ruler at last."	[{'Fantasy': 11}, {'Fiction': 3}, {'Horror': 2}, {'Young Adult': 1}, {'Adventure': 1}, {'Science Fiction': 1}, {'Science Fiction & Fantasy': 1}, {'Literature & Fiction': 1}, {'Classics': 0}, {'Loveable Characters': 68}, {'Strong Character Development': 49}, {'A mix driven': 41}, {'Diverse Characters': 38}, {'Not Diverse Characters': 30}, {'Weak Character Development': 25}, {'Plot driven': 24}, {'Character driven': 11}, {'Unloveable Characters': 7}, {'funny': 2}, {'Adventurous': 83}, {'dark': 51}, {'funny': 42}, {'emotional': 34}, {'mysterious': 27}, {'lighthearted': 19}, {'hopeful': 19}, {'tense': 9}, {'sad': 7}, {'inspiring': 6}]
11	9781250244048	Nettle & Bone	T. Kingfisher	2022	Tor Books	"After years of seeing her sisters suffer at the hands of an abusive prince, Marra—the shy, convent-raised, third-born daughter—has finally realized that no one is coming to their rescue. No one, except for Marra herself.

Seeking help from a powerful gravewitch, Marra is offered the tools to kill a prince—if she can complete three impossible tasks. But, as is the way in tales of princes, witches, and daughters, the impossible is only the beginning.

On her quest, Marra is joined by the gravewitch, a reluctant fairy godmother, a strapping former knight, and a chicken possessed by a demon. Together, the five of them intend to be the hand that closes around the throat of the prince and frees Marra's family and their kingdom from its tyrannous ruler at last."	[{'Fantasy': 11}, {'Fiction': 3}, {'Horror': 2}, {'Young Adult': 1}, {'Adventure': 1}, {'Science Fiction': 1}, {'Science Fiction & Fantasy': 1}, {'Literature & Fiction': 1}, {'Classics': 0}, {'Loveable Characters': 68}, {'Strong Character Development': 49}, {'A mix driven': 41}, {'Diverse Characters': 38}, {'Not Diverse Characters': 30}, {'Weak Character Development': 25}, {'Plot driven': 24}, {'Character driven': 11}, {'Unloveable Characters': 7}, {'funny': 2}, {'Adventurous': 83}, {'dark': 51}, {'funny': 42}, {'emotional': 34}, {'mysterious': 27}, {'lighthearted': 19}, {'hopeful': 19}, {'tense': 9}, {'sad': 7}, {'inspiring': 6}]
11	9781250876195	Nettle & Bone	T. Kingfisher	2022	Macmillan Audio	"After years of seeing her sisters suffer at the hands of an abusive prince, Marra—the shy, convent-raised, third-born daughter—has finally realized that no one is coming to their rescue. No one, except for Marra herself.

Seeking help from a powerful gravewitch, Marra is offered the tools to kill a prince—if she can complete three impossible tasks. But, as is the way in tales of princes, witches, and daughters, the impossible is only the beginning.

On her quest, Marra is joined by the gravewitch, a reluctant fairy godmother, a strapping former knight, and a chicken possessed by a demon. Together, the five of them intend to be the hand that closes around the throat of the prince and frees Marra's family and their kingdom from its tyrannous ruler at last."	[{'Fantasy': 11}, {'Fiction': 3}, {'Horror': 2}, {'Young Adult': 1}, {'Adventure': 1}, {'Science Fiction': 1}, {'Science Fiction & Fantasy': 1}, {'Literature & Fiction': 1}, {'Classics': 0}, {'Loveable Characters': 68}, {'Strong Character Development': 49}, {'A mix driven': 41}, {'Diverse Characters': 38}, {'Not Diverse Characters': 30}, {'Weak Character Development': 25}, {'Plot driven': 24}, {'Character driven': 11}, {'Unloveable Characters': 7}, {'funny': 2}, {'Adventurous': 83}, {'dark': 51}, {'funny': 42}, {'emotional': 34}, {'mysterious': 27}, {'lighthearted': 19}, {'hopeful': 19}, {'tense': 9}, {'sad': 7}, {'inspiring': 6}]
11	9781250244031	Nettle & Bone	T. Kingfisher	2022	Tor Books	"After years of seeing her sisters suffer at the hands of an abusive prince, Marra—the shy, convent-raised, third-born daughter—has finally realized that no one is coming to their rescue. No one, except for Marra herself.

Seeking help from a powerful gravewitch, Marra is offered the tools to kill a prince—if she can complete three impossible tasks. But, as is the way in tales of princes, witches, and daughters, the impossible is only the beginning.

On her quest, Marra is joined by the gravewitch, a reluctant fairy godmother, a strapping former knight, and a chicken possessed by a demon. Together, the five of them intend to be the hand that closes around the throat of the prince and frees Marra's family and their kingdom from its tyrannous ruler at last."	[{'Fantasy': 11}, {'Fiction': 3}, {'Horror': 2}, {'Young Adult': 1}, {'Adventure': 1}, {'Science Fiction': 1}, {'Science Fiction & Fantasy': 1}, {'Literature & Fiction': 1}, {'Classics': 0}, {'Loveable Characters': 68}, {'Strong Character Development': 49}, {'A mix driven': 41}, {'Diverse Characters': 38}, {'Not Diverse Characters': 30}, {'Weak Character Development': 25}, {'Plot driven': 24}, {'Character driven': 11}, {'Unloveable Characters': 7}, {'funny': 2}, {'Adventurous': 83}, {'dark': 51}, {'funny': 42}, {'emotional': 34}, {'mysterious': 27}, {'lighthearted': 19}, {'hopeful': 19}, {'tense': 9}, {'sad': 7}, {'inspiring': 6}]
11	9781789098273	Nettle & Bone	T. Kingfisher	2022	Titan Books Limited	"After years of seeing her sisters suffer at the hands of an abusive prince, Marra—the shy, convent-raised, third-born daughter—has finally realized that no one is coming to their rescue. No one, except for Marra herself.

Seeking help from a powerful gravewitch, Marra is offered the tools to kill a prince—if she can complete three impossible tasks. But, as is the way in tales of princes, witches, and daughters, the impossible is only the beginning.

On her quest, Marra is joined by the gravewitch, a reluctant fairy godmother, a strapping former knight, and a chicken possessed by a demon. Together, the five of them intend to be the hand that closes around the throat of the prince and frees Marra's family and their kingdom from its tyrannous ruler at last."	[{'Fantasy': 11}, {'Fiction': 3}, {'Horror': 2}, {'Young Adult': 1}, {'Adventure': 1}, {'Science Fiction': 1}, {'Science Fiction & Fantasy': 1}, {'Literature & Fiction': 1}, {'Classics': 0}, {'Loveable Characters': 68}, {'Strong Character Development': 49}, {'A mix driven': 41}, {'Diverse Characters': 38}, {'Not Diverse Characters': 30}, {'Weak Character Development': 25}, {'Plot driven': 24}, {'Character driven': 11}, {'Unloveable Characters': 7}, {'funny': 2}, {'Adventurous': 83}, {'dark': 51}, {'funny': 42}, {'emotional': 34}, {'mysterious': 27}, {'lighthearted': 19}, {'hopeful': 19}, {'tense': 9}, {'sad': 7}, {'inspiring': 6}]
13		A Sorceress Comes to Call	T. Kingfisher	2024	Macmillan Audio	"*The hardcover edition features a foil stamp on the casing and custom endpapers illustrated by the author.*

Cordelia knows her mother is . . . unusual. Their house doesn’t have any doors between rooms—there are no secrets in this house—and her mother doesn't allow Cordelia to have a single friend. Unless you count Falada, her mother's beautiful white horse. The only time Cordelia feels truly free is on her daily rides with him.

But more than simple eccentricity sets her mother apart. Other mothers don’t force their daughters to be silent and motionless for hours, sometimes days, on end. Other mothers aren’t evil sorcerers.

When her mother unexpectedly moves them into the manor home of a wealthy older Squire and his kind but keen-eyed sister, Hester, Cordelia knows this welcoming pair are to be her mother's next victims. But Cordelia feels at home for the very first time among these people, and as her mother's plans darken, she must decide how to face the woman who raised her to save the people who have become like family."	[{'Fantasy': 5}, {'Fiction': 2}, {'Science Fiction': 1}, {'Young Adult': 1}, {'Horror': 1}, {'Fairy tale inspired': 1}, {'Horr': 0}, {'Strong Character Development': 16}, {'Loveable Characters': 15}, {'A mix driven': 11}, {'Not Diverse Characters': 11}, {'Diverse Characters': 5}, {'Plot driven': 5}, {'Unloveable Characters': 3}, {'Weak Character Development': 2}, {'Character driven': 2}, {'Genre: Horror-Weird': 1}, {'dark': 18}, {'mysterious': 14}, {'Adventurous': 12}, {'tense': 11}, {'emotional': 8}, {'funny': 7}, {'hopeful': 4}, {'lighthearted': 2}, {'sad': 2}, {'inspiring': 1}]
13	9781835411513	A Sorceress Comes to Call	T. Kingfisher	2024	Titan Books	"*The hardcover edition features a foil stamp on the casing and custom endpapers illustrated by the author.*

Cordelia knows her mother is . . . unusual. Their house doesn’t have any doors between rooms—there are no secrets in this house—and her mother doesn't allow Cordelia to have a single friend. Unless you count Falada, her mother's beautiful white horse. The only time Cordelia feels truly free is on her daily rides with him.

But more than simple eccentricity sets her mother apart. Other mothers don’t force their daughters to be silent and motionless for hours, sometimes days, on end. Other mothers aren’t evil sorcerers.

When her mother unexpectedly moves them into the manor home of a wealthy older Squire and his kind but keen-eyed sister, Hester, Cordelia knows this welcoming pair are to be her mother's next victims. But Cordelia feels at home for the very first time among these people, and as her mother's plans darken, she must decide how to face the woman who raised her to save the people who have become like family."	[{'Fantasy': 5}, {'Fiction': 2}, {'Science Fiction': 1}, {'Young Adult': 1}, {'Horror': 1}, {'Fairy tale inspired': 1}, {'Horr': 0}, {'Strong Character Development': 16}, {'Loveable Characters': 15}, {'A mix driven': 11}, {'Not Diverse Characters': 11}, {'Diverse Characters': 5}, {'Plot driven': 5}, {'Unloveable Characters': 3}, {'Weak Character Development': 2}, {'Character driven': 2}, {'Genre: Horror-Weird': 1}, {'dark': 18}, {'mysterious': 14}, {'Adventurous': 12}, {'tense': 11}, {'emotional': 8}, {'funny': 7}, {'hopeful': 4}, {'lighthearted': 2}, {'sad': 2}, {'inspiring': 1}]
13	9781250351302	A Sorceress Comes to Call	T. Kingfisher	2024	Macmillan Audio	"*The hardcover edition features a foil stamp on the casing and custom endpapers illustrated by the author.*

Cordelia knows her mother is . . . unusual. Their house doesn’t have any doors between rooms—there are no secrets in this house—and her mother doesn't allow Cordelia to have a single friend. Unless you count Falada, her mother's beautiful white horse. The only time Cordelia feels truly free is on her daily rides with him.

But more than simple eccentricity sets her mother apart. Other mothers don’t force their daughters to be silent and motionless for hours, sometimes days, on end. Other mothers aren’t evil sorcerers.

When her mother unexpectedly moves them into the manor home of a wealthy older Squire and his kind but keen-eyed sister, Hester, Cordelia knows this welcoming pair are to be her mother's next victims. But Cordelia feels at home for the very first time among these people, and as her mother's plans darken, she must decide how to face the woman who raised her to save the people who have become like family."	[{'Fantasy': 5}, {'Fiction': 2}, {'Science Fiction': 1}, {'Young Adult': 1}, {'Horror': 1}, {'Fairy tale inspired': 1}, {'Horr': 0}, {'Strong Character Development': 16}, {'Loveable Characters': 15}, {'A mix driven': 11}, {'Not Diverse Characters': 11}, {'Diverse Characters': 5}, {'Plot driven': 5}, {'Unloveable Characters': 3}, {'Weak Character Development': 2}, {'Character driven': 2}, {'Genre: Horror-Weird': 1}, {'dark': 18}, {'mysterious': 14}, {'Adventurous': 12}, {'tense': 11}, {'emotional': 8}, {'funny': 7}, {'hopeful': 4}, {'lighthearted': 2}, {'sad': 2}, {'inspiring': 1}]
13	9781835416372	A Sorceress Comes to Call	T. Kingfisher	2024	Titan Books	"*The hardcover edition features a foil stamp on the casing and custom endpapers illustrated by the author.*

Cordelia knows her mother is . . . unusual. Their house doesn’t have any doors between rooms—there are no secrets in this house—and her mother doesn't allow Cordelia to have a single friend. Unless you count Falada, her mother's beautiful white horse. The only time Cordelia feels truly free is on her daily rides with him.

But more than simple eccentricity sets her mother apart. Other mothers don’t force their daughters to be silent and motionless for hours, sometimes days, on end. Other mothers aren’t evil sorcerers.

When her mother unexpectedly moves them into the manor home of a wealthy older Squire and his kind but keen-eyed sister, Hester, Cordelia knows this welcoming pair are to be her mother's next victims. But Cordelia feels at home for the very first time among these people, and as her mother's plans darken, she must decide how to face the woman who raised her to save the people who have become like family."	[{'Fantasy': 5}, {'Fiction': 2}, {'Science Fiction': 1}, {'Young Adult': 1}, {'Horror': 1}, {'Fairy tale inspired': 1}, {'Horr': 0}, {'Strong Character Development': 16}, {'Loveable Characters': 15}, {'A mix driven': 11}, {'Not Diverse Characters': 11}, {'Diverse Characters': 5}, {'Plot driven': 5}, {'Unloveable Characters': 3}, {'Weak Character Development': 2}, {'Character driven': 2}, {'Genre: Horror-Weird': 1}, {'dark': 18}, {'mysterious': 14}, {'Adventurous': 12}, {'tense': 11}, {'emotional': 8}, {'funny': 7}, {'hopeful': 4}, {'lighthearted': 2}, {'sad': 2}, {'inspiring': 1}]
13	9781250244055	A Sorceress Comes to Call	T. Kingfisher	2024	Tor Books	"*The hardcover edition features a foil stamp on the casing and custom endpapers illustrated by the author.*

Cordelia knows her mother is . . . unusual. Their house doesn’t have any doors between rooms—there are no secrets in this house—and her mother doesn't allow Cordelia to have a single friend. Unless you count Falada, her mother's beautiful white horse. The only time Cordelia feels truly free is on her daily rides with him.

But more than simple eccentricity sets her mother apart. Other mothers don’t force their daughters to be silent and motionless for hours, sometimes days, on end. Other mothers aren’t evil sorcerers.

When her mother unexpectedly moves them into the manor home of a wealthy older Squire and his kind but keen-eyed sister, Hester, Cordelia knows this welcoming pair are to be her mother's next victims. But Cordelia feels at home for the very first time among these people, and as her mother's plans darken, she must decide how to face the woman who raised her to save the people who have become like family."	[{'Fantasy': 5}, {'Fiction': 2}, {'Science Fiction': 1}, {'Young Adult': 1}, {'Horror': 1}, {'Fairy tale inspired': 1}, {'Horr': 0}, {'Strong Character Development': 16}, {'Loveable Characters': 15}, {'A mix driven': 11}, {'Not Diverse Characters': 11}, {'Diverse Characters': 5}, {'Plot driven': 5}, {'Unloveable Characters': 3}, {'Weak Character Development': 2}, {'Character driven': 2}, {'Genre: Horror-Weird': 1}, {'dark': 18}, {'mysterious': 14}, {'Adventurous': 12}, {'tense': 11}, {'emotional': 8}, {'funny': 7}, {'hopeful': 4}, {'lighthearted': 2}, {'sad': 2}, {'inspiring': 1}]
13	9781250244062	A Sorceress Comes to Call	T. Kingfisher	2024	Tor Books	"*The hardcover edition features a foil stamp on the casing and custom endpapers illustrated by the author.*

Cordelia knows her mother is . . . unusual. Their house doesn’t have any doors between rooms—there are no secrets in this house—and her mother doesn't allow Cordelia to have a single friend. Unless you count Falada, her mother's beautiful white horse. The only time Cordelia feels truly free is on her daily rides with him.

But more than simple eccentricity sets her mother apart. Other mothers don’t force their daughters to be silent and motionless for hours, sometimes days, on end. Other mothers aren’t evil sorcerers.

When her mother unexpectedly moves them into the manor home of a wealthy older Squire and his kind but keen-eyed sister, Hester, Cordelia knows this welcoming pair are to be her mother's next victims. But Cordelia feels at home for the very first time among these people, and as her mother's plans darken, she must decide how to face the woman who raised her to save the people who have become like family."	[{'Fantasy': 5}, {'Fiction': 2}, {'Science Fiction': 1}, {'Young Adult': 1}, {'Horror': 1}, {'Fairy tale inspired': 1}, {'Horr': 0}, {'Strong Character Development': 16}, {'Loveable Characters': 15}, {'A mix driven': 11}, {'Not Diverse Characters': 11}, {'Diverse Characters': 5}, {'Plot driven': 5}, {'Unloveable Characters': 3}, {'Weak Character Development': 2}, {'Character driven': 2}, {'Genre: Horror-Weird': 1}, {'dark': 18}, {'mysterious': 14}, {'Adventurous': 12}, {'tense': 11}, {'emotional': 8}, {'funny': 7}, {'hopeful': 4}, {'lighthearted': 2}, {'sad': 2}, {'inspiring': 1}]
13	9781250244079	A Sorceress Comes to Call	T. Kingfisher	2024	Tor Books	"*The hardcover edition features a foil stamp on the casing and custom endpapers illustrated by the author.*

Cordelia knows her mother is . . . unusual. Their house doesn’t have any doors between rooms—there are no secrets in this house—and her mother doesn't allow Cordelia to have a single friend. Unless you count Falada, her mother's beautiful white horse. The only time Cordelia feels truly free is on her daily rides with him.

But more than simple eccentricity sets her mother apart. Other mothers don’t force their daughters to be silent and motionless for hours, sometimes days, on end. Other mothers aren’t evil sorcerers.

When her mother unexpectedly moves them into the manor home of a wealthy older Squire and his kind but keen-eyed sister, Hester, Cordelia knows this welcoming pair are to be her mother's next victims. But Cordelia feels at home for the very first time among these people, and as her mother's plans darken, she must decide how to face the woman who raised her to save the people who have become like family."	[{'Fantasy': 5}, {'Fiction': 2}, {'Science Fiction': 1}, {'Young Adult': 1}, {'Horror': 1}, {'Fairy tale inspired': 1}, {'Horr': 0}, {'Strong Character Development': 16}, {'Loveable Characters': 15}, {'A mix driven': 11}, {'Not Diverse Characters': 11}, {'Diverse Characters': 5}, {'Plot driven': 5}, {'Unloveable Characters': 3}, {'Weak Character Development': 2}, {'Character driven': 2}, {'Genre: Horror-Weird': 1}, {'dark': 18}, {'mysterious': 14}, {'Adventurous': 12}, {'tense': 11}, {'emotional': 8}, {'funny': 7}, {'hopeful': 4}, {'lighthearted': 2}, {'sad': 2}, {'inspiring': 1}]
13	9781004163939	A Sorceress Comes to Call	T. Kingfisher	2024	W. F. Howes Ltd 	"*The hardcover edition features a foil stamp on the casing and custom endpapers illustrated by the author.*

Cordelia knows her mother is . . . unusual. Their house doesn’t have any doors between rooms—there are no secrets in this house—and her mother doesn't allow Cordelia to have a single friend. Unless you count Falada, her mother's beautiful white horse. The only time Cordelia feels truly free is on her daily rides with him.

But more than simple eccentricity sets her mother apart. Other mothers don’t force their daughters to be silent and motionless for hours, sometimes days, on end. Other mothers aren’t evil sorcerers.

When her mother unexpectedly moves them into the manor home of a wealthy older Squire and his kind but keen-eyed sister, Hester, Cordelia knows this welcoming pair are to be her mother's next victims. But Cordelia feels at home for the very first time among these people, and as her mother's plans darken, she must decide how to face the woman who raised her to save the people who have become like family."	[{'Fantasy': 5}, {'Fiction': 2}, {'Science Fiction': 1}, {'Young Adult': 1}, {'Horror': 1}, {'Fairy tale inspired': 1}, {'Horr': 0}, {'Strong Character Development': 16}, {'Loveable Characters': 15}, {'A mix driven': 11}, {'Not Diverse Characters': 11}, {'Diverse Characters': 5}, {'Plot driven': 5}, {'Unloveable Characters': 3}, {'Weak Character Development': 2}, {'Character driven': 2}, {'Genre: Horror-Weird': 1}, {'dark': 18}, {'mysterious': 14}, {'Adventurous': 12}, {'tense': 11}, {'emotional': 8}, {'funny': 7}, {'hopeful': 4}, {'lighthearted': 2}, {'sad': 2}, {'inspiring': 1}]
13	9781789098303	A Sorceress Comes to Call	T. Kingfisher	2024	Titan Books	"*The hardcover edition features a foil stamp on the casing and custom endpapers illustrated by the author.*

Cordelia knows her mother is . . . unusual. Their house doesn’t have any doors between rooms—there are no secrets in this house—and her mother doesn't allow Cordelia to have a single friend. Unless you count Falada, her mother's beautiful white horse. The only time Cordelia feels truly free is on her daily rides with him.

But more than simple eccentricity sets her mother apart. Other mothers don’t force their daughters to be silent and motionless for hours, sometimes days, on end. Other mothers aren’t evil sorcerers.

When her mother unexpectedly moves them into the manor home of a wealthy older Squire and his kind but keen-eyed sister, Hester, Cordelia knows this welcoming pair are to be her mother's next victims. But Cordelia feels at home for the very first time among these people, and as her mother's plans darken, she must decide how to face the woman who raised her to save the people who have become like family."	[{'Fantasy': 5}, {'Fiction': 2}, {'Science Fiction': 1}, {'Young Adult': 1}, {'Horror': 1}, {'Fairy tale inspired': 1}, {'Horr': 0}, {'Strong Character Development': 16}, {'Loveable Characters': 15}, {'A mix driven': 11}, {'Not Diverse Characters': 11}, {'Diverse Characters': 5}, {'Plot driven': 5}, {'Unloveable Characters': 3}, {'Weak Character Development': 2}, {'Character driven': 2}, {'Genre: Horror-Weird': 1}, {'dark': 18}, {'mysterious': 14}, {'Adventurous': 12}, {'tense': 11}, {'emotional': 8}, {'funny': 7}, {'hopeful': 4}, {'lighthearted': 2}, {'sad': 2}, {'inspiring': 1}]
13	9781789098297	A Sorceress Comes to Call	T. Kingfisher	2024	Titan Books Limited	"*The hardcover edition features a foil stamp on the casing and custom endpapers illustrated by the author.*

Cordelia knows her mother is . . . unusual. Their house doesn’t have any doors between rooms—there are no secrets in this house—and her mother doesn't allow Cordelia to have a single friend. Unless you count Falada, her mother's beautiful white horse. The only time Cordelia feels truly free is on her daily rides with him.

But more than simple eccentricity sets her mother apart. Other mothers don’t force their daughters to be silent and motionless for hours, sometimes days, on end. Other mothers aren’t evil sorcerers.

When her mother unexpectedly moves them into the manor home of a wealthy older Squire and his kind but keen-eyed sister, Hester, Cordelia knows this welcoming pair are to be her mother's next victims. But Cordelia feels at home for the very first time among these people, and as her mother's plans darken, she must decide how to face the woman who raised her to save the people who have become like family."	[{'Fantasy': 5}, {'Fiction': 2}, {'Science Fiction': 1}, {'Young Adult': 1}, {'Horror': 1}, {'Fairy tale inspired': 1}, {'Horr': 0}, {'Strong Character Development': 16}, {'Loveable Characters': 15}, {'A mix driven': 11}, {'Not Diverse Characters': 11}, {'Diverse Characters': 5}, {'Plot driven': 5}, {'Unloveable Characters': 3}, {'Weak Character Development': 2}, {'Character driven': 2}, {'Genre: Horror-Weird': 1}, {'dark': 18}, {'mysterious': 14}, {'Adventurous': 12}, {'tense': 11}, {'emotional': 8}, {'funny': 7}, {'hopeful': 4}, {'lighthearted': 2}, {'sad': 2}, {'inspiring': 1}]
18	9780312019778	All My Sins Remembered	Joe Haldeman	1977	St. Martin's Press	Otto McGavin is peaceful and idealistic by nature, an Anglo-Buddhist, who seeks employment with the Confederacion because he believes in it and its mission to protect the rights of humans and nonhumans. The only problem is that the Confederacion needs him as a Prime Operator for its secret service, the TBII, and the TBII wants Otto as a spy, a thief and an assassin. It's not, of course, a problem for the Confederacion, which simply uses immersion therapy and hypnosis for Otto's training, and then sends him out in deep cover on a variety of dangerous missions on a number of bizarre worlds. But for Otto, it's a different what he has to witness and what he is forced to do take a terrible toll on him ...	[{'Science Fiction': 1}, {'Fantasy': 1}, {'Space': 1}, {'Aliens': 1}, {'Adventure': 1}, {'Fiction': 1}]
18	9781497692411	All My Sins Remembered	Joe Haldeman	1977	Open Road Integrated Media, Inc.	Otto McGavin is peaceful and idealistic by nature, an Anglo-Buddhist, who seeks employment with the Confederacion because he believes in it and its mission to protect the rights of humans and nonhumans. The only problem is that the Confederacion needs him as a Prime Operator for its secret service, the TBII, and the TBII wants Otto as a spy, a thief and an assassin. It's not, of course, a problem for the Confederacion, which simply uses immersion therapy and hypnosis for Otto's training, and then sends him out in deep cover on a variety of dangerous missions on a number of bizarre worlds. But for Otto, it's a different what he has to witness and what he is forced to do take a terrible toll on him ...	[{'Science Fiction': 1}, {'Fantasy': 1}, {'Space': 1}, {'Aliens': 1}, {'Adventure': 1}, {'Fiction': 1}]
18	9780575072817	All My Sins Remembered	Joe Haldeman	1977	Gollancz	Otto McGavin is peaceful and idealistic by nature, an Anglo-Buddhist, who seeks employment with the Confederacion because he believes in it and its mission to protect the rights of humans and nonhumans. The only problem is that the Confederacion needs him as a Prime Operator for its secret service, the TBII, and the TBII wants Otto as a spy, a thief and an assassin. It's not, of course, a problem for the Confederacion, which simply uses immersion therapy and hypnosis for Otto's training, and then sends him out in deep cover on a variety of dangerous missions on a number of bizarre worlds. But for Otto, it's a different what he has to witness and what he is forced to do take a terrible toll on him ...	[{'Science Fiction': 1}, {'Fantasy': 1}, {'Space': 1}, {'Aliens': 1}, {'Adventure': 1}, {'Fiction': 1}]
23	9780553123333	Tales of Nevèrÿon	Samuel R. Delany	1979	Bantam Books	A group of interrelated stories taking place in an ambiguous distant past setting that on the surface resembles sword-and-sorcery.  As always, Delany works his magic by drawing you in with vivid sensory immediacy, and then opening up uncountable doors of thought into language, semiotics, politics, economy and technology.  The first in an addictive and haunting series, it also forms, along with many of his other works, part of a larger work he calls *Some Informal Remarks Toward the Modular Calculus.*  If that intimidates you, don't worry about it.  Enjoy the story and take time to reflect on all the thoughts it invites.  You can go back and read the appendices later.	[{'Fiction': 52585}, {'Fantasy': 47702}, {'Classics': 23018}, {'Science fiction': 21302}, {'LGBTQ': 10118}, {'American fiction': 164}]
23	9780553228427	Tales of Nevèrÿon	Samuel R. Delany	1979		A group of interrelated stories taking place in an ambiguous distant past setting that on the surface resembles sword-and-sorcery.  As always, Delany works his magic by drawing you in with vivid sensory immediacy, and then opening up uncountable doors of thought into language, semiotics, politics, economy and technology.  The first in an addictive and haunting series, it also forms, along with many of his other works, part of a larger work he calls *Some Informal Remarks Toward the Modular Calculus.*  If that intimidates you, don't worry about it.  Enjoy the story and take time to reflect on all the thoughts it invites.  You can go back and read the appendices later.	[{'Fiction': 52585}, {'Fantasy': 47702}, {'Classics': 23018}, {'Science fiction': 21302}, {'LGBTQ': 10118}, {'American fiction': 164}]
23	9781480461734	Tales of Nevèrÿon	Samuel R. Delany	1979		A group of interrelated stories taking place in an ambiguous distant past setting that on the surface resembles sword-and-sorcery.  As always, Delany works his magic by drawing you in with vivid sensory immediacy, and then opening up uncountable doors of thought into language, semiotics, politics, economy and technology.  The first in an addictive and haunting series, it also forms, along with many of his other works, part of a larger work he calls *Some Informal Remarks Toward the Modular Calculus.*  If that intimidates you, don't worry about it.  Enjoy the story and take time to reflect on all the thoughts it invites.  You can go back and read the appendices later.	[{'Fiction': 52585}, {'Fantasy': 47702}, {'Classics': 23018}, {'Science fiction': 21302}, {'LGBTQ': 10118}, {'American fiction': 164}]
23		Tales of Nevèrÿon	Samuel R. Delany	1979		A group of interrelated stories taking place in an ambiguous distant past setting that on the surface resembles sword-and-sorcery.  As always, Delany works his magic by drawing you in with vivid sensory immediacy, and then opening up uncountable doors of thought into language, semiotics, politics, economy and technology.  The first in an addictive and haunting series, it also forms, along with many of his other works, part of a larger work he calls *Some Informal Remarks Toward the Modular Calculus.*  If that intimidates you, don't worry about it.  Enjoy the story and take time to reflect on all the thoughts it invites.  You can go back and read the appendices later.	[{'Fiction': 52585}, {'Fantasy': 47702}, {'Classics': 23018}, {'Science fiction': 21302}, {'LGBTQ': 10118}, {'American fiction': 164}]
23	9780819562708	Tales of Nevèrÿon	Samuel R. Delany	1979		A group of interrelated stories taking place in an ambiguous distant past setting that on the surface resembles sword-and-sorcery.  As always, Delany works his magic by drawing you in with vivid sensory immediacy, and then opening up uncountable doors of thought into language, semiotics, politics, economy and technology.  The first in an addictive and haunting series, it also forms, along with many of his other works, part of a larger work he calls *Some Informal Remarks Toward the Modular Calculus.*  If that intimidates you, don't worry about it.  Enjoy the story and take time to reflect on all the thoughts it invites.  You can go back and read the appendices later.	[{'Fiction': 52585}, {'Fantasy': 47702}, {'Classics': 23018}, {'Science fiction': 21302}, {'LGBTQ': 10118}, {'American fiction': 164}]
23	9780586202708	Tales of Nevèrÿon	Samuel R. Delany	1979	Voyager	A group of interrelated stories taking place in an ambiguous distant past setting that on the surface resembles sword-and-sorcery.  As always, Delany works his magic by drawing you in with vivid sensory immediacy, and then opening up uncountable doors of thought into language, semiotics, politics, economy and technology.  The first in an addictive and haunting series, it also forms, along with many of his other works, part of a larger work he calls *Some Informal Remarks Toward the Modular Calculus.*  If that intimidates you, don't worry about it.  Enjoy the story and take time to reflect on all the thoughts it invites.  You can go back and read the appendices later.	[{'Fiction': 52585}, {'Fantasy': 47702}, {'Classics': 23018}, {'Science fiction': 21302}, {'LGBTQ': 10118}, {'American fiction': 164}]
24	9780708880876	King David's Spaceship	Jerry Pournelle	1973	Futura	"Four levels of technology collide in this fascinating sci-fi thriller about a Renaissance general racing to extract the secrets of space flight from a forgotten library guarded by barbarians on horseback before the bureaucrats of a re-ascendant galactic empire can finish classifying the Renaissance general's world as a flightless backwater planet fit only for subjugation and exploitation. As is often the case in hard sci-fi, the characters' personalities are neglected in favor of in-depth discussion of military tactics, historical speculation, and political economy, but the writing is tight, thoughtful, and fun, so it's not too hard to suspend your disbelief.

This book is a sort of sequel to the much more famous *The Mote in God's Eye*, but the events are largely independent."	[{'Adventure': 1}, {'Fiction': 1}, {'Science Fiction': 1}, {'Space': 1}, {' American': 0}, {'Politics': 0}, {'fiction': 1}, {'Science Fiction & Fantasy': 1}, {'#digitally-own': 1}]
24	9781618240828	King David's Spaceship	Jerry Pournelle	1973		"Four levels of technology collide in this fascinating sci-fi thriller about a Renaissance general racing to extract the secrets of space flight from a forgotten library guarded by barbarians on horseback before the bureaucrats of a re-ascendant galactic empire can finish classifying the Renaissance general's world as a flightless backwater planet fit only for subjugation and exploitation. As is often the case in hard sci-fi, the characters' personalities are neglected in favor of in-depth discussion of military tactics, historical speculation, and political economy, but the writing is tight, thoughtful, and fun, so it's not too hard to suspend your disbelief.

This book is a sort of sequel to the much more famous *The Mote in God's Eye*, but the events are largely independent."	[{'Adventure': 1}, {'Fiction': 1}, {'Science Fiction': 1}, {'Space': 1}, {' American': 0}, {'Politics': 0}, {'fiction': 1}, {'Science Fiction & Fantasy': 1}, {'#digitally-own': 1}]
24	9780356085067	King David's Spaceship	Jerry Pournelle	1973	Macdonald & Co.	"Four levels of technology collide in this fascinating sci-fi thriller about a Renaissance general racing to extract the secrets of space flight from a forgotten library guarded by barbarians on horseback before the bureaucrats of a re-ascendant galactic empire can finish classifying the Renaissance general's world as a flightless backwater planet fit only for subjugation and exploitation. As is often the case in hard sci-fi, the characters' personalities are neglected in favor of in-depth discussion of military tactics, historical speculation, and political economy, but the writing is tight, thoughtful, and fun, so it's not too hard to suspend your disbelief.

This book is a sort of sequel to the much more famous *The Mote in God's Eye*, but the events are largely independent."	[{'Adventure': 1}, {'Fiction': 1}, {'Science Fiction': 1}, {'Space': 1}, {' American': 0}, {'Politics': 0}, {'fiction': 1}, {'Science Fiction & Fantasy': 1}, {'#digitally-own': 1}]
24	9780671720681	King David's Spaceship	Jerry Pournelle	1973	Baen Books	"Four levels of technology collide in this fascinating sci-fi thriller about a Renaissance general racing to extract the secrets of space flight from a forgotten library guarded by barbarians on horseback before the bureaucrats of a re-ascendant galactic empire can finish classifying the Renaissance general's world as a flightless backwater planet fit only for subjugation and exploitation. As is often the case in hard sci-fi, the characters' personalities are neglected in favor of in-depth discussion of military tactics, historical speculation, and political economy, but the writing is tight, thoughtful, and fun, so it's not too hard to suspend your disbelief.

This book is a sort of sequel to the much more famous *The Mote in God's Eye*, but the events are largely independent."	[{'Adventure': 1}, {'Fiction': 1}, {'Science Fiction': 1}, {'Space': 1}, {' American': 0}, {'Politics': 0}, {'fiction': 1}, {'Science Fiction & Fantasy': 1}, {'#digitally-own': 1}]
24	9781555940485	King David's spaceship.	Jerry Pournelle	1973	Baen Books	"Four levels of technology collide in this fascinating sci-fi thriller about a Renaissance general racing to extract the secrets of space flight from a forgotten library guarded by barbarians on horseback before the bureaucrats of a re-ascendant galactic empire can finish classifying the Renaissance general's world as a flightless backwater planet fit only for subjugation and exploitation. As is often the case in hard sci-fi, the characters' personalities are neglected in favor of in-depth discussion of military tactics, historical speculation, and political economy, but the writing is tight, thoughtful, and fun, so it's not too hard to suspend your disbelief.

This book is a sort of sequel to the much more famous *The Mote in God's Eye*, but the events are largely independent."	[{'Adventure': 1}, {'Fiction': 1}, {'Science Fiction': 1}, {'Space': 1}, {' American': 0}, {'Politics': 0}, {'fiction': 1}, {'Science Fiction & Fantasy': 1}, {'#digitally-own': 1}]
24	9780671656164	King David's Spaceship	Jerry Pournelle	1973	Baen Books	"Four levels of technology collide in this fascinating sci-fi thriller about a Renaissance general racing to extract the secrets of space flight from a forgotten library guarded by barbarians on horseback before the bureaucrats of a re-ascendant galactic empire can finish classifying the Renaissance general's world as a flightless backwater planet fit only for subjugation and exploitation. As is often the case in hard sci-fi, the characters' personalities are neglected in favor of in-depth discussion of military tactics, historical speculation, and political economy, but the writing is tight, thoughtful, and fun, so it's not too hard to suspend your disbelief.

This book is a sort of sequel to the much more famous *The Mote in God's Eye*, but the events are largely independent."	[{'Adventure': 1}, {'Fiction': 1}, {'Science Fiction': 1}, {'Space': 1}, {' American': 0}, {'Politics': 0}, {'fiction': 1}, {'Science Fiction & Fantasy': 1}, {'#digitally-own': 1}]
24	9780671431051	King David's spaceship	Jerry Pournelle	1973	Pocket Books	"Four levels of technology collide in this fascinating sci-fi thriller about a Renaissance general racing to extract the secrets of space flight from a forgotten library guarded by barbarians on horseback before the bureaucrats of a re-ascendant galactic empire can finish classifying the Renaissance general's world as a flightless backwater planet fit only for subjugation and exploitation. As is often the case in hard sci-fi, the characters' personalities are neglected in favor of in-depth discussion of military tactics, historical speculation, and political economy, but the writing is tight, thoughtful, and fun, so it's not too hard to suspend your disbelief.

This book is a sort of sequel to the much more famous *The Mote in God's Eye*, but the events are largely independent."	[{'Adventure': 1}, {'Fiction': 1}, {'Science Fiction': 1}, {'Space': 1}, {' American': 0}, {'Politics': 0}, {'fiction': 1}, {'Science Fiction & Fantasy': 1}, {'#digitally-own': 1}]
24	9780671253288	King David's Spaceship	Jerry Pournelle	1973	Simon & Schuster	"Four levels of technology collide in this fascinating sci-fi thriller about a Renaissance general racing to extract the secrets of space flight from a forgotten library guarded by barbarians on horseback before the bureaucrats of a re-ascendant galactic empire can finish classifying the Renaissance general's world as a flightless backwater planet fit only for subjugation and exploitation. As is often the case in hard sci-fi, the characters' personalities are neglected in favor of in-depth discussion of military tactics, historical speculation, and political economy, but the writing is tight, thoughtful, and fun, so it's not too hard to suspend your disbelief.

This book is a sort of sequel to the much more famous *The Mote in God's Eye*, but the events are largely independent."	[{'Adventure': 1}, {'Fiction': 1}, {'Science Fiction': 1}, {'Space': 1}, {' American': 0}, {'Politics': 0}, {'fiction': 1}, {'Science Fiction & Fantasy': 1}, {'#digitally-own': 1}]
27		The neverending story	Michael Ende	1979	Penguin Books	"This epic work of the imagination has captured the hearts of millions of readers worldwide since it was first published more than a decade ago. Its special story within a story is an irresistible invitation for readers to become part of the book itself. And now this modern classic and bibliophile's dream is available in hardcover again.

The story begins with a lonely boy named Bastian and the strange book that draws him into the beautiful but doomed world of Fantastica. Only a human can save this enchanted place by giving its ruler, the Childlike Empress, a new name. But the journey to her tower leads through lands of dragons, giants, monsters, and magic and once Bastian begins his quest, he may never return. As he is drawn deeper into Fantastica, he must find the courage to face unspeakable foes and the mysteries of his own heart. 

Readers, too, can travel to the wondrous, unforgettable world of Fantastica if they will just turn the page...
--front flap"	"[{'Fantasy': 2}, {'Young Adult': 1}, {'Juvenile Fiction': 1}, {'Fiction': 1}, {'Spanish': 1}, {'Action & Adventure': 1}, {'Adventure': 1}, {""Children's stories"": 1}, {' German': 1}, {'Classics': 1}, {'Strong Character Development': 4}, {'Loveable Characters': 3}, {'A mix driven': 3}, {'Not Diverse Characters': 3}, {'Plot driven': 1}, {'Diverse Characters': 1}, {'Adventurous': 7}, {'hopeful': 4}, {'lighthearted': 3}, {'inspiring': 2}, {'reflective': 2}, {'emotional': 1}, {'mysterious': 1}, {'relaxing': 0}]"
27	9780816137077	The neverending story	Michael Ende	1979	G. K. Hall	"This epic work of the imagination has captured the hearts of millions of readers worldwide since it was first published more than a decade ago. Its special story within a story is an irresistible invitation for readers to become part of the book itself. And now this modern classic and bibliophile's dream is available in hardcover again.

The story begins with a lonely boy named Bastian and the strange book that draws him into the beautiful but doomed world of Fantastica. Only a human can save this enchanted place by giving its ruler, the Childlike Empress, a new name. But the journey to her tower leads through lands of dragons, giants, monsters, and magic and once Bastian begins his quest, he may never return. As he is drawn deeper into Fantastica, he must find the courage to face unspeakable foes and the mysteries of his own heart. 

Readers, too, can travel to the wondrous, unforgettable world of Fantastica if they will just turn the page...
--front flap"	"[{'Fantasy': 2}, {'Young Adult': 1}, {'Juvenile Fiction': 1}, {'Fiction': 1}, {'Spanish': 1}, {'Action & Adventure': 1}, {'Adventure': 1}, {""Children's stories"": 1}, {' German': 1}, {'Classics': 1}, {'Strong Character Development': 4}, {'Loveable Characters': 3}, {'A mix driven': 3}, {'Not Diverse Characters': 3}, {'Plot driven': 1}, {'Diverse Characters': 1}, {'Adventurous': 7}, {'hopeful': 4}, {'lighthearted': 3}, {'inspiring': 2}, {'reflective': 2}, {'emotional': 1}, {'mysterious': 1}, {'relaxing': 0}]"
27	9780899668079	Neverending Story	Michael Ende	1979	Buccaneer Books	"This epic work of the imagination has captured the hearts of millions of readers worldwide since it was first published more than a decade ago. Its special story within a story is an irresistible invitation for readers to become part of the book itself. And now this modern classic and bibliophile's dream is available in hardcover again.

The story begins with a lonely boy named Bastian and the strange book that draws him into the beautiful but doomed world of Fantastica. Only a human can save this enchanted place by giving its ruler, the Childlike Empress, a new name. But the journey to her tower leads through lands of dragons, giants, monsters, and magic and once Bastian begins his quest, he may never return. As he is drawn deeper into Fantastica, he must find the courage to face unspeakable foes and the mysteries of his own heart. 

Readers, too, can travel to the wondrous, unforgettable world of Fantastica if they will just turn the page...
--front flap"	"[{'Fantasy': 2}, {'Young Adult': 1}, {'Juvenile Fiction': 1}, {'Fiction': 1}, {'Spanish': 1}, {'Action & Adventure': 1}, {'Adventure': 1}, {""Children's stories"": 1}, {' German': 1}, {'Classics': 1}, {'Strong Character Development': 4}, {'Loveable Characters': 3}, {'A mix driven': 3}, {'Not Diverse Characters': 3}, {'Plot driven': 1}, {'Diverse Characters': 1}, {'Adventurous': 7}, {'hopeful': 4}, {'lighthearted': 3}, {'inspiring': 2}, {'reflective': 2}, {'emotional': 1}, {'mysterious': 1}, {'relaxing': 0}]"
27	9780140317930	The Neverending Story	Michael Ende	1979	Putnam Juvenile	"This epic work of the imagination has captured the hearts of millions of readers worldwide since it was first published more than a decade ago. Its special story within a story is an irresistible invitation for readers to become part of the book itself. And now this modern classic and bibliophile's dream is available in hardcover again.

The story begins with a lonely boy named Bastian and the strange book that draws him into the beautiful but doomed world of Fantastica. Only a human can save this enchanted place by giving its ruler, the Childlike Empress, a new name. But the journey to her tower leads through lands of dragons, giants, monsters, and magic and once Bastian begins his quest, he may never return. As he is drawn deeper into Fantastica, he must find the courage to face unspeakable foes and the mysteries of his own heart. 

Readers, too, can travel to the wondrous, unforgettable world of Fantastica if they will just turn the page...
--front flap"	"[{'Fantasy': 2}, {'Young Adult': 1}, {'Juvenile Fiction': 1}, {'Fiction': 1}, {'Spanish': 1}, {'Action & Adventure': 1}, {'Adventure': 1}, {""Children's stories"": 1}, {' German': 1}, {'Classics': 1}, {'Strong Character Development': 4}, {'Loveable Characters': 3}, {'A mix driven': 3}, {'Not Diverse Characters': 3}, {'Plot driven': 1}, {'Diverse Characters': 1}, {'Adventurous': 7}, {'hopeful': 4}, {'lighthearted': 3}, {'inspiring': 2}, {'reflective': 2}, {'emotional': 1}, {'mysterious': 1}, {'relaxing': 0}]"
27	9780140074314	The Neverending Story	Michael Ende	1979	Penguin	"This epic work of the imagination has captured the hearts of millions of readers worldwide since it was first published more than a decade ago. Its special story within a story is an irresistible invitation for readers to become part of the book itself. And now this modern classic and bibliophile's dream is available in hardcover again.

The story begins with a lonely boy named Bastian and the strange book that draws him into the beautiful but doomed world of Fantastica. Only a human can save this enchanted place by giving its ruler, the Childlike Empress, a new name. But the journey to her tower leads through lands of dragons, giants, monsters, and magic and once Bastian begins his quest, he may never return. As he is drawn deeper into Fantastica, he must find the courage to face unspeakable foes and the mysteries of his own heart. 

Readers, too, can travel to the wondrous, unforgettable world of Fantastica if they will just turn the page...
--front flap"	"[{'Fantasy': 2}, {'Young Adult': 1}, {'Juvenile Fiction': 1}, {'Fiction': 1}, {'Spanish': 1}, {'Action & Adventure': 1}, {'Adventure': 1}, {""Children's stories"": 1}, {' German': 1}, {'Classics': 1}, {'Strong Character Development': 4}, {'Loveable Characters': 3}, {'A mix driven': 3}, {'Not Diverse Characters': 3}, {'Plot driven': 1}, {'Diverse Characters': 1}, {'Adventurous': 7}, {'hopeful': 4}, {'lighthearted': 3}, {'inspiring': 2}, {'reflective': 2}, {'emotional': 1}, {'mysterious': 1}, {'relaxing': 0}]"
27	9780385176224	The Neverending Story	Michael Ende, Ralph Manheim	1979	Doubleday	"This epic work of the imagination has captured the hearts of millions of readers worldwide since it was first published more than a decade ago. Its special story within a story is an irresistible invitation for readers to become part of the book itself. And now this modern classic and bibliophile's dream is available in hardcover again.

The story begins with a lonely boy named Bastian and the strange book that draws him into the beautiful but doomed world of Fantastica. Only a human can save this enchanted place by giving its ruler, the Childlike Empress, a new name. But the journey to her tower leads through lands of dragons, giants, monsters, and magic and once Bastian begins his quest, he may never return. As he is drawn deeper into Fantastica, he must find the courage to face unspeakable foes and the mysteries of his own heart. 

Readers, too, can travel to the wondrous, unforgettable world of Fantastica if they will just turn the page...
--front flap"	"[{'Fantasy': 2}, {'Young Adult': 1}, {'Juvenile Fiction': 1}, {'Fiction': 1}, {'Spanish': 1}, {'Action & Adventure': 1}, {'Adventure': 1}, {""Children's stories"": 1}, {' German': 1}, {'Classics': 1}, {'Strong Character Development': 4}, {'Loveable Characters': 3}, {'A mix driven': 3}, {'Not Diverse Characters': 3}, {'Plot driven': 1}, {'Diverse Characters': 1}, {'Adventurous': 7}, {'hopeful': 4}, {'lighthearted': 3}, {'inspiring': 2}, {'reflective': 2}, {'emotional': 1}, {'mysterious': 1}, {'relaxing': 0}]"
27	9780141354972	The Neverending Story	Michael Ende	1979	Puffin	"This epic work of the imagination has captured the hearts of millions of readers worldwide since it was first published more than a decade ago. Its special story within a story is an irresistible invitation for readers to become part of the book itself. And now this modern classic and bibliophile's dream is available in hardcover again.

The story begins with a lonely boy named Bastian and the strange book that draws him into the beautiful but doomed world of Fantastica. Only a human can save this enchanted place by giving its ruler, the Childlike Empress, a new name. But the journey to her tower leads through lands of dragons, giants, monsters, and magic and once Bastian begins his quest, he may never return. As he is drawn deeper into Fantastica, he must find the courage to face unspeakable foes and the mysteries of his own heart. 

Readers, too, can travel to the wondrous, unforgettable world of Fantastica if they will just turn the page...
--front flap"	"[{'Fantasy': 2}, {'Young Adult': 1}, {'Juvenile Fiction': 1}, {'Fiction': 1}, {'Spanish': 1}, {'Action & Adventure': 1}, {'Adventure': 1}, {""Children's stories"": 1}, {' German': 1}, {'Classics': 1}, {'Strong Character Development': 4}, {'Loveable Characters': 3}, {'A mix driven': 3}, {'Not Diverse Characters': 3}, {'Plot driven': 1}, {'Diverse Characters': 1}, {'Adventurous': 7}, {'hopeful': 4}, {'lighthearted': 3}, {'inspiring': 2}, {'reflective': 2}, {'emotional': 1}, {'mysterious': 1}, {'relaxing': 0}]"
27	0525556044	The Neverending Story	Michael Ende	1979	Penguin	"This epic work of the imagination has captured the hearts of millions of readers worldwide since it was first published more than a decade ago. Its special story within a story is an irresistible invitation for readers to become part of the book itself. And now this modern classic and bibliophile's dream is available in hardcover again.

The story begins with a lonely boy named Bastian and the strange book that draws him into the beautiful but doomed world of Fantastica. Only a human can save this enchanted place by giving its ruler, the Childlike Empress, a new name. But the journey to her tower leads through lands of dragons, giants, monsters, and magic and once Bastian begins his quest, he may never return. As he is drawn deeper into Fantastica, he must find the courage to face unspeakable foes and the mysteries of his own heart. 

Readers, too, can travel to the wondrous, unforgettable world of Fantastica if they will just turn the page...
--front flap"	"[{'Fantasy': 2}, {'Young Adult': 1}, {'Juvenile Fiction': 1}, {'Fiction': 1}, {'Spanish': 1}, {'Action & Adventure': 1}, {'Adventure': 1}, {""Children's stories"": 1}, {' German': 1}, {'Classics': 1}, {'Strong Character Development': 4}, {'Loveable Characters': 3}, {'A mix driven': 3}, {'Not Diverse Characters': 3}, {'Plot driven': 1}, {'Diverse Characters': 1}, {'Adventurous': 7}, {'hopeful': 4}, {'lighthearted': 3}, {'inspiring': 2}, {'reflective': 2}, {'emotional': 1}, {'mysterious': 1}, {'relaxing': 0}]"
27	9780140077247	The Neverending Story	Michael Ende	1979	Penguin	"This epic work of the imagination has captured the hearts of millions of readers worldwide since it was first published more than a decade ago. Its special story within a story is an irresistible invitation for readers to become part of the book itself. And now this modern classic and bibliophile's dream is available in hardcover again.

The story begins with a lonely boy named Bastian and the strange book that draws him into the beautiful but doomed world of Fantastica. Only a human can save this enchanted place by giving its ruler, the Childlike Empress, a new name. But the journey to her tower leads through lands of dragons, giants, monsters, and magic and once Bastian begins his quest, he may never return. As he is drawn deeper into Fantastica, he must find the courage to face unspeakable foes and the mysteries of his own heart. 

Readers, too, can travel to the wondrous, unforgettable world of Fantastica if they will just turn the page...
--front flap"	"[{'Fantasy': 2}, {'Young Adult': 1}, {'Juvenile Fiction': 1}, {'Fiction': 1}, {'Spanish': 1}, {'Action & Adventure': 1}, {'Adventure': 1}, {""Children's stories"": 1}, {' German': 1}, {'Classics': 1}, {'Strong Character Development': 4}, {'Loveable Characters': 3}, {'A mix driven': 3}, {'Not Diverse Characters': 3}, {'Plot driven': 1}, {'Diverse Characters': 1}, {'Adventurous': 7}, {'hopeful': 4}, {'lighthearted': 3}, {'inspiring': 2}, {'reflective': 2}, {'emotional': 1}, {'mysterious': 1}, {'relaxing': 0}]"
27	9780614287264	The Neverending Story	Michael Ende	1979		"This epic work of the imagination has captured the hearts of millions of readers worldwide since it was first published more than a decade ago. Its special story within a story is an irresistible invitation for readers to become part of the book itself. And now this modern classic and bibliophile's dream is available in hardcover again.

The story begins with a lonely boy named Bastian and the strange book that draws him into the beautiful but doomed world of Fantastica. Only a human can save this enchanted place by giving its ruler, the Childlike Empress, a new name. But the journey to her tower leads through lands of dragons, giants, monsters, and magic and once Bastian begins his quest, he may never return. As he is drawn deeper into Fantastica, he must find the courage to face unspeakable foes and the mysteries of his own heart. 

Readers, too, can travel to the wondrous, unforgettable world of Fantastica if they will just turn the page...
--front flap"	"[{'Fantasy': 2}, {'Young Adult': 1}, {'Juvenile Fiction': 1}, {'Fiction': 1}, {'Spanish': 1}, {'Action & Adventure': 1}, {'Adventure': 1}, {""Children's stories"": 1}, {' German': 1}, {'Classics': 1}, {'Strong Character Development': 4}, {'Loveable Characters': 3}, {'A mix driven': 3}, {'Not Diverse Characters': 3}, {'Plot driven': 1}, {'Diverse Characters': 1}, {'Adventurous': 7}, {'hopeful': 4}, {'lighthearted': 3}, {'inspiring': 2}, {'reflective': 2}, {'emotional': 1}, {'mysterious': 1}, {'relaxing': 0}]"
27	9780606116770	The Neverending Story	Michael Ende	1979	Turtleback	"This epic work of the imagination has captured the hearts of millions of readers worldwide since it was first published more than a decade ago. Its special story within a story is an irresistible invitation for readers to become part of the book itself. And now this modern classic and bibliophile's dream is available in hardcover again.

The story begins with a lonely boy named Bastian and the strange book that draws him into the beautiful but doomed world of Fantastica. Only a human can save this enchanted place by giving its ruler, the Childlike Empress, a new name. But the journey to her tower leads through lands of dragons, giants, monsters, and magic and once Bastian begins his quest, he may never return. As he is drawn deeper into Fantastica, he must find the courage to face unspeakable foes and the mysteries of his own heart. 

Readers, too, can travel to the wondrous, unforgettable world of Fantastica if they will just turn the page...
--front flap"	"[{'Fantasy': 2}, {'Young Adult': 1}, {'Juvenile Fiction': 1}, {'Fiction': 1}, {'Spanish': 1}, {'Action & Adventure': 1}, {'Adventure': 1}, {""Children's stories"": 1}, {' German': 1}, {'Classics': 1}, {'Strong Character Development': 4}, {'Loveable Characters': 3}, {'A mix driven': 3}, {'Not Diverse Characters': 3}, {'Plot driven': 1}, {'Diverse Characters': 1}, {'Adventurous': 7}, {'hopeful': 4}, {'lighthearted': 3}, {'inspiring': 2}, {'reflective': 2}, {'emotional': 1}, {'mysterious': 1}, {'relaxing': 0}]"
27	9780816137510	The Neverending Story	Michael Ende	1979	G. K. Hall & Company	"This epic work of the imagination has captured the hearts of millions of readers worldwide since it was first published more than a decade ago. Its special story within a story is an irresistible invitation for readers to become part of the book itself. And now this modern classic and bibliophile's dream is available in hardcover again.

The story begins with a lonely boy named Bastian and the strange book that draws him into the beautiful but doomed world of Fantastica. Only a human can save this enchanted place by giving its ruler, the Childlike Empress, a new name. But the journey to her tower leads through lands of dragons, giants, monsters, and magic and once Bastian begins his quest, he may never return. As he is drawn deeper into Fantastica, he must find the courage to face unspeakable foes and the mysteries of his own heart. 

Readers, too, can travel to the wondrous, unforgettable world of Fantastica if they will just turn the page...
--front flap"	"[{'Fantasy': 2}, {'Young Adult': 1}, {'Juvenile Fiction': 1}, {'Fiction': 1}, {'Spanish': 1}, {'Action & Adventure': 1}, {'Adventure': 1}, {""Children's stories"": 1}, {' German': 1}, {'Classics': 1}, {'Strong Character Development': 4}, {'Loveable Characters': 3}, {'A mix driven': 3}, {'Not Diverse Characters': 3}, {'Plot driven': 1}, {'Diverse Characters': 1}, {'Adventurous': 7}, {'hopeful': 4}, {'lighthearted': 3}, {'inspiring': 2}, {'reflective': 2}, {'emotional': 1}, {'mysterious': 1}, {'relaxing': 0}]"
27	9780613846042	Neverending Story	Michael Ende	1979	Turtleback	"This epic work of the imagination has captured the hearts of millions of readers worldwide since it was first published more than a decade ago. Its special story within a story is an irresistible invitation for readers to become part of the book itself. And now this modern classic and bibliophile's dream is available in hardcover again.

The story begins with a lonely boy named Bastian and the strange book that draws him into the beautiful but doomed world of Fantastica. Only a human can save this enchanted place by giving its ruler, the Childlike Empress, a new name. But the journey to her tower leads through lands of dragons, giants, monsters, and magic and once Bastian begins his quest, he may never return. As he is drawn deeper into Fantastica, he must find the courage to face unspeakable foes and the mysteries of his own heart. 

Readers, too, can travel to the wondrous, unforgettable world of Fantastica if they will just turn the page...
--front flap"	"[{'Fantasy': 2}, {'Young Adult': 1}, {'Juvenile Fiction': 1}, {'Fiction': 1}, {'Spanish': 1}, {'Action & Adventure': 1}, {'Adventure': 1}, {""Children's stories"": 1}, {' German': 1}, {'Classics': 1}, {'Strong Character Development': 4}, {'Loveable Characters': 3}, {'A mix driven': 3}, {'Not Diverse Characters': 3}, {'Plot driven': 1}, {'Diverse Characters': 1}, {'Adventurous': 7}, {'hopeful': 4}, {'lighthearted': 3}, {'inspiring': 2}, {'reflective': 2}, {'emotional': 1}, {'mysterious': 1}, {'relaxing': 0}]"
27	9780140076196	The Neverending Story	Michael Ende	1979	Penguin Group	"This epic work of the imagination has captured the hearts of millions of readers worldwide since it was first published more than a decade ago. Its special story within a story is an irresistible invitation for readers to become part of the book itself. And now this modern classic and bibliophile's dream is available in hardcover again.

The story begins with a lonely boy named Bastian and the strange book that draws him into the beautiful but doomed world of Fantastica. Only a human can save this enchanted place by giving its ruler, the Childlike Empress, a new name. But the journey to her tower leads through lands of dragons, giants, monsters, and magic and once Bastian begins his quest, he may never return. As he is drawn deeper into Fantastica, he must find the courage to face unspeakable foes and the mysteries of his own heart. 

Readers, too, can travel to the wondrous, unforgettable world of Fantastica if they will just turn the page...
--front flap"	"[{'Fantasy': 2}, {'Young Adult': 1}, {'Juvenile Fiction': 1}, {'Fiction': 1}, {'Spanish': 1}, {'Action & Adventure': 1}, {'Adventure': 1}, {""Children's stories"": 1}, {' German': 1}, {'Classics': 1}, {'Strong Character Development': 4}, {'Loveable Characters': 3}, {'A mix driven': 3}, {'Not Diverse Characters': 3}, {'Plot driven': 1}, {'Diverse Characters': 1}, {'Adventurous': 7}, {'hopeful': 4}, {'lighthearted': 3}, {'inspiring': 2}, {'reflective': 2}, {'emotional': 1}, {'mysterious': 1}, {'relaxing': 0}]"
27	9788420464398	La historia interminable	Michael Ende	1979	Alfaguara Infantil	"This epic work of the imagination has captured the hearts of millions of readers worldwide since it was first published more than a decade ago. Its special story within a story is an irresistible invitation for readers to become part of the book itself. And now this modern classic and bibliophile's dream is available in hardcover again.

The story begins with a lonely boy named Bastian and the strange book that draws him into the beautiful but doomed world of Fantastica. Only a human can save this enchanted place by giving its ruler, the Childlike Empress, a new name. But the journey to her tower leads through lands of dragons, giants, monsters, and magic and once Bastian begins his quest, he may never return. As he is drawn deeper into Fantastica, he must find the courage to face unspeakable foes and the mysteries of his own heart. 

Readers, too, can travel to the wondrous, unforgettable world of Fantastica if they will just turn the page...
--front flap"	"[{'Fantasy': 2}, {'Young Adult': 1}, {'Juvenile Fiction': 1}, {'Fiction': 1}, {'Spanish': 1}, {'Action & Adventure': 1}, {'Adventure': 1}, {""Children's stories"": 1}, {' German': 1}, {'Classics': 1}, {'Strong Character Development': 4}, {'Loveable Characters': 3}, {'A mix driven': 3}, {'Not Diverse Characters': 3}, {'Plot driven': 1}, {'Diverse Characters': 1}, {'Adventurous': 7}, {'hopeful': 4}, {'lighthearted': 3}, {'inspiring': 2}, {'reflective': 2}, {'emotional': 1}, {'mysterious': 1}, {'relaxing': 0}]"
27	9780140108675	The Never Ending Story	Michael Ende	1979	Penguin	"This epic work of the imagination has captured the hearts of millions of readers worldwide since it was first published more than a decade ago. Its special story within a story is an irresistible invitation for readers to become part of the book itself. And now this modern classic and bibliophile's dream is available in hardcover again.

The story begins with a lonely boy named Bastian and the strange book that draws him into the beautiful but doomed world of Fantastica. Only a human can save this enchanted place by giving its ruler, the Childlike Empress, a new name. But the journey to her tower leads through lands of dragons, giants, monsters, and magic and once Bastian begins his quest, he may never return. As he is drawn deeper into Fantastica, he must find the courage to face unspeakable foes and the mysteries of his own heart. 

Readers, too, can travel to the wondrous, unforgettable world of Fantastica if they will just turn the page...
--front flap"	"[{'Fantasy': 2}, {'Young Adult': 1}, {'Juvenile Fiction': 1}, {'Fiction': 1}, {'Spanish': 1}, {'Action & Adventure': 1}, {'Adventure': 1}, {""Children's stories"": 1}, {' German': 1}, {'Classics': 1}, {'Strong Character Development': 4}, {'Loveable Characters': 3}, {'A mix driven': 3}, {'Not Diverse Characters': 3}, {'Plot driven': 1}, {'Diverse Characters': 1}, {'Adventurous': 7}, {'hopeful': 4}, {'lighthearted': 3}, {'inspiring': 2}, {'reflective': 2}, {'emotional': 1}, {'mysterious': 1}, {'relaxing': 0}]"
27	9780140063851	The Neverending Story	Michael Ende	1979	Penguin Books	"This epic work of the imagination has captured the hearts of millions of readers worldwide since it was first published more than a decade ago. Its special story within a story is an irresistible invitation for readers to become part of the book itself. And now this modern classic and bibliophile's dream is available in hardcover again.

The story begins with a lonely boy named Bastian and the strange book that draws him into the beautiful but doomed world of Fantastica. Only a human can save this enchanted place by giving its ruler, the Childlike Empress, a new name. But the journey to her tower leads through lands of dragons, giants, monsters, and magic and once Bastian begins his quest, he may never return. As he is drawn deeper into Fantastica, he must find the courage to face unspeakable foes and the mysteries of his own heart. 

Readers, too, can travel to the wondrous, unforgettable world of Fantastica if they will just turn the page...
--front flap"	"[{'Fantasy': 2}, {'Young Adult': 1}, {'Juvenile Fiction': 1}, {'Fiction': 1}, {'Spanish': 1}, {'Action & Adventure': 1}, {'Adventure': 1}, {""Children's stories"": 1}, {' German': 1}, {'Classics': 1}, {'Strong Character Development': 4}, {'Loveable Characters': 3}, {'A mix driven': 3}, {'Not Diverse Characters': 3}, {'Plot driven': 1}, {'Diverse Characters': 1}, {'Adventurous': 7}, {'hopeful': 4}, {'lighthearted': 3}, {'inspiring': 2}, {'reflective': 2}, {'emotional': 1}, {'mysterious': 1}, {'relaxing': 0}]"
27	9789533605784	Priča bez kraja	Michael Ende	1979	Znanje	"This epic work of the imagination has captured the hearts of millions of readers worldwide since it was first published more than a decade ago. Its special story within a story is an irresistible invitation for readers to become part of the book itself. And now this modern classic and bibliophile's dream is available in hardcover again.

The story begins with a lonely boy named Bastian and the strange book that draws him into the beautiful but doomed world of Fantastica. Only a human can save this enchanted place by giving its ruler, the Childlike Empress, a new name. But the journey to her tower leads through lands of dragons, giants, monsters, and magic and once Bastian begins his quest, he may never return. As he is drawn deeper into Fantastica, he must find the courage to face unspeakable foes and the mysteries of his own heart. 

Readers, too, can travel to the wondrous, unforgettable world of Fantastica if they will just turn the page...
--front flap"	"[{'Fantasy': 2}, {'Young Adult': 1}, {'Juvenile Fiction': 1}, {'Fiction': 1}, {'Spanish': 1}, {'Action & Adventure': 1}, {'Adventure': 1}, {""Children's stories"": 1}, {' German': 1}, {'Classics': 1}, {'Strong Character Development': 4}, {'Loveable Characters': 3}, {'A mix driven': 3}, {'Not Diverse Characters': 3}, {'Plot driven': 1}, {'Diverse Characters': 1}, {'Adventurous': 7}, {'hopeful': 4}, {'lighthearted': 3}, {'inspiring': 2}, {'reflective': 2}, {'emotional': 1}, {'mysterious': 1}, {'relaxing': 0}]"
27	9780525457589	The Neverending Story	Michael Ende	1979	Penguin	"This epic work of the imagination has captured the hearts of millions of readers worldwide since it was first published more than a decade ago. Its special story within a story is an irresistible invitation for readers to become part of the book itself. And now this modern classic and bibliophile's dream is available in hardcover again.

The story begins with a lonely boy named Bastian and the strange book that draws him into the beautiful but doomed world of Fantastica. Only a human can save this enchanted place by giving its ruler, the Childlike Empress, a new name. But the journey to her tower leads through lands of dragons, giants, monsters, and magic and once Bastian begins his quest, he may never return. As he is drawn deeper into Fantastica, he must find the courage to face unspeakable foes and the mysteries of his own heart. 

Readers, too, can travel to the wondrous, unforgettable world of Fantastica if they will just turn the page...
--front flap"	"[{'Fantasy': 2}, {'Young Adult': 1}, {'Juvenile Fiction': 1}, {'Fiction': 1}, {'Spanish': 1}, {'Action & Adventure': 1}, {'Adventure': 1}, {""Children's stories"": 1}, {' German': 1}, {'Classics': 1}, {'Strong Character Development': 4}, {'Loveable Characters': 3}, {'A mix driven': 3}, {'Not Diverse Characters': 3}, {'Plot driven': 1}, {'Diverse Characters': 1}, {'Adventurous': 7}, {'hopeful': 4}, {'lighthearted': 3}, {'inspiring': 2}, {'reflective': 2}, {'emotional': 1}, {'mysterious': 1}, {'relaxing': 0}]"
27	9780140386332	The Neverending Story	Michael Ende	1979	Penguin	"This epic work of the imagination has captured the hearts of millions of readers worldwide since it was first published more than a decade ago. Its special story within a story is an irresistible invitation for readers to become part of the book itself. And now this modern classic and bibliophile's dream is available in hardcover again.

The story begins with a lonely boy named Bastian and the strange book that draws him into the beautiful but doomed world of Fantastica. Only a human can save this enchanted place by giving its ruler, the Childlike Empress, a new name. But the journey to her tower leads through lands of dragons, giants, monsters, and magic and once Bastian begins his quest, he may never return. As he is drawn deeper into Fantastica, he must find the courage to face unspeakable foes and the mysteries of his own heart. 

Readers, too, can travel to the wondrous, unforgettable world of Fantastica if they will just turn the page...
--front flap"	"[{'Fantasy': 2}, {'Young Adult': 1}, {'Juvenile Fiction': 1}, {'Fiction': 1}, {'Spanish': 1}, {'Action & Adventure': 1}, {'Adventure': 1}, {""Children's stories"": 1}, {' German': 1}, {'Classics': 1}, {'Strong Character Development': 4}, {'Loveable Characters': 3}, {'A mix driven': 3}, {'Not Diverse Characters': 3}, {'Plot driven': 1}, {'Diverse Characters': 1}, {'Adventurous': 7}, {'hopeful': 4}, {'lighthearted': 3}, {'inspiring': 2}, {'reflective': 2}, {'emotional': 1}, {'mysterious': 1}, {'relaxing': 0}]"
27	9780713915099	The Neverending Story	Michael Ende	1979	Allen Lane	"This epic work of the imagination has captured the hearts of millions of readers worldwide since it was first published more than a decade ago. Its special story within a story is an irresistible invitation for readers to become part of the book itself. And now this modern classic and bibliophile's dream is available in hardcover again.

The story begins with a lonely boy named Bastian and the strange book that draws him into the beautiful but doomed world of Fantastica. Only a human can save this enchanted place by giving its ruler, the Childlike Empress, a new name. But the journey to her tower leads through lands of dragons, giants, monsters, and magic and once Bastian begins his quest, he may never return. As he is drawn deeper into Fantastica, he must find the courage to face unspeakable foes and the mysteries of his own heart. 

Readers, too, can travel to the wondrous, unforgettable world of Fantastica if they will just turn the page...
--front flap"	"[{'Fantasy': 2}, {'Young Adult': 1}, {'Juvenile Fiction': 1}, {'Fiction': 1}, {'Spanish': 1}, {'Action & Adventure': 1}, {'Adventure': 1}, {""Children's stories"": 1}, {' German': 1}, {'Classics': 1}, {'Strong Character Development': 4}, {'Loveable Characters': 3}, {'A mix driven': 3}, {'Not Diverse Characters': 3}, {'Plot driven': 1}, {'Diverse Characters': 1}, {'Adventurous': 7}, {'hopeful': 4}, {'lighthearted': 3}, {'inspiring': 2}, {'reflective': 2}, {'emotional': 1}, {'mysterious': 1}, {'relaxing': 0}]"
27	9780140077254	The Never Ending Story	Michael Ende	1979	Penguin Books	"This epic work of the imagination has captured the hearts of millions of readers worldwide since it was first published more than a decade ago. Its special story within a story is an irresistible invitation for readers to become part of the book itself. And now this modern classic and bibliophile's dream is available in hardcover again.

The story begins with a lonely boy named Bastian and the strange book that draws him into the beautiful but doomed world of Fantastica. Only a human can save this enchanted place by giving its ruler, the Childlike Empress, a new name. But the journey to her tower leads through lands of dragons, giants, monsters, and magic and once Bastian begins his quest, he may never return. As he is drawn deeper into Fantastica, he must find the courage to face unspeakable foes and the mysteries of his own heart. 

Readers, too, can travel to the wondrous, unforgettable world of Fantastica if they will just turn the page...
--front flap"	"[{'Fantasy': 2}, {'Young Adult': 1}, {'Juvenile Fiction': 1}, {'Fiction': 1}, {'Spanish': 1}, {'Action & Adventure': 1}, {'Adventure': 1}, {""Children's stories"": 1}, {' German': 1}, {'Classics': 1}, {'Strong Character Development': 4}, {'Loveable Characters': 3}, {'A mix driven': 3}, {'Not Diverse Characters': 3}, {'Plot driven': 1}, {'Diverse Characters': 1}, {'Adventurous': 7}, {'hopeful': 4}, {'lighthearted': 3}, {'inspiring': 2}, {'reflective': 2}, {'emotional': 1}, {'mysterious': 1}, {'relaxing': 0}]"
28	9780425137468	The Businessman	Thomas M. Disch	1984			[]
29	9780553252606	The Book of Kells	R. A. MacAvoy	1985	Spectra	An unusual and original work of fantasy from the acclaimed author of Tea with the Black Dragon. A contemporary man, John Thornburn (a meek, non-violent and unpredictable artist) and woman, Derval (his tough, confrontational, strong and warrior-like lover) time travel to ancient Ireland to avenge a Viking attack. Packed with fascinating details of historical time and place in Irish history and delicately balanced on the border between realism and fantasy, the story centers around one of the most famous and beautiful illuminated manuscripts in history, the legendary but entirely real Book of Kells. Celtic history blends with magical fantasy for a strange and immersive tale of adventure.	[{'Classics': 1}, {'Fantasy': 1}, {'Adventure': 1}, {'Science Fiction': 1}, {'Fiction': 1}]
33	9780747230540	New York by Knight	Esther M. Friesner	1986	Headline		[{'Fantasy': 1}, {'Adventure': 1}, {'Science Fiction': 1}]
37	9780007394012	The Reindeer People	Megan Lindholm	1988	HarperCollins UK	A voyage of discovery into the life of a remote aboriginal community in the Siberian Arctic, where the reindeer has been a part of daily life since Palaeolithic times.	[{'Fiction': 1}, {'Fantasy': 1}, {'Adventure': 1}, {'Science fiction': 1}]
39		Ghostwood	Charles de Lint	1990	Axolotl Press		[{'Fantasy': 1}]
40	9780008363956	Cloven Hooves	Megan Lindholm	1991	HarperCollins UK	Evelyn is a solitary child, preferring to wander in the woods in all weathers rather than socialise. Her secret is a fantastic companion: a faun with whom she plays in the woods. Years later Evelyn finds happiness as a wife and mother, but life turns sour when the family move to Tacoma where her husband is asked to fill in at his father's business. Evelyn's husband's wish for them to stay permanently with his family causes a rift between them and then a terrible tragedy makes the situation even more impossible. Miraculously, when she needs a friend, Evelyn's childhood companion reappears in Tacoma. Pan, now an adult satyr and a secret friend to both her and her son, eventually becomes her lover. He leads Evelyn on an odyssey out of her failed marriage to fulfilment in the woods of Alaska.	[{'Fantasy': 1}, {'Fiction': 1}]
40	9780008287399	Cloven Hooves	Megan Lindholm	1991	Voyager	Evelyn is a solitary child, preferring to wander in the woods in all weathers rather than socialise. Her secret is a fantastic companion: a faun with whom she plays in the woods. Years later Evelyn finds happiness as a wife and mother, but life turns sour when the family move to Tacoma where her husband is asked to fill in at his father's business. Evelyn's husband's wish for them to stay permanently with his family causes a rift between them and then a terrible tragedy makes the situation even more impossible. Miraculously, when she needs a friend, Evelyn's childhood companion reappears in Tacoma. Pan, now an adult satyr and a secret friend to both her and her son, eventually becomes her lover. He leads Evelyn on an odyssey out of her failed marriage to fulfilment in the woods of Alaska.	[{'Fantasy': 1}, {'Fiction': 1}]
40	9780553293272	Cloven Hooves	Megan Lindholm	1991	Spectra	Evelyn is a solitary child, preferring to wander in the woods in all weathers rather than socialise. Her secret is a fantastic companion: a faun with whom she plays in the woods. Years later Evelyn finds happiness as a wife and mother, but life turns sour when the family move to Tacoma where her husband is asked to fill in at his father's business. Evelyn's husband's wish for them to stay permanently with his family causes a rift between them and then a terrible tragedy makes the situation even more impossible. Miraculously, when she needs a friend, Evelyn's childhood companion reappears in Tacoma. Pan, now an adult satyr and a secret friend to both her and her son, eventually becomes her lover. He leads Evelyn on an odyssey out of her failed marriage to fulfilment in the woods of Alaska.	[{'Fantasy': 1}, {'Fiction': 1}]
41	9780765311924	The Gypsy	Megan Lindholm, Steven Brust	1992	Orb Books	Cigany, a gypsy stalking a modern city with a cloud of magic, and Stepovich, a cop who discovers a series of dead bodies, share a common enemy--the Fair Lady who rules the underworld. Reprint.	[{'Fiction': 2}, {'Fantasy': 2}, {'Epic': 1}, {'Science Fiction': 1}, {'Contemporary': 1}, {'Romanies': 1}, {'General': 1}]
41	9780812524987	The Gypsy	Steven Brust, Megan Lindholm	1992	Tor Books	Cigany, a gypsy stalking a modern city with a cloud of magic, and Stepovich, a cop who discovers a series of dead bodies, share a common enemy--the Fair Lady who rules the underworld. Reprint.	[{'Fiction': 2}, {'Fantasy': 2}, {'Epic': 1}, {'Science Fiction': 1}, {'Contemporary': 1}, {'Romanies': 1}, {'General': 1}]
42	9780765311924	The Gypsy	Megan Lindholm, Steven Brust	1992	Orb Books	Cigany, a gypsy stalking a modern city with a cloud of magic, and Stepovich, a cop who discovers a series of dead bodies, share a common enemy--the Fair Lady who rules the underworld. Reprint.	[{'Fiction': 2}, {'Fantasy': 2}, {'Epic': 1}, {'Science Fiction': 1}, {'Contemporary': 1}, {'Romanies': 1}, {'General': 1}]
42	9780812524987	The Gypsy	Steven Brust, Megan Lindholm	1992	Tor Books	Cigany, a gypsy stalking a modern city with a cloud of magic, and Stepovich, a cop who discovers a series of dead bodies, share a common enemy--the Fair Lady who rules the underworld. Reprint.	[{'Fiction': 2}, {'Fantasy': 2}, {'Epic': 1}, {'Science Fiction': 1}, {'Contemporary': 1}, {'Romanies': 1}, {'General': 1}]
49	9780575077096	The Wizard Knight	Gene Wolfe	2005	Gollancz	“Gene Wolfe is the smartest, subtlest, most dangerous writer alive today, in genre or out of it. This book [is] important and wonderful.” —Neil Gaiman on The Knight A novel in two volumes, The Wizard Knight is in the rare company of works of fantasy like The Once and Future King, or The Wizard of Earthsea, that drink directly from the wellspring of myth. Now it appears in a single-volume edition for the first time. A young man in his teens is transported from our world to a magical realm consisting of seven levels of reality. Transformed by magic into a grown man of heroic proportions, he takes the name Sir Able of the High Heart and sets out on a quest to find the sword that has been promised to him, the blade that will help him fulfill his ambition to become a true hero—a true knight. Inside, however, Sir Able remains a boy, and he must grow in every sense to survive what lies ahead... “[Wolfe] should enjoy the same rapt attention we afford to Thomas Pynchon, Toni Morrison, and Cormac McCarthy.” —The Washington Post on The Knight “Wolfe’s version of Faerie is both allusive and elusive, beautiful and fatally glamorous.” —Tad Williams on The Knight With a new introduction by Yves Meynard, acclaimed author of The Book of Knights.	[{'Fantasy': 1}, {'Science Fiction': 1}]
49	9781250237446	The Wizard Knight: Comprising The Knight and The Wizard	Gene Wolfe	2005	Tor Books	“Gene Wolfe is the smartest, subtlest, most dangerous writer alive today, in genre or out of it. This book [is] important and wonderful.” —Neil Gaiman on The Knight A novel in two volumes, The Wizard Knight is in the rare company of works of fantasy like The Once and Future King, or The Wizard of Earthsea, that drink directly from the wellspring of myth. Now it appears in a single-volume edition for the first time. A young man in his teens is transported from our world to a magical realm consisting of seven levels of reality. Transformed by magic into a grown man of heroic proportions, he takes the name Sir Able of the High Heart and sets out on a quest to find the sword that has been promised to him, the blade that will help him fulfill his ambition to become a true hero—a true knight. Inside, however, Sir Able remains a boy, and he must grow in every sense to survive what lies ahead... “[Wolfe] should enjoy the same rapt attention we afford to Thomas Pynchon, Toni Morrison, and Cormac McCarthy.” —The Washington Post on The Knight “Wolfe’s version of Faerie is both allusive and elusive, beautiful and fatally glamorous.” —Tad Williams on The Knight With a new introduction by Yves Meynard, acclaimed author of The Book of Knights.	[{'Fantasy': 1}, {'Science Fiction': 1}]
51	9780765305930	The Carpet Makers	Andreas Eschbach	1995	Macmillan	The carpet maker, following the traditions of his fathers, will spend his entire life making one carpet from the hair of his wife and daughters, so fine and fragile that only the God Emperor may purchase it, until the Empire disappears and strangers arrive, finding something unbelievable in the patterns of the carpets.	[{'Classics': 1}, {'German fiction': 0}]
51	9781466850224	The Carpet Makers	Andreas Eschbach	1995	Tor Books	The carpet maker, following the traditions of his fathers, will spend his entire life making one carpet from the hair of his wife and daughters, so fine and fragile that only the God Emperor may purchase it, until the Empire disappears and strangers arrive, finding something unbelievable in the patterns of the carpets.	[{'Classics': 1}, {'German fiction': 0}]
51	9780765314901	The Carpet Makers	Andreas Eschbach	1995	Macmillan	The carpet maker, following the traditions of his fathers, will spend his entire life making one carpet from the hair of his wife and daughters, so fine and fragile that only the God Emperor may purchase it, until the Empire disappears and strangers arrive, finding something unbelievable in the patterns of the carpets.	[{'Classics': 1}, {'German fiction': 0}]
52	9781429927161	Eifelheim	Michael Flynn	2006	Macmillan	"**The alien world of medieval Europe lives again, transformed by the physics of the future, by a winner of the Heinlein Award**

Over the centuries, one small town in Germany has disappeared and never been resettled. Tom, a historian, and his theoretical physicist girlfriend Sharon, become interested. By all logic, the town should have survived. What's so special about Eifelheim?


Father Dietrich is the village priest of Eifelheim, in the year 1348, when the Black Death is gathering strength but is still not nearby. Dietrich is an educated man, and to his astonishment becomes the first contact person between humanity and an alien race from a distant star, when their ship crashes in the nearby forest. It is a time of wonders, in the shadow of the plague. Flynn gives us the full richness and strangeness of medieval life, as well as some terrific aliens.

Tom and Sharon, and Father Deitrich have a strange destiny of tragedy and triumph in *Eifelheim*, the brilliant science fiction novel by Michael Flynn.

([Source][1])

[1]: https://us.macmillan.com/books/9780765319104/eifelheim/"	[{'Science Fiction': 2}, {'Young Adult': 1}, {'Fiction': 1}, {'Fantasy': 1}, {'Aliens': 1}, {'History': 1}, {'Space': 1}]
52	9780765300966	Eifelheim	Michael Flynn	2006	Macmillan	"**The alien world of medieval Europe lives again, transformed by the physics of the future, by a winner of the Heinlein Award**

Over the centuries, one small town in Germany has disappeared and never been resettled. Tom, a historian, and his theoretical physicist girlfriend Sharon, become interested. By all logic, the town should have survived. What's so special about Eifelheim?


Father Dietrich is the village priest of Eifelheim, in the year 1348, when the Black Death is gathering strength but is still not nearby. Dietrich is an educated man, and to his astonishment becomes the first contact person between humanity and an alien race from a distant star, when their ship crashes in the nearby forest. It is a time of wonders, in the shadow of the plague. Flynn gives us the full richness and strangeness of medieval life, as well as some terrific aliens.

Tom and Sharon, and Father Deitrich have a strange destiny of tragedy and triumph in *Eifelheim*, the brilliant science fiction novel by Michael Flynn.

([Source][1])

[1]: https://us.macmillan.com/books/9780765319104/eifelheim/"	[{'Science Fiction': 2}, {'Young Adult': 1}, {'Fiction': 1}, {'Fantasy': 1}, {'Aliens': 1}, {'History': 1}, {'Space': 1}]
55	9780575079335	The Quiet War	Paul McAuley	2008	Gollancz	"23rd century Earth, ravaged by climate change, looks backwards to the holy ideal of a pre-industrial Eden. Political power has been grabbed by a few powerful families and their green saints. Millions of people are imprisoned in teeming cities; millions more labour on Pharaonic projects to rebuild ruined ecosystems. On the moons of Jupiter and Saturn, the Outers, descendants of refugees from Earth's repressive regimes, have constructed a wild variety of self-sufficient cities and settlements: scientific utopias crammed with exuberant creations of the genetic arts; the last outposts of every kind of democratic tradition. The fragile detente between the Outer cities and the dynasties of Earth is threatened by the ambitions of the rising generation of Outers, who want to break free of their cosy, inward-looking pocket paradises, colonise the rest of the Solar System, and drive human evolution in a hundred new directions. On Earth, many demand pre-emptive action against the Outers before it's too late; others want to exploit the talents of their scientists and gene wizards. Amid campaigns for peace and reconciliation, political machinations, crude displays of military might, and espionage by cunningly wrought agents, the two branches of humanity edge towards war...

From the prison cities of Earth to the scrupulously realised landscapes of the moons of Jupiter and Saturn, The Quiet War is an exotic, fast-paced space opera that turns on a single question: who decides what it means to be human?"	[{'Science fiction': 2}, {'Fantasy': 1}, {'Fiction': 1}, {'Space': 1}, {'War': 1}]
55	9780575083554	The Quiet War	Paul McAuley	2008	Gollancz	"23rd century Earth, ravaged by climate change, looks backwards to the holy ideal of a pre-industrial Eden. Political power has been grabbed by a few powerful families and their green saints. Millions of people are imprisoned in teeming cities; millions more labour on Pharaonic projects to rebuild ruined ecosystems. On the moons of Jupiter and Saturn, the Outers, descendants of refugees from Earth's repressive regimes, have constructed a wild variety of self-sufficient cities and settlements: scientific utopias crammed with exuberant creations of the genetic arts; the last outposts of every kind of democratic tradition. The fragile detente between the Outer cities and the dynasties of Earth is threatened by the ambitions of the rising generation of Outers, who want to break free of their cosy, inward-looking pocket paradises, colonise the rest of the Solar System, and drive human evolution in a hundred new directions. On Earth, many demand pre-emptive action against the Outers before it's too late; others want to exploit the talents of their scientists and gene wizards. Amid campaigns for peace and reconciliation, political machinations, crude displays of military might, and espionage by cunningly wrought agents, the two branches of humanity edge towards war...

From the prison cities of Earth to the scrupulously realised landscapes of the moons of Jupiter and Saturn, The Quiet War is an exotic, fast-paced space opera that turns on a single question: who decides what it means to be human?"	[{'Science fiction': 2}, {'Fantasy': 1}, {'Fiction': 1}, {'Space': 1}, {'War': 1}]
60	9780575079373	Gardens of the Sun	Paul McAuley	2009	Gollancz	"The Quiet War is over. The city states of the moons of Jupiter and Saturn, founded by descendants of refugees from Earth’s repressive regimes, the Outers, have fallen to the Three Powers Alliance of Greater Brazil, the European Union, and the Pacific Community. A century of enlightenment, rational utopianism and exploration of new ways of being human has fallen dark. Outers are herded into prison camps and forced to collaborate in the systematic plundering of their great archives of scientific and technical knowledge, while Earth’s forces loot their cities and settlements and ships, and plan a final solution to the ‘Outer problem.’

But Earth’s victory is fragile, and riven by vicious internal politics. While seeking out and trying to anatomise the strange gardens abandoned in place by the Outers’ greatest genius, Avernus, the gene wizard Sri Hong-Owen is embroiled in the plots and counterplots of the family that employs her. The diplomat Loc Ifrahim soon discovers that profiting from victory isn’t as easy as he thought. And on Earth, in Greater Brazil, the democratic traditions preserved and elaborated by the Outers have infected a population eager to escape the tyranny of the great families who rule them.

Meanwhile, in the outer reaches of the Solar System, a rag-taggle group of refugees struggle to preserve the last of the old ideals. And on Triton, fanatical members of a cabal prepare for a final battle that threatens to shatter the future of the human species.

After a conflict fought to contain the expansionist, posthuman ambitions of the Outers, the future is as uncertain as ever. Only one thing is clear. No one can escape the consequences of war -- especially the victors."	[{'Fantasy': 1}, {'Adventure': 1}, {'Fiction': 1}, {'Science fiction': 1}, {'Space': 1}]
62	9781618730145	Cloud & Ashes: Three Winter's Tales	Greer Gilman	2009	Small Beer Press	Winner of the Tiptree Award and a Mythopoeic Award finalist, Cloud & Ashes is a slow whirlwind of language, a button box of words, a mythic fable that invites revisitation.	[{'Fantasy': 1}, {'Fiction': 1}]
68	9780316202282	Caliban's War	James S. A. Corey	2012	Orbit	We are not alone. On Ganymede, breadbasket of the outer planets, a Martian marine watches as her platoon is slaughtered by a monstrous supersoldier. On Earth, a high-level politician struggles to prevent interplanetary war from reigniting. And on Venus, an alien protomolecule has overrun the planet, wreaking massive, mysterious changes and threatening to spread out into the solar system. In the vast wilderness of space, James Holden and the crew of the Rocinante have been keeping the peace for the Outer Planets Alliance. When they agree to help a scientist search war-torn Ganymede for a missing child, the future of humanity rests on whether a single ship can prevent an alien invasion that may have already begun . . .	[{'Science Fiction': 6}, {'Fantasy': 3}, {'Sci-fi': 2}, {'Science Fiction & Fantasy': 2}, {'Aliens': 1}, {'Extraterrestrial beings': 1}, {'FIC028010': 1}, {'Fiction': 1}, {'Space': 1}, {'War': 1}, {'Diverse Characters': 28}, {'Loveable Characters': 26}, {'Strong Character Development': 19}, {'A mix driven': 15}, {'Plot driven': 10}, {'Weak Character Development': 10}, {'Character driven': 4}, {'Unloveable Characters': 3}, {'Space Opera': 2}, {'Sci-fi': 1}, {'Adventurous': 36}, {'tense': 20}, {'dark': 17}, {'mysterious': 14}, {'funny': 6}, {'emotional': 5}, {'reflective': 3}, {'sad': 2}, {'inspiring': 2}, {'hopeful': 2}]
68	9781841499918	Caliban's War	James S. A. Corey	2012	Little, Brown Book Group	We are not alone. On Ganymede, breadbasket of the outer planets, a Martian marine watches as her platoon is slaughtered by a monstrous supersoldier. On Earth, a high-level politician struggles to prevent interplanetary war from reigniting. And on Venus, an alien protomolecule has overrun the planet, wreaking massive, mysterious changes and threatening to spread out into the solar system. In the vast wilderness of space, James Holden and the crew of the Rocinante have been keeping the peace for the Outer Planets Alliance. When they agree to help a scientist search war-torn Ganymede for a missing child, the future of humanity rests on whether a single ship can prevent an alien invasion that may have already begun . . .	[{'Science Fiction': 6}, {'Fantasy': 3}, {'Sci-fi': 2}, {'Science Fiction & Fantasy': 2}, {'Aliens': 1}, {'Extraterrestrial beings': 1}, {'FIC028010': 1}, {'Fiction': 1}, {'Space': 1}, {'War': 1}, {'Diverse Characters': 28}, {'Loveable Characters': 26}, {'Strong Character Development': 19}, {'A mix driven': 15}, {'Plot driven': 10}, {'Weak Character Development': 10}, {'Character driven': 4}, {'Unloveable Characters': 3}, {'Space Opera': 2}, {'Sci-fi': 1}, {'Adventurous': 36}, {'tense': 20}, {'dark': 17}, {'mysterious': 14}, {'funny': 6}, {'emotional': 5}, {'reflective': 3}, {'sad': 2}, {'inspiring': 2}, {'hopeful': 2}]
68	9781841499901	Caliban's War	James S. A. Corey	2012	Orbit Books	We are not alone. On Ganymede, breadbasket of the outer planets, a Martian marine watches as her platoon is slaughtered by a monstrous supersoldier. On Earth, a high-level politician struggles to prevent interplanetary war from reigniting. And on Venus, an alien protomolecule has overrun the planet, wreaking massive, mysterious changes and threatening to spread out into the solar system. In the vast wilderness of space, James Holden and the crew of the Rocinante have been keeping the peace for the Outer Planets Alliance. When they agree to help a scientist search war-torn Ganymede for a missing child, the future of humanity rests on whether a single ship can prevent an alien invasion that may have already begun . . .	[{'Science Fiction': 6}, {'Fantasy': 3}, {'Sci-fi': 2}, {'Science Fiction & Fantasy': 2}, {'Aliens': 1}, {'Extraterrestrial beings': 1}, {'FIC028010': 1}, {'Fiction': 1}, {'Space': 1}, {'War': 1}, {'Diverse Characters': 28}, {'Loveable Characters': 26}, {'Strong Character Development': 19}, {'A mix driven': 15}, {'Plot driven': 10}, {'Weak Character Development': 10}, {'Character driven': 4}, {'Unloveable Characters': 3}, {'Space Opera': 2}, {'Sci-fi': 1}, {'Adventurous': 36}, {'tense': 20}, {'dark': 17}, {'mysterious': 14}, {'funny': 6}, {'emotional': 5}, {'reflective': 3}, {'sad': 2}, {'inspiring': 2}, {'hopeful': 2}]
68	9780316573337	Caliban's War	James S. A. Corey	2012	Orbit	We are not alone. On Ganymede, breadbasket of the outer planets, a Martian marine watches as her platoon is slaughtered by a monstrous supersoldier. On Earth, a high-level politician struggles to prevent interplanetary war from reigniting. And on Venus, an alien protomolecule has overrun the planet, wreaking massive, mysterious changes and threatening to spread out into the solar system. In the vast wilderness of space, James Holden and the crew of the Rocinante have been keeping the peace for the Outer Planets Alliance. When they agree to help a scientist search war-torn Ganymede for a missing child, the future of humanity rests on whether a single ship can prevent an alien invasion that may have already begun . . .	[{'Science Fiction': 6}, {'Fantasy': 3}, {'Sci-fi': 2}, {'Science Fiction & Fantasy': 2}, {'Aliens': 1}, {'Extraterrestrial beings': 1}, {'FIC028010': 1}, {'Fiction': 1}, {'Space': 1}, {'War': 1}, {'Diverse Characters': 28}, {'Loveable Characters': 26}, {'Strong Character Development': 19}, {'A mix driven': 15}, {'Plot driven': 10}, {'Weak Character Development': 10}, {'Character driven': 4}, {'Unloveable Characters': 3}, {'Space Opera': 2}, {'Sci-fi': 1}, {'Adventurous': 36}, {'tense': 20}, {'dark': 17}, {'mysterious': 14}, {'funny': 6}, {'emotional': 5}, {'reflective': 3}, {'sad': 2}, {'inspiring': 2}, {'hopeful': 2}]
68		Caliban's War	James S. A. Corey	2012	Hachette Audio	We are not alone. On Ganymede, breadbasket of the outer planets, a Martian marine watches as her platoon is slaughtered by a monstrous supersoldier. On Earth, a high-level politician struggles to prevent interplanetary war from reigniting. And on Venus, an alien protomolecule has overrun the planet, wreaking massive, mysterious changes and threatening to spread out into the solar system. In the vast wilderness of space, James Holden and the crew of the Rocinante have been keeping the peace for the Outer Planets Alliance. When they agree to help a scientist search war-torn Ganymede for a missing child, the future of humanity rests on whether a single ship can prevent an alien invasion that may have already begun . . .	[{'Science Fiction': 6}, {'Fantasy': 3}, {'Sci-fi': 2}, {'Science Fiction & Fantasy': 2}, {'Aliens': 1}, {'Extraterrestrial beings': 1}, {'FIC028010': 1}, {'Fiction': 1}, {'Space': 1}, {'War': 1}, {'Diverse Characters': 28}, {'Loveable Characters': 26}, {'Strong Character Development': 19}, {'A mix driven': 15}, {'Plot driven': 10}, {'Weak Character Development': 10}, {'Character driven': 4}, {'Unloveable Characters': 3}, {'Space Opera': 2}, {'Sci-fi': 1}, {'Adventurous': 36}, {'tense': 20}, {'dark': 17}, {'mysterious': 14}, {'funny': 6}, {'emotional': 5}, {'reflective': 3}, {'sad': 2}, {'inspiring': 2}, {'hopeful': 2}]
68	9781549168154	Caliban's War	James S. A. Corey	2012	Orbit	We are not alone. On Ganymede, breadbasket of the outer planets, a Martian marine watches as her platoon is slaughtered by a monstrous supersoldier. On Earth, a high-level politician struggles to prevent interplanetary war from reigniting. And on Venus, an alien protomolecule has overrun the planet, wreaking massive, mysterious changes and threatening to spread out into the solar system. In the vast wilderness of space, James Holden and the crew of the Rocinante have been keeping the peace for the Outer Planets Alliance. When they agree to help a scientist search war-torn Ganymede for a missing child, the future of humanity rests on whether a single ship can prevent an alien invasion that may have already begun . . .	[{'Science Fiction': 6}, {'Fantasy': 3}, {'Sci-fi': 2}, {'Science Fiction & Fantasy': 2}, {'Aliens': 1}, {'Extraterrestrial beings': 1}, {'FIC028010': 1}, {'Fiction': 1}, {'Space': 1}, {'War': 1}, {'Diverse Characters': 28}, {'Loveable Characters': 26}, {'Strong Character Development': 19}, {'A mix driven': 15}, {'Plot driven': 10}, {'Weak Character Development': 10}, {'Character driven': 4}, {'Unloveable Characters': 3}, {'Space Opera': 2}, {'Sci-fi': 1}, {'Adventurous': 36}, {'tense': 20}, {'dark': 17}, {'mysterious': 14}, {'funny': 6}, {'emotional': 5}, {'reflective': 3}, {'sad': 2}, {'inspiring': 2}, {'hopeful': 2}]
68	9780316496117	Caliban's War	James S. A. Corey	2012	Orbit	We are not alone. On Ganymede, breadbasket of the outer planets, a Martian marine watches as her platoon is slaughtered by a monstrous supersoldier. On Earth, a high-level politician struggles to prevent interplanetary war from reigniting. And on Venus, an alien protomolecule has overrun the planet, wreaking massive, mysterious changes and threatening to spread out into the solar system. In the vast wilderness of space, James Holden and the crew of the Rocinante have been keeping the peace for the Outer Planets Alliance. When they agree to help a scientist search war-torn Ganymede for a missing child, the future of humanity rests on whether a single ship can prevent an alien invasion that may have already begun . . .	[{'Science Fiction': 6}, {'Fantasy': 3}, {'Sci-fi': 2}, {'Science Fiction & Fantasy': 2}, {'Aliens': 1}, {'Extraterrestrial beings': 1}, {'FIC028010': 1}, {'Fiction': 1}, {'Space': 1}, {'War': 1}, {'Diverse Characters': 28}, {'Loveable Characters': 26}, {'Strong Character Development': 19}, {'A mix driven': 15}, {'Plot driven': 10}, {'Weak Character Development': 10}, {'Character driven': 4}, {'Unloveable Characters': 3}, {'Space Opera': 2}, {'Sci-fi': 1}, {'Adventurous': 36}, {'tense': 20}, {'dark': 17}, {'mysterious': 14}, {'funny': 6}, {'emotional': 5}, {'reflective': 3}, {'sad': 2}, {'inspiring': 2}, {'hopeful': 2}]
68	9781549195617	Caliban's War	James S. A. Corey	2012	Hachette Audio	We are not alone. On Ganymede, breadbasket of the outer planets, a Martian marine watches as her platoon is slaughtered by a monstrous supersoldier. On Earth, a high-level politician struggles to prevent interplanetary war from reigniting. And on Venus, an alien protomolecule has overrun the planet, wreaking massive, mysterious changes and threatening to spread out into the solar system. In the vast wilderness of space, James Holden and the crew of the Rocinante have been keeping the peace for the Outer Planets Alliance. When they agree to help a scientist search war-torn Ganymede for a missing child, the future of humanity rests on whether a single ship can prevent an alien invasion that may have already begun . . .	[{'Science Fiction': 6}, {'Fantasy': 3}, {'Sci-fi': 2}, {'Science Fiction & Fantasy': 2}, {'Aliens': 1}, {'Extraterrestrial beings': 1}, {'FIC028010': 1}, {'Fiction': 1}, {'Space': 1}, {'War': 1}, {'Diverse Characters': 28}, {'Loveable Characters': 26}, {'Strong Character Development': 19}, {'A mix driven': 15}, {'Plot driven': 10}, {'Weak Character Development': 10}, {'Character driven': 4}, {'Unloveable Characters': 3}, {'Space Opera': 2}, {'Sci-fi': 1}, {'Adventurous': 36}, {'tense': 20}, {'dark': 17}, {'mysterious': 14}, {'funny': 6}, {'emotional': 5}, {'reflective': 3}, {'sad': 2}, {'inspiring': 2}, {'hopeful': 2}]
68		Caliban's War	James S. A. Corey	2012	Orbit	We are not alone. On Ganymede, breadbasket of the outer planets, a Martian marine watches as her platoon is slaughtered by a monstrous supersoldier. On Earth, a high-level politician struggles to prevent interplanetary war from reigniting. And on Venus, an alien protomolecule has overrun the planet, wreaking massive, mysterious changes and threatening to spread out into the solar system. In the vast wilderness of space, James Holden and the crew of the Rocinante have been keeping the peace for the Outer Planets Alliance. When they agree to help a scientist search war-torn Ganymede for a missing child, the future of humanity rests on whether a single ship can prevent an alien invasion that may have already begun . . .	[{'Science Fiction': 6}, {'Fantasy': 3}, {'Sci-fi': 2}, {'Science Fiction & Fantasy': 2}, {'Aliens': 1}, {'Extraterrestrial beings': 1}, {'FIC028010': 1}, {'Fiction': 1}, {'Space': 1}, {'War': 1}, {'Diverse Characters': 28}, {'Loveable Characters': 26}, {'Strong Character Development': 19}, {'A mix driven': 15}, {'Plot driven': 10}, {'Weak Character Development': 10}, {'Character driven': 4}, {'Unloveable Characters': 3}, {'Space Opera': 2}, {'Sci-fi': 1}, {'Adventurous': 36}, {'tense': 20}, {'dark': 17}, {'mysterious': 14}, {'funny': 6}, {'emotional': 5}, {'reflective': 3}, {'sad': 2}, {'inspiring': 2}, {'hopeful': 2}]
68	9780316129060	Caliban's War	James S. A. Corey	2012	Orbit	We are not alone. On Ganymede, breadbasket of the outer planets, a Martian marine watches as her platoon is slaughtered by a monstrous supersoldier. On Earth, a high-level politician struggles to prevent interplanetary war from reigniting. And on Venus, an alien protomolecule has overrun the planet, wreaking massive, mysterious changes and threatening to spread out into the solar system. In the vast wilderness of space, James Holden and the crew of the Rocinante have been keeping the peace for the Outer Planets Alliance. When they agree to help a scientist search war-torn Ganymede for a missing child, the future of humanity rests on whether a single ship can prevent an alien invasion that may have already begun . . .	[{'Science Fiction': 6}, {'Fantasy': 3}, {'Sci-fi': 2}, {'Science Fiction & Fantasy': 2}, {'Aliens': 1}, {'Extraterrestrial beings': 1}, {'FIC028010': 1}, {'Fiction': 1}, {'Space': 1}, {'War': 1}, {'Diverse Characters': 28}, {'Loveable Characters': 26}, {'Strong Character Development': 19}, {'A mix driven': 15}, {'Plot driven': 10}, {'Weak Character Development': 10}, {'Character driven': 4}, {'Unloveable Characters': 3}, {'Space Opera': 2}, {'Sci-fi': 1}, {'Adventurous': 36}, {'tense': 20}, {'dark': 17}, {'mysterious': 14}, {'funny': 6}, {'emotional': 5}, {'reflective': 3}, {'sad': 2}, {'inspiring': 2}, {'hopeful': 2}]
68		Caliban's War	James S. A. Corey	2012	Orbit	We are not alone. On Ganymede, breadbasket of the outer planets, a Martian marine watches as her platoon is slaughtered by a monstrous supersoldier. On Earth, a high-level politician struggles to prevent interplanetary war from reigniting. And on Venus, an alien protomolecule has overrun the planet, wreaking massive, mysterious changes and threatening to spread out into the solar system. In the vast wilderness of space, James Holden and the crew of the Rocinante have been keeping the peace for the Outer Planets Alliance. When they agree to help a scientist search war-torn Ganymede for a missing child, the future of humanity rests on whether a single ship can prevent an alien invasion that may have already begun . . .	[{'Science Fiction': 6}, {'Fantasy': 3}, {'Sci-fi': 2}, {'Science Fiction & Fantasy': 2}, {'Aliens': 1}, {'Extraterrestrial beings': 1}, {'FIC028010': 1}, {'Fiction': 1}, {'Space': 1}, {'War': 1}, {'Diverse Characters': 28}, {'Loveable Characters': 26}, {'Strong Character Development': 19}, {'A mix driven': 15}, {'Plot driven': 10}, {'Weak Character Development': 10}, {'Character driven': 4}, {'Unloveable Characters': 3}, {'Space Opera': 2}, {'Sci-fi': 1}, {'Adventurous': 36}, {'tense': 20}, {'dark': 17}, {'mysterious': 14}, {'funny': 6}, {'emotional': 5}, {'reflective': 3}, {'sad': 2}, {'inspiring': 2}, {'hopeful': 2}]
68	9780748122974	Caliban's War	James S. A. Corey	2012	Orbit	We are not alone. On Ganymede, breadbasket of the outer planets, a Martian marine watches as her platoon is slaughtered by a monstrous supersoldier. On Earth, a high-level politician struggles to prevent interplanetary war from reigniting. And on Venus, an alien protomolecule has overrun the planet, wreaking massive, mysterious changes and threatening to spread out into the solar system. In the vast wilderness of space, James Holden and the crew of the Rocinante have been keeping the peace for the Outer Planets Alliance. When they agree to help a scientist search war-torn Ganymede for a missing child, the future of humanity rests on whether a single ship can prevent an alien invasion that may have already begun . . .	[{'Science Fiction': 6}, {'Fantasy': 3}, {'Sci-fi': 2}, {'Science Fiction & Fantasy': 2}, {'Aliens': 1}, {'Extraterrestrial beings': 1}, {'FIC028010': 1}, {'Fiction': 1}, {'Space': 1}, {'War': 1}, {'Diverse Characters': 28}, {'Loveable Characters': 26}, {'Strong Character Development': 19}, {'A mix driven': 15}, {'Plot driven': 10}, {'Weak Character Development': 10}, {'Character driven': 4}, {'Unloveable Characters': 3}, {'Space Opera': 2}, {'Sci-fi': 1}, {'Adventurous': 36}, {'tense': 20}, {'dark': 17}, {'mysterious': 14}, {'funny': 6}, {'emotional': 5}, {'reflective': 3}, {'sad': 2}, {'inspiring': 2}, {'hopeful': 2}]
68	9780356524146	Caliban's War	James S. A. Corey	2012	Orbit Books	We are not alone. On Ganymede, breadbasket of the outer planets, a Martian marine watches as her platoon is slaughtered by a monstrous supersoldier. On Earth, a high-level politician struggles to prevent interplanetary war from reigniting. And on Venus, an alien protomolecule has overrun the planet, wreaking massive, mysterious changes and threatening to spread out into the solar system. In the vast wilderness of space, James Holden and the crew of the Rocinante have been keeping the peace for the Outer Planets Alliance. When they agree to help a scientist search war-torn Ganymede for a missing child, the future of humanity rests on whether a single ship can prevent an alien invasion that may have already begun . . .	[{'Science Fiction': 6}, {'Fantasy': 3}, {'Sci-fi': 2}, {'Science Fiction & Fantasy': 2}, {'Aliens': 1}, {'Extraterrestrial beings': 1}, {'FIC028010': 1}, {'Fiction': 1}, {'Space': 1}, {'War': 1}, {'Diverse Characters': 28}, {'Loveable Characters': 26}, {'Strong Character Development': 19}, {'A mix driven': 15}, {'Plot driven': 10}, {'Weak Character Development': 10}, {'Character driven': 4}, {'Unloveable Characters': 3}, {'Space Opera': 2}, {'Sci-fi': 1}, {'Adventurous': 36}, {'tense': 20}, {'dark': 17}, {'mysterious': 14}, {'funny': 6}, {'emotional': 5}, {'reflective': 3}, {'sad': 2}, {'inspiring': 2}, {'hopeful': 2}]
68	9781471291050	Caliban's war [Spoken word] [MP3 CD].	James S. A. Corey	2012		We are not alone. On Ganymede, breadbasket of the outer planets, a Martian marine watches as her platoon is slaughtered by a monstrous supersoldier. On Earth, a high-level politician struggles to prevent interplanetary war from reigniting. And on Venus, an alien protomolecule has overrun the planet, wreaking massive, mysterious changes and threatening to spread out into the solar system. In the vast wilderness of space, James Holden and the crew of the Rocinante have been keeping the peace for the Outer Planets Alliance. When they agree to help a scientist search war-torn Ganymede for a missing child, the future of humanity rests on whether a single ship can prevent an alien invasion that may have already begun . . .	[{'Science Fiction': 6}, {'Fantasy': 3}, {'Sci-fi': 2}, {'Science Fiction & Fantasy': 2}, {'Aliens': 1}, {'Extraterrestrial beings': 1}, {'FIC028010': 1}, {'Fiction': 1}, {'Space': 1}, {'War': 1}, {'Diverse Characters': 28}, {'Loveable Characters': 26}, {'Strong Character Development': 19}, {'A mix driven': 15}, {'Plot driven': 10}, {'Weak Character Development': 10}, {'Character driven': 4}, {'Unloveable Characters': 3}, {'Space Opera': 2}, {'Sci-fi': 1}, {'Adventurous': 36}, {'tense': 20}, {'dark': 17}, {'mysterious': 14}, {'funny': 6}, {'emotional': 5}, {'reflective': 3}, {'sad': 2}, {'inspiring': 2}, {'hopeful': 2}]
68	9781464030864	Caliban's War	James S. A. Corey	2012	Orbit	We are not alone. On Ganymede, breadbasket of the outer planets, a Martian marine watches as her platoon is slaughtered by a monstrous supersoldier. On Earth, a high-level politician struggles to prevent interplanetary war from reigniting. And on Venus, an alien protomolecule has overrun the planet, wreaking massive, mysterious changes and threatening to spread out into the solar system. In the vast wilderness of space, James Holden and the crew of the Rocinante have been keeping the peace for the Outer Planets Alliance. When they agree to help a scientist search war-torn Ganymede for a missing child, the future of humanity rests on whether a single ship can prevent an alien invasion that may have already begun . . .	[{'Science Fiction': 6}, {'Fantasy': 3}, {'Sci-fi': 2}, {'Science Fiction & Fantasy': 2}, {'Aliens': 1}, {'Extraterrestrial beings': 1}, {'FIC028010': 1}, {'Fiction': 1}, {'Space': 1}, {'War': 1}, {'Diverse Characters': 28}, {'Loveable Characters': 26}, {'Strong Character Development': 19}, {'A mix driven': 15}, {'Plot driven': 10}, {'Weak Character Development': 10}, {'Character driven': 4}, {'Unloveable Characters': 3}, {'Space Opera': 2}, {'Sci-fi': 1}, {'Adventurous': 36}, {'tense': 20}, {'dark': 17}, {'mysterious': 14}, {'funny': 6}, {'emotional': 5}, {'reflective': 3}, {'sad': 2}, {'inspiring': 2}, {'hopeful': 2}]
68	9780316202275	Caliban's War	James S. A. Corey	2012	Hachette UK	We are not alone. On Ganymede, breadbasket of the outer planets, a Martian marine watches as her platoon is slaughtered by a monstrous supersoldier. On Earth, a high-level politician struggles to prevent interplanetary war from reigniting. And on Venus, an alien protomolecule has overrun the planet, wreaking massive, mysterious changes and threatening to spread out into the solar system. In the vast wilderness of space, James Holden and the crew of the Rocinante have been keeping the peace for the Outer Planets Alliance. When they agree to help a scientist search war-torn Ganymede for a missing child, the future of humanity rests on whether a single ship can prevent an alien invasion that may have already begun . . .	[{'Science Fiction': 6}, {'Fantasy': 3}, {'Sci-fi': 2}, {'Science Fiction & Fantasy': 2}, {'Aliens': 1}, {'Extraterrestrial beings': 1}, {'FIC028010': 1}, {'Fiction': 1}, {'Space': 1}, {'War': 1}, {'Diverse Characters': 28}, {'Loveable Characters': 26}, {'Strong Character Development': 19}, {'A mix driven': 15}, {'Plot driven': 10}, {'Weak Character Development': 10}, {'Character driven': 4}, {'Unloveable Characters': 3}, {'Space Opera': 2}, {'Sci-fi': 1}, {'Adventurous': 36}, {'tense': 20}, {'dark': 17}, {'mysterious': 14}, {'funny': 6}, {'emotional': 5}, {'reflective': 3}, {'sad': 2}, {'inspiring': 2}, {'hopeful': 2}]
68	9781620902707	Caliban's War	James S. A. Corey	2012		We are not alone. On Ganymede, breadbasket of the outer planets, a Martian marine watches as her platoon is slaughtered by a monstrous supersoldier. On Earth, a high-level politician struggles to prevent interplanetary war from reigniting. And on Venus, an alien protomolecule has overrun the planet, wreaking massive, mysterious changes and threatening to spread out into the solar system. In the vast wilderness of space, James Holden and the crew of the Rocinante have been keeping the peace for the Outer Planets Alliance. When they agree to help a scientist search war-torn Ganymede for a missing child, the future of humanity rests on whether a single ship can prevent an alien invasion that may have already begun . . .	[{'Science Fiction': 6}, {'Fantasy': 3}, {'Sci-fi': 2}, {'Science Fiction & Fantasy': 2}, {'Aliens': 1}, {'Extraterrestrial beings': 1}, {'FIC028010': 1}, {'Fiction': 1}, {'Space': 1}, {'War': 1}, {'Diverse Characters': 28}, {'Loveable Characters': 26}, {'Strong Character Development': 19}, {'A mix driven': 15}, {'Plot driven': 10}, {'Weak Character Development': 10}, {'Character driven': 4}, {'Unloveable Characters': 3}, {'Space Opera': 2}, {'Sci-fi': 1}, {'Adventurous': 36}, {'tense': 20}, {'dark': 17}, {'mysterious': 14}, {'funny': 6}, {'emotional': 5}, {'reflective': 3}, {'sad': 2}, {'inspiring': 2}, {'hopeful': 2}]
68		Caliban's War	James S. A. Corey	2012	Recorded Books	We are not alone. On Ganymede, breadbasket of the outer planets, a Martian marine watches as her platoon is slaughtered by a monstrous supersoldier. On Earth, a high-level politician struggles to prevent interplanetary war from reigniting. And on Venus, an alien protomolecule has overrun the planet, wreaking massive, mysterious changes and threatening to spread out into the solar system. In the vast wilderness of space, James Holden and the crew of the Rocinante have been keeping the peace for the Outer Planets Alliance. When they agree to help a scientist search war-torn Ganymede for a missing child, the future of humanity rests on whether a single ship can prevent an alien invasion that may have already begun . . .	[{'Science Fiction': 6}, {'Fantasy': 3}, {'Sci-fi': 2}, {'Science Fiction & Fantasy': 2}, {'Aliens': 1}, {'Extraterrestrial beings': 1}, {'FIC028010': 1}, {'Fiction': 1}, {'Space': 1}, {'War': 1}, {'Diverse Characters': 28}, {'Loveable Characters': 26}, {'Strong Character Development': 19}, {'A mix driven': 15}, {'Plot driven': 10}, {'Weak Character Development': 10}, {'Character driven': 4}, {'Unloveable Characters': 3}, {'Space Opera': 2}, {'Sci-fi': 1}, {'Adventurous': 36}, {'tense': 20}, {'dark': 17}, {'mysterious': 14}, {'funny': 6}, {'emotional': 5}, {'reflective': 3}, {'sad': 2}, {'inspiring': 2}, {'hopeful': 2}]
69	9780575100763	In the Mouth of the Whale	Paul McAuley	2012	Gollancz	In the system of Fomalhaut, a war is being fought. The Quicks came long ago, refugees from the solar system. The True arrived later, to find a declining civilisation, ripe for the taking. Then the Ghosts appeared, unknowable, powerful and determined to drive out the Quick and the True.	[{'Fantasy': 1}, {'Science fiction': 1}, {'War': 1}, {'Fiction': 1}]
69	9780575100732	In the Mouth of the Whale	Paul McAuley	2012	Gollancz	In the system of Fomalhaut, a war is being fought. The Quicks came long ago, refugees from the solar system. The True arrived later, to find a declining civilisation, ripe for the taking. Then the Ghosts appeared, unknowable, powerful and determined to drive out the Quick and the True.	[{'Fantasy': 1}, {'Science fiction': 1}, {'War': 1}, {'Fiction': 1}]
71		Abaddon's Gate	James S. A. Corey	2013	Hachette Audio	The third book in the NYT bestselling Expanse series, Abaddon's Gate opens the door to the ruins of an alien gate network, and the crew of the Rocinante may hold the key to unlocking its secrets. Now a Prime Original series. For generations, the solar system -- Mars, the Moon, the Asteroid Belt -- was humanity's great frontier. Until now. The alien artifact working through its program under the clouds of Venus has appeared in Uranus's orbit, where it has built a massive gate that leads to a starless dark. Jim Holden and the crew of the Rocinante are part of a vast flotilla of scientific and military ships going out to examine the artifact. But behind the scenes, a complex plot is unfolding, with the destruction of Holden at its core. As the emissaries of the human race try to find whether the gate is an opportunity or a threat, the greatest danger is the one they brought with them. Abaddon's Gate is a breakneck science fiction adventure following the critically acclaimed Caliban's War. 	[{'Science Fiction': 7}, {'Adventure': 2}, {'Fantasy': 2}, {'Sci-fi': 2}, {'Science Fiction & Fantasy': 2}, {'Fiction': 2}, {'Hard Science Fiction': 2}, {'Space Opera': 2}, {'Action & Adventure': 1}, {'Literature & Fiction': 1}, {'Strong Character Development': 21}, {'Diverse Characters': 20}, {'A mix driven': 14}, {'Loveable Characters': 13}, {'Unloveable Characters': 10}, {'Plot driven': 6}, {'Not Diverse Characters': 3}, {'Character driven': 3}, {'Weak Character Development': 3}, {'Space Opera': 2}, {'Adventurous': 28}, {'tense': 15}, {'dark': 11}, {'emotional': 10}, {'mysterious': 7}, {'challenging': 3}, {'sad': 3}, {'reflective': 3}, {'hopeful': 1}, {'medium-paced': 1}]
71	9780316401708	Abaddon's Gate	James S. A. Corey	2013	Orbit	The third book in the NYT bestselling Expanse series, Abaddon's Gate opens the door to the ruins of an alien gate network, and the crew of the Rocinante may hold the key to unlocking its secrets. Now a Prime Original series. For generations, the solar system -- Mars, the Moon, the Asteroid Belt -- was humanity's great frontier. Until now. The alien artifact working through its program under the clouds of Venus has appeared in Uranus's orbit, where it has built a massive gate that leads to a starless dark. Jim Holden and the crew of the Rocinante are part of a vast flotilla of scientific and military ships going out to examine the artifact. But behind the scenes, a complex plot is unfolding, with the destruction of Holden at its core. As the emissaries of the human race try to find whether the gate is an opportunity or a threat, the greatest danger is the one they brought with them. Abaddon's Gate is a breakneck science fiction adventure following the critically acclaimed Caliban's War. 	[{'Science Fiction': 7}, {'Adventure': 2}, {'Fantasy': 2}, {'Sci-fi': 2}, {'Science Fiction & Fantasy': 2}, {'Fiction': 2}, {'Hard Science Fiction': 2}, {'Space Opera': 2}, {'Action & Adventure': 1}, {'Literature & Fiction': 1}, {'Strong Character Development': 21}, {'Diverse Characters': 20}, {'A mix driven': 14}, {'Loveable Characters': 13}, {'Unloveable Characters': 10}, {'Plot driven': 6}, {'Not Diverse Characters': 3}, {'Character driven': 3}, {'Weak Character Development': 3}, {'Space Opera': 2}, {'Adventurous': 28}, {'tense': 15}, {'dark': 11}, {'emotional': 10}, {'mysterious': 7}, {'challenging': 3}, {'sad': 3}, {'reflective': 3}, {'hopeful': 1}, {'medium-paced': 1}]
71	9781841499932	Abaddon's Gate	James S. A. Corey	2013	Orbit Books	The third book in the NYT bestselling Expanse series, Abaddon's Gate opens the door to the ruins of an alien gate network, and the crew of the Rocinante may hold the key to unlocking its secrets. Now a Prime Original series. For generations, the solar system -- Mars, the Moon, the Asteroid Belt -- was humanity's great frontier. Until now. The alien artifact working through its program under the clouds of Venus has appeared in Uranus's orbit, where it has built a massive gate that leads to a starless dark. Jim Holden and the crew of the Rocinante are part of a vast flotilla of scientific and military ships going out to examine the artifact. But behind the scenes, a complex plot is unfolding, with the destruction of Holden at its core. As the emissaries of the human race try to find whether the gate is an opportunity or a threat, the greatest danger is the one they brought with them. Abaddon's Gate is a breakneck science fiction adventure following the critically acclaimed Caliban's War. 	[{'Science Fiction': 7}, {'Adventure': 2}, {'Fantasy': 2}, {'Sci-fi': 2}, {'Science Fiction & Fantasy': 2}, {'Fiction': 2}, {'Hard Science Fiction': 2}, {'Space Opera': 2}, {'Action & Adventure': 1}, {'Literature & Fiction': 1}, {'Strong Character Development': 21}, {'Diverse Characters': 20}, {'A mix driven': 14}, {'Loveable Characters': 13}, {'Unloveable Characters': 10}, {'Plot driven': 6}, {'Not Diverse Characters': 3}, {'Character driven': 3}, {'Weak Character Development': 3}, {'Space Opera': 2}, {'Adventurous': 28}, {'tense': 15}, {'dark': 11}, {'emotional': 10}, {'mysterious': 7}, {'challenging': 3}, {'sad': 3}, {'reflective': 3}, {'hopeful': 1}, {'medium-paced': 1}]
71	9781549153068	Abaddon's Gate	James S. A. Corey	2013	Blackstone Pub	The third book in the NYT bestselling Expanse series, Abaddon's Gate opens the door to the ruins of an alien gate network, and the crew of the Rocinante may hold the key to unlocking its secrets. Now a Prime Original series. For generations, the solar system -- Mars, the Moon, the Asteroid Belt -- was humanity's great frontier. Until now. The alien artifact working through its program under the clouds of Venus has appeared in Uranus's orbit, where it has built a massive gate that leads to a starless dark. Jim Holden and the crew of the Rocinante are part of a vast flotilla of scientific and military ships going out to examine the artifact. But behind the scenes, a complex plot is unfolding, with the destruction of Holden at its core. As the emissaries of the human race try to find whether the gate is an opportunity or a threat, the greatest danger is the one they brought with them. Abaddon's Gate is a breakneck science fiction adventure following the critically acclaimed Caliban's War. 	[{'Science Fiction': 7}, {'Adventure': 2}, {'Fantasy': 2}, {'Sci-fi': 2}, {'Science Fiction & Fantasy': 2}, {'Fiction': 2}, {'Hard Science Fiction': 2}, {'Space Opera': 2}, {'Action & Adventure': 1}, {'Literature & Fiction': 1}, {'Strong Character Development': 21}, {'Diverse Characters': 20}, {'A mix driven': 14}, {'Loveable Characters': 13}, {'Unloveable Characters': 10}, {'Plot driven': 6}, {'Not Diverse Characters': 3}, {'Character driven': 3}, {'Weak Character Development': 3}, {'Space Opera': 2}, {'Adventurous': 28}, {'tense': 15}, {'dark': 11}, {'emotional': 10}, {'mysterious': 7}, {'challenging': 3}, {'sad': 3}, {'reflective': 3}, {'hopeful': 1}, {'medium-paced': 1}]
71	9781549142192	Abaddon's Gate	James S. A. Corey	2013	Hachette Audio	The third book in the NYT bestselling Expanse series, Abaddon's Gate opens the door to the ruins of an alien gate network, and the crew of the Rocinante may hold the key to unlocking its secrets. Now a Prime Original series. For generations, the solar system -- Mars, the Moon, the Asteroid Belt -- was humanity's great frontier. Until now. The alien artifact working through its program under the clouds of Venus has appeared in Uranus's orbit, where it has built a massive gate that leads to a starless dark. Jim Holden and the crew of the Rocinante are part of a vast flotilla of scientific and military ships going out to examine the artifact. But behind the scenes, a complex plot is unfolding, with the destruction of Holden at its core. As the emissaries of the human race try to find whether the gate is an opportunity or a threat, the greatest danger is the one they brought with them. Abaddon's Gate is a breakneck science fiction adventure following the critically acclaimed Caliban's War. 	[{'Science Fiction': 7}, {'Adventure': 2}, {'Fantasy': 2}, {'Sci-fi': 2}, {'Science Fiction & Fantasy': 2}, {'Fiction': 2}, {'Hard Science Fiction': 2}, {'Space Opera': 2}, {'Action & Adventure': 1}, {'Literature & Fiction': 1}, {'Strong Character Development': 21}, {'Diverse Characters': 20}, {'A mix driven': 14}, {'Loveable Characters': 13}, {'Unloveable Characters': 10}, {'Plot driven': 6}, {'Not Diverse Characters': 3}, {'Character driven': 3}, {'Weak Character Development': 3}, {'Space Opera': 2}, {'Adventurous': 28}, {'tense': 15}, {'dark': 11}, {'emotional': 10}, {'mysterious': 7}, {'challenging': 3}, {'sad': 3}, {'reflective': 3}, {'hopeful': 1}, {'medium-paced': 1}]
71	9780316573528	Abaddon's Gate	James S. A. Corey	2013	Orbit	The third book in the NYT bestselling Expanse series, Abaddon's Gate opens the door to the ruins of an alien gate network, and the crew of the Rocinante may hold the key to unlocking its secrets. Now a Prime Original series. For generations, the solar system -- Mars, the Moon, the Asteroid Belt -- was humanity's great frontier. Until now. The alien artifact working through its program under the clouds of Venus has appeared in Uranus's orbit, where it has built a massive gate that leads to a starless dark. Jim Holden and the crew of the Rocinante are part of a vast flotilla of scientific and military ships going out to examine the artifact. But behind the scenes, a complex plot is unfolding, with the destruction of Holden at its core. As the emissaries of the human race try to find whether the gate is an opportunity or a threat, the greatest danger is the one they brought with them. Abaddon's Gate is a breakneck science fiction adventure following the critically acclaimed Caliban's War. 	[{'Science Fiction': 7}, {'Adventure': 2}, {'Fantasy': 2}, {'Sci-fi': 2}, {'Science Fiction & Fantasy': 2}, {'Fiction': 2}, {'Hard Science Fiction': 2}, {'Space Opera': 2}, {'Action & Adventure': 1}, {'Literature & Fiction': 1}, {'Strong Character Development': 21}, {'Diverse Characters': 20}, {'A mix driven': 14}, {'Loveable Characters': 13}, {'Unloveable Characters': 10}, {'Plot driven': 6}, {'Not Diverse Characters': 3}, {'Character driven': 3}, {'Weak Character Development': 3}, {'Space Opera': 2}, {'Adventurous': 28}, {'tense': 15}, {'dark': 11}, {'emotional': 10}, {'mysterious': 7}, {'challenging': 3}, {'sad': 3}, {'reflective': 3}, {'hopeful': 1}, {'medium-paced': 1}]
71	9780316235426	Abaddon's Gate	James S. A. Corey	2013	Orbit	The third book in the NYT bestselling Expanse series, Abaddon's Gate opens the door to the ruins of an alien gate network, and the crew of the Rocinante may hold the key to unlocking its secrets. Now a Prime Original series. For generations, the solar system -- Mars, the Moon, the Asteroid Belt -- was humanity's great frontier. Until now. The alien artifact working through its program under the clouds of Venus has appeared in Uranus's orbit, where it has built a massive gate that leads to a starless dark. Jim Holden and the crew of the Rocinante are part of a vast flotilla of scientific and military ships going out to examine the artifact. But behind the scenes, a complex plot is unfolding, with the destruction of Holden at its core. As the emissaries of the human race try to find whether the gate is an opportunity or a threat, the greatest danger is the one they brought with them. Abaddon's Gate is a breakneck science fiction adventure following the critically acclaimed Caliban's War. 	[{'Science Fiction': 7}, {'Adventure': 2}, {'Fantasy': 2}, {'Sci-fi': 2}, {'Science Fiction & Fantasy': 2}, {'Fiction': 2}, {'Hard Science Fiction': 2}, {'Space Opera': 2}, {'Action & Adventure': 1}, {'Literature & Fiction': 1}, {'Strong Character Development': 21}, {'Diverse Characters': 20}, {'A mix driven': 14}, {'Loveable Characters': 13}, {'Unloveable Characters': 10}, {'Plot driven': 6}, {'Not Diverse Characters': 3}, {'Character driven': 3}, {'Weak Character Development': 3}, {'Space Opera': 2}, {'Adventurous': 28}, {'tense': 15}, {'dark': 11}, {'emotional': 10}, {'mysterious': 7}, {'challenging': 3}, {'sad': 3}, {'reflective': 3}, {'hopeful': 1}, {'medium-paced': 1}]
71	9780748122981	Abaddon's Gate	James S. A. Corey	2013	Hachette UK	The third book in the NYT bestselling Expanse series, Abaddon's Gate opens the door to the ruins of an alien gate network, and the crew of the Rocinante may hold the key to unlocking its secrets. Now a Prime Original series. For generations, the solar system -- Mars, the Moon, the Asteroid Belt -- was humanity's great frontier. Until now. The alien artifact working through its program under the clouds of Venus has appeared in Uranus's orbit, where it has built a massive gate that leads to a starless dark. Jim Holden and the crew of the Rocinante are part of a vast flotilla of scientific and military ships going out to examine the artifact. But behind the scenes, a complex plot is unfolding, with the destruction of Holden at its core. As the emissaries of the human race try to find whether the gate is an opportunity or a threat, the greatest danger is the one they brought with them. Abaddon's Gate is a breakneck science fiction adventure following the critically acclaimed Caliban's War. 	[{'Science Fiction': 7}, {'Adventure': 2}, {'Fantasy': 2}, {'Sci-fi': 2}, {'Science Fiction & Fantasy': 2}, {'Fiction': 2}, {'Hard Science Fiction': 2}, {'Space Opera': 2}, {'Action & Adventure': 1}, {'Literature & Fiction': 1}, {'Strong Character Development': 21}, {'Diverse Characters': 20}, {'A mix driven': 14}, {'Loveable Characters': 13}, {'Unloveable Characters': 10}, {'Plot driven': 6}, {'Not Diverse Characters': 3}, {'Character driven': 3}, {'Weak Character Development': 3}, {'Space Opera': 2}, {'Adventurous': 28}, {'tense': 15}, {'dark': 11}, {'emotional': 10}, {'mysterious': 7}, {'challenging': 3}, {'sad': 3}, {'reflective': 3}, {'hopeful': 1}, {'medium-paced': 1}]
71	9780316129077	Abaddon's Gate	James S. A. Corey	2013	Orbit	The third book in the NYT bestselling Expanse series, Abaddon's Gate opens the door to the ruins of an alien gate network, and the crew of the Rocinante may hold the key to unlocking its secrets. Now a Prime Original series. For generations, the solar system -- Mars, the Moon, the Asteroid Belt -- was humanity's great frontier. Until now. The alien artifact working through its program under the clouds of Venus has appeared in Uranus's orbit, where it has built a massive gate that leads to a starless dark. Jim Holden and the crew of the Rocinante are part of a vast flotilla of scientific and military ships going out to examine the artifact. But behind the scenes, a complex plot is unfolding, with the destruction of Holden at its core. As the emissaries of the human race try to find whether the gate is an opportunity or a threat, the greatest danger is the one they brought with them. Abaddon's Gate is a breakneck science fiction adventure following the critically acclaimed Caliban's War. 	[{'Science Fiction': 7}, {'Adventure': 2}, {'Fantasy': 2}, {'Sci-fi': 2}, {'Science Fiction & Fantasy': 2}, {'Fiction': 2}, {'Hard Science Fiction': 2}, {'Space Opera': 2}, {'Action & Adventure': 1}, {'Literature & Fiction': 1}, {'Strong Character Development': 21}, {'Diverse Characters': 20}, {'A mix driven': 14}, {'Loveable Characters': 13}, {'Unloveable Characters': 10}, {'Plot driven': 6}, {'Not Diverse Characters': 3}, {'Character driven': 3}, {'Weak Character Development': 3}, {'Space Opera': 2}, {'Adventurous': 28}, {'tense': 15}, {'dark': 11}, {'emotional': 10}, {'mysterious': 7}, {'challenging': 3}, {'sad': 3}, {'reflective': 3}, {'hopeful': 1}, {'medium-paced': 1}]
71	9780316496100	Abaddon's Gate	James S. A. Corey	2013	Orbit	The third book in the NYT bestselling Expanse series, Abaddon's Gate opens the door to the ruins of an alien gate network, and the crew of the Rocinante may hold the key to unlocking its secrets. Now a Prime Original series. For generations, the solar system -- Mars, the Moon, the Asteroid Belt -- was humanity's great frontier. Until now. The alien artifact working through its program under the clouds of Venus has appeared in Uranus's orbit, where it has built a massive gate that leads to a starless dark. Jim Holden and the crew of the Rocinante are part of a vast flotilla of scientific and military ships going out to examine the artifact. But behind the scenes, a complex plot is unfolding, with the destruction of Holden at its core. As the emissaries of the human race try to find whether the gate is an opportunity or a threat, the greatest danger is the one they brought with them. Abaddon's Gate is a breakneck science fiction adventure following the critically acclaimed Caliban's War. 	[{'Science Fiction': 7}, {'Adventure': 2}, {'Fantasy': 2}, {'Sci-fi': 2}, {'Science Fiction & Fantasy': 2}, {'Fiction': 2}, {'Hard Science Fiction': 2}, {'Space Opera': 2}, {'Action & Adventure': 1}, {'Literature & Fiction': 1}, {'Strong Character Development': 21}, {'Diverse Characters': 20}, {'A mix driven': 14}, {'Loveable Characters': 13}, {'Unloveable Characters': 10}, {'Plot driven': 6}, {'Not Diverse Characters': 3}, {'Character driven': 3}, {'Weak Character Development': 3}, {'Space Opera': 2}, {'Adventurous': 28}, {'tense': 15}, {'dark': 11}, {'emotional': 10}, {'mysterious': 7}, {'challenging': 3}, {'sad': 3}, {'reflective': 3}, {'hopeful': 1}, {'medium-paced': 1}]
71	9781841499925	Abaddon's Gate	James S. A. Corey	2013	Orbit Books	The third book in the NYT bestselling Expanse series, Abaddon's Gate opens the door to the ruins of an alien gate network, and the crew of the Rocinante may hold the key to unlocking its secrets. Now a Prime Original series. For generations, the solar system -- Mars, the Moon, the Asteroid Belt -- was humanity's great frontier. Until now. The alien artifact working through its program under the clouds of Venus has appeared in Uranus's orbit, where it has built a massive gate that leads to a starless dark. Jim Holden and the crew of the Rocinante are part of a vast flotilla of scientific and military ships going out to examine the artifact. But behind the scenes, a complex plot is unfolding, with the destruction of Holden at its core. As the emissaries of the human race try to find whether the gate is an opportunity or a threat, the greatest danger is the one they brought with them. Abaddon's Gate is a breakneck science fiction adventure following the critically acclaimed Caliban's War. 	[{'Science Fiction': 7}, {'Adventure': 2}, {'Fantasy': 2}, {'Sci-fi': 2}, {'Science Fiction & Fantasy': 2}, {'Fiction': 2}, {'Hard Science Fiction': 2}, {'Space Opera': 2}, {'Action & Adventure': 1}, {'Literature & Fiction': 1}, {'Strong Character Development': 21}, {'Diverse Characters': 20}, {'A mix driven': 14}, {'Loveable Characters': 13}, {'Unloveable Characters': 10}, {'Plot driven': 6}, {'Not Diverse Characters': 3}, {'Character driven': 3}, {'Weak Character Development': 3}, {'Space Opera': 2}, {'Adventurous': 28}, {'tense': 15}, {'dark': 11}, {'emotional': 10}, {'mysterious': 7}, {'challenging': 3}, {'sad': 3}, {'reflective': 3}, {'hopeful': 1}, {'medium-paced': 1}]
71		Abaddon's Gate	James S. A. Corey	2013		The third book in the NYT bestselling Expanse series, Abaddon's Gate opens the door to the ruins of an alien gate network, and the crew of the Rocinante may hold the key to unlocking its secrets. Now a Prime Original series. For generations, the solar system -- Mars, the Moon, the Asteroid Belt -- was humanity's great frontier. Until now. The alien artifact working through its program under the clouds of Venus has appeared in Uranus's orbit, where it has built a massive gate that leads to a starless dark. Jim Holden and the crew of the Rocinante are part of a vast flotilla of scientific and military ships going out to examine the artifact. But behind the scenes, a complex plot is unfolding, with the destruction of Holden at its core. As the emissaries of the human race try to find whether the gate is an opportunity or a threat, the greatest danger is the one they brought with them. Abaddon's Gate is a breakneck science fiction adventure following the critically acclaimed Caliban's War. 	[{'Science Fiction': 7}, {'Adventure': 2}, {'Fantasy': 2}, {'Sci-fi': 2}, {'Science Fiction & Fantasy': 2}, {'Fiction': 2}, {'Hard Science Fiction': 2}, {'Space Opera': 2}, {'Action & Adventure': 1}, {'Literature & Fiction': 1}, {'Strong Character Development': 21}, {'Diverse Characters': 20}, {'A mix driven': 14}, {'Loveable Characters': 13}, {'Unloveable Characters': 10}, {'Plot driven': 6}, {'Not Diverse Characters': 3}, {'Character driven': 3}, {'Weak Character Development': 3}, {'Space Opera': 2}, {'Adventurous': 28}, {'tense': 15}, {'dark': 11}, {'emotional': 10}, {'mysterious': 7}, {'challenging': 3}, {'sad': 3}, {'reflective': 3}, {'hopeful': 1}, {'medium-paced': 1}]
72	9780575100817	Evening's Empires	Paul McAuley	2013	Gollancz	In the far future, a young man stands on a barren asteroid. His ship has been stolen, his family kidnapped or worse, and all he has on his side is a semi-intelligent spacesuit. The only member of the crew to escape, Hari has barely been off his ship before. It was his birthplace, his home and his future. He's going to get it back. McAuley's latest novel is set in the same far-flung future as his last few novels, but this time he takes on a much more personal story. This is a tale of revenge, of murder and morality, of growing up and discovering the world around you. Throughout the novel we follow Hari's viewpoint, and as he unravels the mysteries that led to his stranding, we discover them alongside him. But throughout his journeys, Hari must always bear one thing in mind. Nobody is to be trusted.	[{'Fantasy': 111021}, {'Fiction': 106444}, {'Adventure': 58108}, {'Science fiction': 49674}]
72	9780575100787	Evening's Empires	Paul McAuley	2013	Orion Publishing Group, Limited	In the far future, a young man stands on a barren asteroid. His ship has been stolen, his family kidnapped or worse, and all he has on his side is a semi-intelligent spacesuit. The only member of the crew to escape, Hari has barely been off his ship before. It was his birthplace, his home and his future. He's going to get it back. McAuley's latest novel is set in the same far-flung future as his last few novels, but this time he takes on a much more personal story. This is a tale of revenge, of murder and morality, of growing up and discovering the world around you. Throughout the novel we follow Hari's viewpoint, and as he unravels the mysteries that led to his stranding, we discover them alongside him. But throughout his journeys, Hari must always bear one thing in mind. Nobody is to be trusted.	[{'Fantasy': 111021}, {'Fiction': 106444}, {'Adventure': 58108}, {'Science fiction': 49674}]
72	9780575100824	Evening's Empires	Paul McAuley	2013	Gollancz	In the far future, a young man stands on a barren asteroid. His ship has been stolen, his family kidnapped or worse, and all he has on his side is a semi-intelligent spacesuit. The only member of the crew to escape, Hari has barely been off his ship before. It was his birthplace, his home and his future. He's going to get it back. McAuley's latest novel is set in the same far-flung future as his last few novels, but this time he takes on a much more personal story. This is a tale of revenge, of murder and morality, of growing up and discovering the world around you. Throughout the novel we follow Hari's viewpoint, and as he unravels the mysteries that led to his stranding, we discover them alongside him. But throughout his journeys, Hari must always bear one thing in mind. Nobody is to be trusted.	[{'Fantasy': 111021}, {'Fiction': 106444}, {'Adventure': 58108}, {'Science fiction': 49674}]
74	9780451465016	Blood Oranges	Kathleen Tierney	2013	Roc	"My name’s Quinn.

If you buy into my reputation, I’m the most notorious demon hunter in New England. But rumors of my badassery have been slightly exaggerated. Instead of having kung-fu skills and a closet full of medieval weapons, I’m an ex-junkie with a talent for being in the wrong place at the right time. Or the right place at the wrong time. Or…whatever. 

Wanted for crimes against inhumanity I (mostly) didn’t commit, I was nearly a midnight snack for a werewolf until I was “saved” by a vampire calling itself the Bride of Quiet. Already cursed by a werewolf bite, the vamp took a pint out of me too. 

So now…now, well, you wouldn’t think it could get worse, but you’d be dead wrong."	[{'Fantasy': 1}, {'Fiction': 1}, {'Horror': 1}, {'drug addicts': 1}, {'demons': 1}, {'Lgbtqia2s+': 1}, {'Monsters': 1}, {'vampires': 1}, {'Werewolves': 1}, {'dark': 1}]
75		The Three-Body Problem	Cixin Liu	2006	Head of Zeus	"An alien civilization on the brink of destruction captures the signal and plans to invade Earth. 

Meanwhile, on Earth, different camps start forming, planning to either welcome the superior beings and help them take over a world seen as corrupt, or to fight against the invasion. 

The result is a science fiction masterpiece of enormous scope and vision."	[{'Science Fiction': 17}, {'Fiction': 7}, {'Aliens': 3}, {'Fantasy': 3}, {'Sci-fi': 2}, {'First contact': 2}, {'Science Fiction & Fantasy': 2}, {'General': 2}, {'Hard Science Fiction': 2}, {'China': 1}, {'Unloveable Characters': 60}, {'Weak Character Development': 58}, {'Plot driven': 58}, {'Not Diverse Characters': 41}, {'Diverse Characters': 26}, {'A mix driven': 18}, {'Strong Character Development': 13}, {'Loveable Characters': 9}, {'Character driven': 2}, {'audiobook': 2}, {'mysterious': 71}, {'challenging': 50}, {'dark': 40}, {'Adventurous': 35}, {'tense': 33}, {'reflective': 27}, {'informative': 21}, {'emotional': 6}, {'sad': 6}, {'slow-paced': 1}]
75	9781035909575	The Three-Body Problem	Cixin Liu	2006	Ad Astra	"An alien civilization on the brink of destruction captures the signal and plans to invade Earth. 

Meanwhile, on Earth, different camps start forming, planning to either welcome the superior beings and help them take over a world seen as corrupt, or to fight against the invasion. 

The result is a science fiction masterpiece of enormous scope and vision."	[{'Science Fiction': 17}, {'Fiction': 7}, {'Aliens': 3}, {'Fantasy': 3}, {'Sci-fi': 2}, {'First contact': 2}, {'Science Fiction & Fantasy': 2}, {'General': 2}, {'Hard Science Fiction': 2}, {'China': 1}, {'Unloveable Characters': 60}, {'Weak Character Development': 58}, {'Plot driven': 58}, {'Not Diverse Characters': 41}, {'Diverse Characters': 26}, {'A mix driven': 18}, {'Strong Character Development': 13}, {'Loveable Characters': 9}, {'Character driven': 2}, {'audiobook': 2}, {'mysterious': 71}, {'challenging': 50}, {'dark': 40}, {'Adventurous': 35}, {'tense': 33}, {'reflective': 27}, {'informative': 21}, {'emotional': 6}, {'sad': 6}, {'slow-paced': 1}]
75	9781784971540	The Three-Body Problem	Cixin Liu	2006	Bloomsbury Publishing	"An alien civilization on the brink of destruction captures the signal and plans to invade Earth. 

Meanwhile, on Earth, different camps start forming, planning to either welcome the superior beings and help them take over a world seen as corrupt, or to fight against the invasion. 

The result is a science fiction masterpiece of enormous scope and vision."	[{'Science Fiction': 17}, {'Fiction': 7}, {'Aliens': 3}, {'Fantasy': 3}, {'Sci-fi': 2}, {'First contact': 2}, {'Science Fiction & Fantasy': 2}, {'General': 2}, {'Hard Science Fiction': 2}, {'China': 1}, {'Unloveable Characters': 60}, {'Weak Character Development': 58}, {'Plot driven': 58}, {'Not Diverse Characters': 41}, {'Diverse Characters': 26}, {'A mix driven': 18}, {'Strong Character Development': 13}, {'Loveable Characters': 9}, {'Character driven': 2}, {'audiobook': 2}, {'mysterious': 71}, {'challenging': 50}, {'dark': 40}, {'Adventurous': 35}, {'tense': 33}, {'reflective': 27}, {'informative': 21}, {'emotional': 6}, {'sad': 6}, {'slow-paced': 1}]
75	9781510005778	The Three-Body Problem	Cixin Liu	2006	Clipper Audio	"An alien civilization on the brink of destruction captures the signal and plans to invade Earth. 

Meanwhile, on Earth, different camps start forming, planning to either welcome the superior beings and help them take over a world seen as corrupt, or to fight against the invasion. 

The result is a science fiction masterpiece of enormous scope and vision."	[{'Science Fiction': 17}, {'Fiction': 7}, {'Aliens': 3}, {'Fantasy': 3}, {'Sci-fi': 2}, {'First contact': 2}, {'Science Fiction & Fantasy': 2}, {'General': 2}, {'Hard Science Fiction': 2}, {'China': 1}, {'Unloveable Characters': 60}, {'Weak Character Development': 58}, {'Plot driven': 58}, {'Not Diverse Characters': 41}, {'Diverse Characters': 26}, {'A mix driven': 18}, {'Strong Character Development': 13}, {'Loveable Characters': 9}, {'Character driven': 2}, {'audiobook': 2}, {'mysterious': 71}, {'challenging': 50}, {'dark': 40}, {'Adventurous': 35}, {'tense': 33}, {'reflective': 27}, {'informative': 21}, {'emotional': 6}, {'sad': 6}, {'slow-paced': 1}]
75	9781784971571	The Three-Body Problem	Cixin Liu	2006	Head of Zeus	"An alien civilization on the brink of destruction captures the signal and plans to invade Earth. 

Meanwhile, on Earth, different camps start forming, planning to either welcome the superior beings and help them take over a world seen as corrupt, or to fight against the invasion. 

The result is a science fiction masterpiece of enormous scope and vision."	[{'Science Fiction': 17}, {'Fiction': 7}, {'Aliens': 3}, {'Fantasy': 3}, {'Sci-fi': 2}, {'First contact': 2}, {'Science Fiction & Fantasy': 2}, {'General': 2}, {'Hard Science Fiction': 2}, {'China': 1}, {'Unloveable Characters': 60}, {'Weak Character Development': 58}, {'Plot driven': 58}, {'Not Diverse Characters': 41}, {'Diverse Characters': 26}, {'A mix driven': 18}, {'Strong Character Development': 13}, {'Loveable Characters': 9}, {'Character driven': 2}, {'audiobook': 2}, {'mysterious': 71}, {'challenging': 50}, {'dark': 40}, {'Adventurous': 35}, {'tense': 33}, {'reflective': 27}, {'informative': 21}, {'emotional': 6}, {'sad': 6}, {'slow-paced': 1}]
75	9787229030933	死神永生	刘慈欣, Cixin Liu	2006	Chongqing chu ban she	"An alien civilization on the brink of destruction captures the signal and plans to invade Earth. 

Meanwhile, on Earth, different camps start forming, planning to either welcome the superior beings and help them take over a world seen as corrupt, or to fight against the invasion. 

The result is a science fiction masterpiece of enormous scope and vision."	[{'Science Fiction': 17}, {'Fiction': 7}, {'Aliens': 3}, {'Fantasy': 3}, {'Sci-fi': 2}, {'First contact': 2}, {'Science Fiction & Fantasy': 2}, {'General': 2}, {'Hard Science Fiction': 2}, {'China': 1}, {'Unloveable Characters': 60}, {'Weak Character Development': 58}, {'Plot driven': 58}, {'Not Diverse Characters': 41}, {'Diverse Characters': 26}, {'A mix driven': 18}, {'Strong Character Development': 13}, {'Loveable Characters': 9}, {'Character driven': 2}, {'audiobook': 2}, {'mysterious': 71}, {'challenging': 50}, {'dark': 40}, {'Adventurous': 35}, {'tense': 33}, {'reflective': 27}, {'informative': 21}, {'emotional': 6}, {'sad': 6}, {'slow-paced': 1}]
75	9781510015470	The Three-Body Problem	Cixin Liu	2006	Avid Audio	"An alien civilization on the brink of destruction captures the signal and plans to invade Earth. 

Meanwhile, on Earth, different camps start forming, planning to either welcome the superior beings and help them take over a world seen as corrupt, or to fight against the invasion. 

The result is a science fiction masterpiece of enormous scope and vision."	[{'Science Fiction': 17}, {'Fiction': 7}, {'Aliens': 3}, {'Fantasy': 3}, {'Sci-fi': 2}, {'First contact': 2}, {'Science Fiction & Fantasy': 2}, {'General': 2}, {'Hard Science Fiction': 2}, {'China': 1}, {'Unloveable Characters': 60}, {'Weak Character Development': 58}, {'Plot driven': 58}, {'Not Diverse Characters': 41}, {'Diverse Characters': 26}, {'A mix driven': 18}, {'Strong Character Development': 13}, {'Loveable Characters': 9}, {'Character driven': 2}, {'audiobook': 2}, {'mysterious': 71}, {'challenging': 50}, {'dark': 40}, {'Adventurous': 35}, {'tense': 33}, {'reflective': 27}, {'informative': 21}, {'emotional': 6}, {'sad': 6}, {'slow-paced': 1}]
75	9781784971557	The Three-Body Problem	Cixin Liu	2006	Head of Zeus	"An alien civilization on the brink of destruction captures the signal and plans to invade Earth. 

Meanwhile, on Earth, different camps start forming, planning to either welcome the superior beings and help them take over a world seen as corrupt, or to fight against the invasion. 

The result is a science fiction masterpiece of enormous scope and vision."	[{'Science Fiction': 17}, {'Fiction': 7}, {'Aliens': 3}, {'Fantasy': 3}, {'Sci-fi': 2}, {'First contact': 2}, {'Science Fiction & Fantasy': 2}, {'General': 2}, {'Hard Science Fiction': 2}, {'China': 1}, {'Unloveable Characters': 60}, {'Weak Character Development': 58}, {'Plot driven': 58}, {'Not Diverse Characters': 41}, {'Diverse Characters': 26}, {'A mix driven': 18}, {'Strong Character Development': 13}, {'Loveable Characters': 9}, {'Character driven': 2}, {'audiobook': 2}, {'mysterious': 71}, {'challenging': 50}, {'dark': 40}, {'Adventurous': 35}, {'tense': 33}, {'reflective': 27}, {'informative': 21}, {'emotional': 6}, {'sad': 6}, {'slow-paced': 1}]
75	9780765377074	The Three-Body Problem	Cixin Liu	2006	Tor Science Fiction	"An alien civilization on the brink of destruction captures the signal and plans to invade Earth. 

Meanwhile, on Earth, different camps start forming, planning to either welcome the superior beings and help them take over a world seen as corrupt, or to fight against the invasion. 

The result is a science fiction masterpiece of enormous scope and vision."	[{'Science Fiction': 17}, {'Fiction': 7}, {'Aliens': 3}, {'Fantasy': 3}, {'Sci-fi': 2}, {'First contact': 2}, {'Science Fiction & Fantasy': 2}, {'General': 2}, {'Hard Science Fiction': 2}, {'China': 1}, {'Unloveable Characters': 60}, {'Weak Character Development': 58}, {'Plot driven': 58}, {'Not Diverse Characters': 41}, {'Diverse Characters': 26}, {'A mix driven': 18}, {'Strong Character Development': 13}, {'Loveable Characters': 9}, {'Character driven': 2}, {'audiobook': 2}, {'mysterious': 71}, {'challenging': 50}, {'dark': 40}, {'Adventurous': 35}, {'tense': 33}, {'reflective': 27}, {'informative': 21}, {'emotional': 6}, {'sad': 6}, {'slow-paced': 1}]
75	9781035912421	The Three-Body Problem	Cixin Liu	2006	Head of Zeus	"An alien civilization on the brink of destruction captures the signal and plans to invade Earth. 

Meanwhile, on Earth, different camps start forming, planning to either welcome the superior beings and help them take over a world seen as corrupt, or to fight against the invasion. 

The result is a science fiction masterpiece of enormous scope and vision."	[{'Science Fiction': 17}, {'Fiction': 7}, {'Aliens': 3}, {'Fantasy': 3}, {'Sci-fi': 2}, {'First contact': 2}, {'Science Fiction & Fantasy': 2}, {'General': 2}, {'Hard Science Fiction': 2}, {'China': 1}, {'Unloveable Characters': 60}, {'Weak Character Development': 58}, {'Plot driven': 58}, {'Not Diverse Characters': 41}, {'Diverse Characters': 26}, {'A mix driven': 18}, {'Strong Character Development': 13}, {'Loveable Characters': 9}, {'Character driven': 2}, {'audiobook': 2}, {'mysterious': 71}, {'challenging': 50}, {'dark': 40}, {'Adventurous': 35}, {'tense': 33}, {'reflective': 27}, {'informative': 21}, {'emotional': 6}, {'sad': 6}, {'slow-paced': 1}]
75	9781035911929	The Three-Body Problem	Cixin Liu	2006	Head of Zeus	"An alien civilization on the brink of destruction captures the signal and plans to invade Earth. 

Meanwhile, on Earth, different camps start forming, planning to either welcome the superior beings and help them take over a world seen as corrupt, or to fight against the invasion. 

The result is a science fiction masterpiece of enormous scope and vision."	[{'Science Fiction': 17}, {'Fiction': 7}, {'Aliens': 3}, {'Fantasy': 3}, {'Sci-fi': 2}, {'First contact': 2}, {'Science Fiction & Fantasy': 2}, {'General': 2}, {'Hard Science Fiction': 2}, {'China': 1}, {'Unloveable Characters': 60}, {'Weak Character Development': 58}, {'Plot driven': 58}, {'Not Diverse Characters': 41}, {'Diverse Characters': 26}, {'A mix driven': 18}, {'Strong Character Development': 13}, {'Loveable Characters': 9}, {'Character driven': 2}, {'audiobook': 2}, {'mysterious': 71}, {'challenging': 50}, {'dark': 40}, {'Adventurous': 35}, {'tense': 33}, {'reflective': 27}, {'informative': 21}, {'emotional': 6}, {'sad': 6}, {'slow-paced': 1}]
75	9781800249172	Remembrance of Earth's Past: The Three-Body Trilogy	Cixin Liu	2006	Head of Zeus	"An alien civilization on the brink of destruction captures the signal and plans to invade Earth. 

Meanwhile, on Earth, different camps start forming, planning to either welcome the superior beings and help them take over a world seen as corrupt, or to fight against the invasion. 

The result is a science fiction masterpiece of enormous scope and vision."	[{'Science Fiction': 17}, {'Fiction': 7}, {'Aliens': 3}, {'Fantasy': 3}, {'Sci-fi': 2}, {'First contact': 2}, {'Science Fiction & Fantasy': 2}, {'General': 2}, {'Hard Science Fiction': 2}, {'China': 1}, {'Unloveable Characters': 60}, {'Weak Character Development': 58}, {'Plot driven': 58}, {'Not Diverse Characters': 41}, {'Diverse Characters': 26}, {'A mix driven': 18}, {'Strong Character Development': 13}, {'Loveable Characters': 9}, {'Character driven': 2}, {'audiobook': 2}, {'mysterious': 71}, {'challenging': 50}, {'dark': 40}, {'Adventurous': 35}, {'tense': 33}, {'reflective': 27}, {'informative': 21}, {'emotional': 6}, {'sad': 6}, {'slow-paced': 1}]
75	9781466853447	The Three-Body Problem	Cixin Liu	2006	Tor Books	"An alien civilization on the brink of destruction captures the signal and plans to invade Earth. 

Meanwhile, on Earth, different camps start forming, planning to either welcome the superior beings and help them take over a world seen as corrupt, or to fight against the invasion. 

The result is a science fiction masterpiece of enormous scope and vision."	[{'Science Fiction': 17}, {'Fiction': 7}, {'Aliens': 3}, {'Fantasy': 3}, {'Sci-fi': 2}, {'First contact': 2}, {'Science Fiction & Fantasy': 2}, {'General': 2}, {'Hard Science Fiction': 2}, {'China': 1}, {'Unloveable Characters': 60}, {'Weak Character Development': 58}, {'Plot driven': 58}, {'Not Diverse Characters': 41}, {'Diverse Characters': 26}, {'A mix driven': 18}, {'Strong Character Development': 13}, {'Loveable Characters': 9}, {'Character driven': 2}, {'audiobook': 2}, {'mysterious': 71}, {'challenging': 50}, {'dark': 40}, {'Adventurous': 35}, {'tense': 33}, {'reflective': 27}, {'informative': 21}, {'emotional': 6}, {'sad': 6}, {'slow-paced': 1}]
75	9781427251992	The Three-Body Problem	Cixin Liu	2006	Macmillan Audio	"An alien civilization on the brink of destruction captures the signal and plans to invade Earth. 

Meanwhile, on Earth, different camps start forming, planning to either welcome the superior beings and help them take over a world seen as corrupt, or to fight against the invasion. 

The result is a science fiction masterpiece of enormous scope and vision."	[{'Science Fiction': 17}, {'Fiction': 7}, {'Aliens': 3}, {'Fantasy': 3}, {'Sci-fi': 2}, {'First contact': 2}, {'Science Fiction & Fantasy': 2}, {'General': 2}, {'Hard Science Fiction': 2}, {'China': 1}, {'Unloveable Characters': 60}, {'Weak Character Development': 58}, {'Plot driven': 58}, {'Not Diverse Characters': 41}, {'Diverse Characters': 26}, {'A mix driven': 18}, {'Strong Character Development': 13}, {'Loveable Characters': 9}, {'Character driven': 2}, {'audiobook': 2}, {'mysterious': 71}, {'challenging': 50}, {'dark': 40}, {'Adventurous': 35}, {'tense': 33}, {'reflective': 27}, {'informative': 21}, {'emotional': 6}, {'sad': 6}, {'slow-paced': 1}]
75		The Three-Body Problem, Part One	Cai  Jin, Ge Wendi, BO MU, Cixin Liu	2006	Zhejiang Literature and Art Publishing House	"An alien civilization on the brink of destruction captures the signal and plans to invade Earth. 

Meanwhile, on Earth, different camps start forming, planning to either welcome the superior beings and help them take over a world seen as corrupt, or to fight against the invasion. 

The result is a science fiction masterpiece of enormous scope and vision."	[{'Science Fiction': 17}, {'Fiction': 7}, {'Aliens': 3}, {'Fantasy': 3}, {'Sci-fi': 2}, {'First contact': 2}, {'Science Fiction & Fantasy': 2}, {'General': 2}, {'Hard Science Fiction': 2}, {'China': 1}, {'Unloveable Characters': 60}, {'Weak Character Development': 58}, {'Plot driven': 58}, {'Not Diverse Characters': 41}, {'Diverse Characters': 26}, {'A mix driven': 18}, {'Strong Character Development': 13}, {'Loveable Characters': 9}, {'Character driven': 2}, {'audiobook': 2}, {'mysterious': 71}, {'challenging': 50}, {'dark': 40}, {'Adventurous': 35}, {'tense': 33}, {'reflective': 27}, {'informative': 21}, {'emotional': 6}, {'sad': 6}, {'slow-paced': 1}]
75		The Three-Body Problem	Cixin Liu	2006	Tor Books	"An alien civilization on the brink of destruction captures the signal and plans to invade Earth. 

Meanwhile, on Earth, different camps start forming, planning to either welcome the superior beings and help them take over a world seen as corrupt, or to fight against the invasion. 

The result is a science fiction masterpiece of enormous scope and vision."	[{'Science Fiction': 17}, {'Fiction': 7}, {'Aliens': 3}, {'Fantasy': 3}, {'Sci-fi': 2}, {'First contact': 2}, {'Science Fiction & Fantasy': 2}, {'General': 2}, {'Hard Science Fiction': 2}, {'China': 1}, {'Unloveable Characters': 60}, {'Weak Character Development': 58}, {'Plot driven': 58}, {'Not Diverse Characters': 41}, {'Diverse Characters': 26}, {'A mix driven': 18}, {'Strong Character Development': 13}, {'Loveable Characters': 9}, {'Character driven': 2}, {'audiobook': 2}, {'mysterious': 71}, {'challenging': 50}, {'dark': 40}, {'Adventurous': 35}, {'tense': 33}, {'reflective': 27}, {'informative': 21}, {'emotional': 6}, {'sad': 6}, {'slow-paced': 1}]
75	9780765377067	The Three-Body Problem	Cixin Liu	2006	Macmillan	"An alien civilization on the brink of destruction captures the signal and plans to invade Earth. 

Meanwhile, on Earth, different camps start forming, planning to either welcome the superior beings and help them take over a world seen as corrupt, or to fight against the invasion. 

The result is a science fiction masterpiece of enormous scope and vision."	[{'Science Fiction': 17}, {'Fiction': 7}, {'Aliens': 3}, {'Fantasy': 3}, {'Sci-fi': 2}, {'First contact': 2}, {'Science Fiction & Fantasy': 2}, {'General': 2}, {'Hard Science Fiction': 2}, {'China': 1}, {'Unloveable Characters': 60}, {'Weak Character Development': 58}, {'Plot driven': 58}, {'Not Diverse Characters': 41}, {'Diverse Characters': 26}, {'A mix driven': 18}, {'Strong Character Development': 13}, {'Loveable Characters': 9}, {'Character driven': 2}, {'audiobook': 2}, {'mysterious': 71}, {'challenging': 50}, {'dark': 40}, {'Adventurous': 35}, {'tense': 33}, {'reflective': 27}, {'informative': 21}, {'emotional': 6}, {'sad': 6}, {'slow-paced': 1}]
75	9780765382030	The Three-Body Problem	Cixin Liu	2006	Tor Books	"An alien civilization on the brink of destruction captures the signal and plans to invade Earth. 

Meanwhile, on Earth, different camps start forming, planning to either welcome the superior beings and help them take over a world seen as corrupt, or to fight against the invasion. 

The result is a science fiction masterpiece of enormous scope and vision."	[{'Science Fiction': 17}, {'Fiction': 7}, {'Aliens': 3}, {'Fantasy': 3}, {'Sci-fi': 2}, {'First contact': 2}, {'Science Fiction & Fantasy': 2}, {'General': 2}, {'Hard Science Fiction': 2}, {'China': 1}, {'Unloveable Characters': 60}, {'Weak Character Development': 58}, {'Plot driven': 58}, {'Not Diverse Characters': 41}, {'Diverse Characters': 26}, {'A mix driven': 18}, {'Strong Character Development': 13}, {'Loveable Characters': 9}, {'Character driven': 2}, {'audiobook': 2}, {'mysterious': 71}, {'challenging': 50}, {'dark': 40}, {'Adventurous': 35}, {'tense': 33}, {'reflective': 27}, {'informative': 21}, {'emotional': 6}, {'sad': 6}, {'slow-paced': 1}]
75	9781427265838	The Three-Body Problem	Cixin Liu	2006	Macmillan Audio	"An alien civilization on the brink of destruction captures the signal and plans to invade Earth. 

Meanwhile, on Earth, different camps start forming, planning to either welcome the superior beings and help them take over a world seen as corrupt, or to fight against the invasion. 

The result is a science fiction masterpiece of enormous scope and vision."	[{'Science Fiction': 17}, {'Fiction': 7}, {'Aliens': 3}, {'Fantasy': 3}, {'Sci-fi': 2}, {'First contact': 2}, {'Science Fiction & Fantasy': 2}, {'General': 2}, {'Hard Science Fiction': 2}, {'China': 1}, {'Unloveable Characters': 60}, {'Weak Character Development': 58}, {'Plot driven': 58}, {'Not Diverse Characters': 41}, {'Diverse Characters': 26}, {'A mix driven': 18}, {'Strong Character Development': 13}, {'Loveable Characters': 9}, {'Character driven': 2}, {'audiobook': 2}, {'mysterious': 71}, {'challenging': 50}, {'dark': 40}, {'Adventurous': 35}, {'tense': 33}, {'reflective': 27}, {'informative': 21}, {'emotional': 6}, {'sad': 6}, {'slow-paced': 1}]
75	9781800246683	The Three-Body Problem	Cixin Liu	2006	Head of Zeus	"An alien civilization on the brink of destruction captures the signal and plans to invade Earth. 

Meanwhile, on Earth, different camps start forming, planning to either welcome the superior beings and help them take over a world seen as corrupt, or to fight against the invasion. 

The result is a science fiction masterpiece of enormous scope and vision."	[{'Science Fiction': 17}, {'Fiction': 7}, {'Aliens': 3}, {'Fantasy': 3}, {'Sci-fi': 2}, {'First contact': 2}, {'Science Fiction & Fantasy': 2}, {'General': 2}, {'Hard Science Fiction': 2}, {'China': 1}, {'Unloveable Characters': 60}, {'Weak Character Development': 58}, {'Plot driven': 58}, {'Not Diverse Characters': 41}, {'Diverse Characters': 26}, {'A mix driven': 18}, {'Strong Character Development': 13}, {'Loveable Characters': 9}, {'Character driven': 2}, {'audiobook': 2}, {'mysterious': 71}, {'challenging': 50}, {'dark': 40}, {'Adventurous': 35}, {'tense': 33}, {'reflective': 27}, {'informative': 21}, {'emotional': 6}, {'sad': 6}, {'slow-paced': 1}]
75	9781788543002	The Three-Body Problem	Cixin Liu	2006	Head of Zeus	"An alien civilization on the brink of destruction captures the signal and plans to invade Earth. 

Meanwhile, on Earth, different camps start forming, planning to either welcome the superior beings and help them take over a world seen as corrupt, or to fight against the invasion. 

The result is a science fiction masterpiece of enormous scope and vision."	[{'Science Fiction': 17}, {'Fiction': 7}, {'Aliens': 3}, {'Fantasy': 3}, {'Sci-fi': 2}, {'First contact': 2}, {'Science Fiction & Fantasy': 2}, {'General': 2}, {'Hard Science Fiction': 2}, {'China': 1}, {'Unloveable Characters': 60}, {'Weak Character Development': 58}, {'Plot driven': 58}, {'Not Diverse Characters': 41}, {'Diverse Characters': 26}, {'A mix driven': 18}, {'Strong Character Development': 13}, {'Loveable Characters': 9}, {'Character driven': 2}, {'audiobook': 2}, {'mysterious': 71}, {'challenging': 50}, {'dark': 40}, {'Adventurous': 35}, {'tense': 33}, {'reflective': 27}, {'informative': 21}, {'emotional': 6}, {'sad': 6}, {'slow-paced': 1}]
75	9781510003972	The Three-Body Problem	Cixin Liu	2006	Howes Limited, W. F.	"An alien civilization on the brink of destruction captures the signal and plans to invade Earth. 

Meanwhile, on Earth, different camps start forming, planning to either welcome the superior beings and help them take over a world seen as corrupt, or to fight against the invasion. 

The result is a science fiction masterpiece of enormous scope and vision."	[{'Science Fiction': 17}, {'Fiction': 7}, {'Aliens': 3}, {'Fantasy': 3}, {'Sci-fi': 2}, {'First contact': 2}, {'Science Fiction & Fantasy': 2}, {'General': 2}, {'Hard Science Fiction': 2}, {'China': 1}, {'Unloveable Characters': 60}, {'Weak Character Development': 58}, {'Plot driven': 58}, {'Not Diverse Characters': 41}, {'Diverse Characters': 26}, {'A mix driven': 18}, {'Strong Character Development': 13}, {'Loveable Characters': 9}, {'Character driven': 2}, {'audiobook': 2}, {'mysterious': 71}, {'challenging': 50}, {'dark': 40}, {'Adventurous': 35}, {'tense': 33}, {'reflective': 27}, {'informative': 21}, {'emotional': 6}, {'sad': 6}, {'slow-paced': 1}]
75	9781803284958	The Three-Body Problem Trilogy	Cixin Liu	2006	Head of Zeus	"An alien civilization on the brink of destruction captures the signal and plans to invade Earth. 

Meanwhile, on Earth, different camps start forming, planning to either welcome the superior beings and help them take over a world seen as corrupt, or to fight against the invasion. 

The result is a science fiction masterpiece of enormous scope and vision."	[{'Science Fiction': 17}, {'Fiction': 7}, {'Aliens': 3}, {'Fantasy': 3}, {'Sci-fi': 2}, {'First contact': 2}, {'Science Fiction & Fantasy': 2}, {'General': 2}, {'Hard Science Fiction': 2}, {'China': 1}, {'Unloveable Characters': 60}, {'Weak Character Development': 58}, {'Plot driven': 58}, {'Not Diverse Characters': 41}, {'Diverse Characters': 26}, {'A mix driven': 18}, {'Strong Character Development': 13}, {'Loveable Characters': 9}, {'Character driven': 2}, {'audiobook': 2}, {'mysterious': 71}, {'challenging': 50}, {'dark': 40}, {'Adventurous': 35}, {'tense': 33}, {'reflective': 27}, {'informative': 21}, {'emotional': 6}, {'sad': 6}, {'slow-paced': 1}]
75	9788466659734	El problema de los tres cuerpos	Cixin Liu	2006	National Geographic Books	"An alien civilization on the brink of destruction captures the signal and plans to invade Earth. 

Meanwhile, on Earth, different camps start forming, planning to either welcome the superior beings and help them take over a world seen as corrupt, or to fight against the invasion. 

The result is a science fiction masterpiece of enormous scope and vision."	[{'Science Fiction': 17}, {'Fiction': 7}, {'Aliens': 3}, {'Fantasy': 3}, {'Sci-fi': 2}, {'First contact': 2}, {'Science Fiction & Fantasy': 2}, {'General': 2}, {'Hard Science Fiction': 2}, {'China': 1}, {'Unloveable Characters': 60}, {'Weak Character Development': 58}, {'Plot driven': 58}, {'Not Diverse Characters': 41}, {'Diverse Characters': 26}, {'A mix driven': 18}, {'Strong Character Development': 13}, {'Loveable Characters': 9}, {'Character driven': 2}, {'audiobook': 2}, {'mysterious': 71}, {'challenging': 50}, {'dark': 40}, {'Adventurous': 35}, {'tense': 33}, {'reflective': 27}, {'informative': 21}, {'emotional': 6}, {'sad': 6}, {'slow-paced': 1}]
75	9781510046603	The Three-Body Problem	Cixin Liu	2006	WF Howes Ltd	"An alien civilization on the brink of destruction captures the signal and plans to invade Earth. 

Meanwhile, on Earth, different camps start forming, planning to either welcome the superior beings and help them take over a world seen as corrupt, or to fight against the invasion. 

The result is a science fiction masterpiece of enormous scope and vision."	[{'Science Fiction': 17}, {'Fiction': 7}, {'Aliens': 3}, {'Fantasy': 3}, {'Sci-fi': 2}, {'First contact': 2}, {'Science Fiction & Fantasy': 2}, {'General': 2}, {'Hard Science Fiction': 2}, {'China': 1}, {'Unloveable Characters': 60}, {'Weak Character Development': 58}, {'Plot driven': 58}, {'Not Diverse Characters': 41}, {'Diverse Characters': 26}, {'A mix driven': 18}, {'Strong Character Development': 13}, {'Loveable Characters': 9}, {'Character driven': 2}, {'audiobook': 2}, {'mysterious': 71}, {'challenging': 50}, {'dark': 40}, {'Adventurous': 35}, {'tense': 33}, {'reflective': 27}, {'informative': 21}, {'emotional': 6}, {'sad': 6}, {'slow-paced': 1}]
78	9781429946407	The Goblin Emperor	Katherine Addison	2014	Tor Books	"The youngest, half-goblin son of the Emperor has lived his entire life in exile, distant from the Imperial Court and the deadly intrigue that suffuses it. But when his father and three sons in line for the throne are killed in an ""accident,"" he has no choice but to take his place as the only surviving rightful heir.

Entirely unschooled in the art of court politics, he has no friends, no advisors, and the sure knowledge that whoever assassinated his father and brothers could make an attempt on his life at any moment.

Surrounded by sycophants eager to curry favor with the naïve new emperor, and overwhelmed by the burdens of his new life, he can trust nobody. Amid the swirl of plots to depose him, offers of arranged marriages, and the specter of the unknown conspirators who lurk in the shadows, he must quickly adjust to life as the Goblin Emperor. All the while, he is alone, and trying to find even a single friend... and hoping for the possibility of romance, yet also vigilant against the unseen enemies that threaten him, lest he lose his throne – or his life."	[{'Fantasy': 8}, {'Fiction': 2}, {'Science Fiction & Fantasy': 2}, {'Young Adult': 1}, {'Romance': 1}, {'Adventure': 1}, {'Science Fiction': 1}, {'Loveable Characters': 14}, {'Strong Character Development': 13}, {'Diverse Characters': 11}, {'Character driven': 9}, {'A mix driven': 4}, {'female author': 2}, {'Plot driven': 1}, {'United States': 1}, {'2014': 1}, {'Written by Women': 1}, {'hopeful': 14}, {'emotional': 7}, {'inspiring': 5}, {'reflective': 4}, {'Adventurous': 2}, {'mysterious': 2}, {'dark': 2}, {'relaxing': 1}, {'Cosy': 1}, {'1735854355092': 1}]
78	9780765365682	The Goblin Emperor	Katherine Addison	2014	Tor Fantasy	"The youngest, half-goblin son of the Emperor has lived his entire life in exile, distant from the Imperial Court and the deadly intrigue that suffuses it. But when his father and three sons in line for the throne are killed in an ""accident,"" he has no choice but to take his place as the only surviving rightful heir.

Entirely unschooled in the art of court politics, he has no friends, no advisors, and the sure knowledge that whoever assassinated his father and brothers could make an attempt on his life at any moment.

Surrounded by sycophants eager to curry favor with the naïve new emperor, and overwhelmed by the burdens of his new life, he can trust nobody. Amid the swirl of plots to depose him, offers of arranged marriages, and the specter of the unknown conspirators who lurk in the shadows, he must quickly adjust to life as the Goblin Emperor. All the while, he is alone, and trying to find even a single friend... and hoping for the possibility of romance, yet also vigilant against the unseen enemies that threaten him, lest he lose his throne – or his life."	[{'Fantasy': 8}, {'Fiction': 2}, {'Science Fiction & Fantasy': 2}, {'Young Adult': 1}, {'Romance': 1}, {'Adventure': 1}, {'Science Fiction': 1}, {'Loveable Characters': 14}, {'Strong Character Development': 13}, {'Diverse Characters': 11}, {'Character driven': 9}, {'A mix driven': 4}, {'female author': 2}, {'Plot driven': 1}, {'United States': 1}, {'2014': 1}, {'Written by Women': 1}, {'hopeful': 14}, {'emotional': 7}, {'inspiring': 5}, {'reflective': 4}, {'Adventurous': 2}, {'mysterious': 2}, {'dark': 2}, {'relaxing': 1}, {'Cosy': 1}, {'1735854355092': 1}]
78	9781250812421	The Goblin Emperor	Katherine Addison	2014	Macmillan Audio	"The youngest, half-goblin son of the Emperor has lived his entire life in exile, distant from the Imperial Court and the deadly intrigue that suffuses it. But when his father and three sons in line for the throne are killed in an ""accident,"" he has no choice but to take his place as the only surviving rightful heir.

Entirely unschooled in the art of court politics, he has no friends, no advisors, and the sure knowledge that whoever assassinated his father and brothers could make an attempt on his life at any moment.

Surrounded by sycophants eager to curry favor with the naïve new emperor, and overwhelmed by the burdens of his new life, he can trust nobody. Amid the swirl of plots to depose him, offers of arranged marriages, and the specter of the unknown conspirators who lurk in the shadows, he must quickly adjust to life as the Goblin Emperor. All the while, he is alone, and trying to find even a single friend... and hoping for the possibility of romance, yet also vigilant against the unseen enemies that threaten him, lest he lose his throne – or his life."	[{'Fantasy': 8}, {'Fiction': 2}, {'Science Fiction & Fantasy': 2}, {'Young Adult': 1}, {'Romance': 1}, {'Adventure': 1}, {'Science Fiction': 1}, {'Loveable Characters': 14}, {'Strong Character Development': 13}, {'Diverse Characters': 11}, {'Character driven': 9}, {'A mix driven': 4}, {'female author': 2}, {'Plot driven': 1}, {'United States': 1}, {'2014': 1}, {'Written by Women': 1}, {'hopeful': 14}, {'emotional': 7}, {'inspiring': 5}, {'reflective': 4}, {'Adventurous': 2}, {'mysterious': 2}, {'dark': 2}, {'relaxing': 1}, {'Cosy': 1}, {'1735854355092': 1}]
78	9781494572778	The Goblin Emperor	Katherine Addison	2014	Tantor Media	"The youngest, half-goblin son of the Emperor has lived his entire life in exile, distant from the Imperial Court and the deadly intrigue that suffuses it. But when his father and three sons in line for the throne are killed in an ""accident,"" he has no choice but to take his place as the only surviving rightful heir.

Entirely unschooled in the art of court politics, he has no friends, no advisors, and the sure knowledge that whoever assassinated his father and brothers could make an attempt on his life at any moment.

Surrounded by sycophants eager to curry favor with the naïve new emperor, and overwhelmed by the burdens of his new life, he can trust nobody. Amid the swirl of plots to depose him, offers of arranged marriages, and the specter of the unknown conspirators who lurk in the shadows, he must quickly adjust to life as the Goblin Emperor. All the while, he is alone, and trying to find even a single friend... and hoping for the possibility of romance, yet also vigilant against the unseen enemies that threaten him, lest he lose his throne – or his life."	[{'Fantasy': 8}, {'Fiction': 2}, {'Science Fiction & Fantasy': 2}, {'Young Adult': 1}, {'Romance': 1}, {'Adventure': 1}, {'Science Fiction': 1}, {'Loveable Characters': 14}, {'Strong Character Development': 13}, {'Diverse Characters': 11}, {'Character driven': 9}, {'A mix driven': 4}, {'female author': 2}, {'Plot driven': 1}, {'United States': 1}, {'2014': 1}, {'Written by Women': 1}, {'hopeful': 14}, {'emotional': 7}, {'inspiring': 5}, {'reflective': 4}, {'Adventurous': 2}, {'mysterious': 2}, {'dark': 2}, {'relaxing': 1}, {'Cosy': 1}, {'1735854355092': 1}]
78	9781250303790	The Goblin Emperor	Katherine Addison	2014	Tor Books	"The youngest, half-goblin son of the Emperor has lived his entire life in exile, distant from the Imperial Court and the deadly intrigue that suffuses it. But when his father and three sons in line for the throne are killed in an ""accident,"" he has no choice but to take his place as the only surviving rightful heir.

Entirely unschooled in the art of court politics, he has no friends, no advisors, and the sure knowledge that whoever assassinated his father and brothers could make an attempt on his life at any moment.

Surrounded by sycophants eager to curry favor with the naïve new emperor, and overwhelmed by the burdens of his new life, he can trust nobody. Amid the swirl of plots to depose him, offers of arranged marriages, and the specter of the unknown conspirators who lurk in the shadows, he must quickly adjust to life as the Goblin Emperor. All the while, he is alone, and trying to find even a single friend... and hoping for the possibility of romance, yet also vigilant against the unseen enemies that threaten him, lest he lose his throne – or his life."	[{'Fantasy': 8}, {'Fiction': 2}, {'Science Fiction & Fantasy': 2}, {'Young Adult': 1}, {'Romance': 1}, {'Adventure': 1}, {'Science Fiction': 1}, {'Loveable Characters': 14}, {'Strong Character Development': 13}, {'Diverse Characters': 11}, {'Character driven': 9}, {'A mix driven': 4}, {'female author': 2}, {'Plot driven': 1}, {'United States': 1}, {'2014': 1}, {'Written by Women': 1}, {'hopeful': 14}, {'emotional': 7}, {'inspiring': 5}, {'reflective': 4}, {'Adventurous': 2}, {'mysterious': 2}, {'dark': 2}, {'relaxing': 1}, {'Cosy': 1}, {'1735854355092': 1}]
78	9781494552770	The Goblin Emperor	Katherine Addison	2014	Tantor Audio	"The youngest, half-goblin son of the Emperor has lived his entire life in exile, distant from the Imperial Court and the deadly intrigue that suffuses it. But when his father and three sons in line for the throne are killed in an ""accident,"" he has no choice but to take his place as the only surviving rightful heir.

Entirely unschooled in the art of court politics, he has no friends, no advisors, and the sure knowledge that whoever assassinated his father and brothers could make an attempt on his life at any moment.

Surrounded by sycophants eager to curry favor with the naïve new emperor, and overwhelmed by the burdens of his new life, he can trust nobody. Amid the swirl of plots to depose him, offers of arranged marriages, and the specter of the unknown conspirators who lurk in the shadows, he must quickly adjust to life as the Goblin Emperor. All the while, he is alone, and trying to find even a single friend... and hoping for the possibility of romance, yet also vigilant against the unseen enemies that threaten him, lest he lose his throne – or his life."	[{'Fantasy': 8}, {'Fiction': 2}, {'Science Fiction & Fantasy': 2}, {'Young Adult': 1}, {'Romance': 1}, {'Adventure': 1}, {'Science Fiction': 1}, {'Loveable Characters': 14}, {'Strong Character Development': 13}, {'Diverse Characters': 11}, {'Character driven': 9}, {'A mix driven': 4}, {'female author': 2}, {'Plot driven': 1}, {'United States': 1}, {'2014': 1}, {'Written by Women': 1}, {'hopeful': 14}, {'emotional': 7}, {'inspiring': 5}, {'reflective': 4}, {'Adventurous': 2}, {'mysterious': 2}, {'dark': 2}, {'relaxing': 1}, {'Cosy': 1}, {'1735854355092': 1}]
78	9780765326997	The Goblin Emperor	Katherine Addison	2014	Macmillan	"The youngest, half-goblin son of the Emperor has lived his entire life in exile, distant from the Imperial Court and the deadly intrigue that suffuses it. But when his father and three sons in line for the throne are killed in an ""accident,"" he has no choice but to take his place as the only surviving rightful heir.

Entirely unschooled in the art of court politics, he has no friends, no advisors, and the sure knowledge that whoever assassinated his father and brothers could make an attempt on his life at any moment.

Surrounded by sycophants eager to curry favor with the naïve new emperor, and overwhelmed by the burdens of his new life, he can trust nobody. Amid the swirl of plots to depose him, offers of arranged marriages, and the specter of the unknown conspirators who lurk in the shadows, he must quickly adjust to life as the Goblin Emperor. All the while, he is alone, and trying to find even a single friend... and hoping for the possibility of romance, yet also vigilant against the unseen enemies that threaten him, lest he lose his throne – or his life."	[{'Fantasy': 8}, {'Fiction': 2}, {'Science Fiction & Fantasy': 2}, {'Young Adult': 1}, {'Romance': 1}, {'Adventure': 1}, {'Science Fiction': 1}, {'Loveable Characters': 14}, {'Strong Character Development': 13}, {'Diverse Characters': 11}, {'Character driven': 9}, {'A mix driven': 4}, {'female author': 2}, {'Plot driven': 1}, {'United States': 1}, {'2014': 1}, {'Written by Women': 1}, {'hopeful': 14}, {'emotional': 7}, {'inspiring': 5}, {'reflective': 4}, {'Adventurous': 2}, {'mysterious': 2}, {'dark': 2}, {'relaxing': 1}, {'Cosy': 1}, {'1735854355092': 1}]
78	9781781087305	The Goblin Emperor	Katherine Addison	2014	REBCA	"The youngest, half-goblin son of the Emperor has lived his entire life in exile, distant from the Imperial Court and the deadly intrigue that suffuses it. But when his father and three sons in line for the throne are killed in an ""accident,"" he has no choice but to take his place as the only surviving rightful heir.

Entirely unschooled in the art of court politics, he has no friends, no advisors, and the sure knowledge that whoever assassinated his father and brothers could make an attempt on his life at any moment.

Surrounded by sycophants eager to curry favor with the naïve new emperor, and overwhelmed by the burdens of his new life, he can trust nobody. Amid the swirl of plots to depose him, offers of arranged marriages, and the specter of the unknown conspirators who lurk in the shadows, he must quickly adjust to life as the Goblin Emperor. All the while, he is alone, and trying to find even a single friend... and hoping for the possibility of romance, yet also vigilant against the unseen enemies that threaten him, lest he lose his throne – or his life."	[{'Fantasy': 8}, {'Fiction': 2}, {'Science Fiction & Fantasy': 2}, {'Young Adult': 1}, {'Romance': 1}, {'Adventure': 1}, {'Science Fiction': 1}, {'Loveable Characters': 14}, {'Strong Character Development': 13}, {'Diverse Characters': 11}, {'Character driven': 9}, {'A mix driven': 4}, {'female author': 2}, {'Plot driven': 1}, {'United States': 1}, {'2014': 1}, {'Written by Women': 1}, {'hopeful': 14}, {'emotional': 7}, {'inspiring': 5}, {'reflective': 4}, {'Adventurous': 2}, {'mysterious': 2}, {'dark': 2}, {'relaxing': 1}, {'Cosy': 1}, {'1735854355092': 1}]
78	9781786182098	The Goblin Emperor	Katherine Addison	2014	Rebellion Publishing Ltd	"The youngest, half-goblin son of the Emperor has lived his entire life in exile, distant from the Imperial Court and the deadly intrigue that suffuses it. But when his father and three sons in line for the throne are killed in an ""accident,"" he has no choice but to take his place as the only surviving rightful heir.

Entirely unschooled in the art of court politics, he has no friends, no advisors, and the sure knowledge that whoever assassinated his father and brothers could make an attempt on his life at any moment.

Surrounded by sycophants eager to curry favor with the naïve new emperor, and overwhelmed by the burdens of his new life, he can trust nobody. Amid the swirl of plots to depose him, offers of arranged marriages, and the specter of the unknown conspirators who lurk in the shadows, he must quickly adjust to life as the Goblin Emperor. All the while, he is alone, and trying to find even a single friend... and hoping for the possibility of romance, yet also vigilant against the unseen enemies that threaten him, lest he lose his throne – or his life."	[{'Fantasy': 8}, {'Fiction': 2}, {'Science Fiction & Fantasy': 2}, {'Young Adult': 1}, {'Romance': 1}, {'Adventure': 1}, {'Science Fiction': 1}, {'Loveable Characters': 14}, {'Strong Character Development': 13}, {'Diverse Characters': 11}, {'Character driven': 9}, {'A mix driven': 4}, {'female author': 2}, {'Plot driven': 1}, {'United States': 1}, {'2014': 1}, {'Written by Women': 1}, {'hopeful': 14}, {'emotional': 7}, {'inspiring': 5}, {'reflective': 4}, {'Adventurous': 2}, {'mysterious': 2}, {'dark': 2}, {'relaxing': 1}, {'Cosy': 1}, {'1735854355092': 1}]
79		Death's End	Cixin Liu, Ken Liu - translator	2008	Macmillan Audio	"Half a century after the Doomsday Battle, the uneasy balance of Dark Forest Deterrence keeps the Trisolaran invaders at bay. Earth enjoys unprecedented prosperity due to the infusion of Trisolaran knowledge. With human science advancing daily and the Trisolarans adopting Earth culture, it seems that the two civilizations will soon be able to co-exist peacefully as equals without the terrible threat of mutually assured annihilation. But the peace has also made humanity complacent.

Cheng Xin, an aerospace engineer from the early twenty-first century, awakens from hibernation in this new age. She brings with her knowledge of a long-forgotten program dating from the beginning of the Trisolar Crisis, and her very presence may upset the delicate balance between two worlds. Will humanity reach for the stars or die in its cradle?"	[{'Science Fiction': 11}, {'Fiction': 3}, {'Fantasy': 3}, {'Dystopian': 2}, {'Hard Science Fiction': 2}, {'Science Fiction & Fantasy': 2}, {'Adventure': 1}, {'Scienc Fiction': 1}, {'Alien Contact': 1}, {'General': 1}, {'Weak Character Development': 17}, {'Plot driven': 17}, {'Not Diverse Characters': 16}, {'Unloveable Characters': 13}, {'Loveable Characters': 12}, {'Diverse Characters': 11}, {'A mix driven': 11}, {'Strong Character Development': 9}, {'audiobook': 2}, {'challenging': 1}, {'dark': 30}, {'challenging': 23}, {'Adventurous': 23}, {'mysterious': 21}, {'reflective': 17}, {'tense': 15}, {'emotional': 10}, {'inspiring': 10}, {'hopeful': 8}, {'sad': 7}]
79		Death's End	Cixin Liu	2008	Tor Books	"Half a century after the Doomsday Battle, the uneasy balance of Dark Forest Deterrence keeps the Trisolaran invaders at bay. Earth enjoys unprecedented prosperity due to the infusion of Trisolaran knowledge. With human science advancing daily and the Trisolarans adopting Earth culture, it seems that the two civilizations will soon be able to co-exist peacefully as equals without the terrible threat of mutually assured annihilation. But the peace has also made humanity complacent.

Cheng Xin, an aerospace engineer from the early twenty-first century, awakens from hibernation in this new age. She brings with her knowledge of a long-forgotten program dating from the beginning of the Trisolar Crisis, and her very presence may upset the delicate balance between two worlds. Will humanity reach for the stars or die in its cradle?"	[{'Science Fiction': 11}, {'Fiction': 3}, {'Fantasy': 3}, {'Dystopian': 2}, {'Hard Science Fiction': 2}, {'Science Fiction & Fantasy': 2}, {'Adventure': 1}, {'Scienc Fiction': 1}, {'Alien Contact': 1}, {'General': 1}, {'Weak Character Development': 17}, {'Plot driven': 17}, {'Not Diverse Characters': 16}, {'Unloveable Characters': 13}, {'Loveable Characters': 12}, {'Diverse Characters': 11}, {'A mix driven': 11}, {'Strong Character Development': 9}, {'audiobook': 2}, {'challenging': 1}, {'dark': 30}, {'challenging': 23}, {'Adventurous': 23}, {'mysterious': 21}, {'reflective': 17}, {'tense': 15}, {'emotional': 10}, {'inspiring': 10}, {'hopeful': 8}, {'sad': 7}]
79	9781784971625	Death’s End	Cixin Liu	2008	Head of Zeus	"Half a century after the Doomsday Battle, the uneasy balance of Dark Forest Deterrence keeps the Trisolaran invaders at bay. Earth enjoys unprecedented prosperity due to the infusion of Trisolaran knowledge. With human science advancing daily and the Trisolarans adopting Earth culture, it seems that the two civilizations will soon be able to co-exist peacefully as equals without the terrible threat of mutually assured annihilation. But the peace has also made humanity complacent.

Cheng Xin, an aerospace engineer from the early twenty-first century, awakens from hibernation in this new age. She brings with her knowledge of a long-forgotten program dating from the beginning of the Trisolar Crisis, and her very presence may upset the delicate balance between two worlds. Will humanity reach for the stars or die in its cradle?"	[{'Science Fiction': 11}, {'Fiction': 3}, {'Fantasy': 3}, {'Dystopian': 2}, {'Hard Science Fiction': 2}, {'Science Fiction & Fantasy': 2}, {'Adventure': 1}, {'Scienc Fiction': 1}, {'Alien Contact': 1}, {'General': 1}, {'Weak Character Development': 17}, {'Plot driven': 17}, {'Not Diverse Characters': 16}, {'Unloveable Characters': 13}, {'Loveable Characters': 12}, {'Diverse Characters': 11}, {'A mix driven': 11}, {'Strong Character Development': 9}, {'audiobook': 2}, {'challenging': 1}, {'dark': 30}, {'challenging': 23}, {'Adventurous': 23}, {'mysterious': 21}, {'reflective': 17}, {'tense': 15}, {'emotional': 10}, {'inspiring': 10}, {'hopeful': 8}, {'sad': 7}]
79	9781001368955	Death's End	Cixin Liu	2008		"Half a century after the Doomsday Battle, the uneasy balance of Dark Forest Deterrence keeps the Trisolaran invaders at bay. Earth enjoys unprecedented prosperity due to the infusion of Trisolaran knowledge. With human science advancing daily and the Trisolarans adopting Earth culture, it seems that the two civilizations will soon be able to co-exist peacefully as equals without the terrible threat of mutually assured annihilation. But the peace has also made humanity complacent.

Cheng Xin, an aerospace engineer from the early twenty-first century, awakens from hibernation in this new age. She brings with her knowledge of a long-forgotten program dating from the beginning of the Trisolar Crisis, and her very presence may upset the delicate balance between two worlds. Will humanity reach for the stars or die in its cradle?"	[{'Science Fiction': 11}, {'Fiction': 3}, {'Fantasy': 3}, {'Dystopian': 2}, {'Hard Science Fiction': 2}, {'Science Fiction & Fantasy': 2}, {'Adventure': 1}, {'Scienc Fiction': 1}, {'Alien Contact': 1}, {'General': 1}, {'Weak Character Development': 17}, {'Plot driven': 17}, {'Not Diverse Characters': 16}, {'Unloveable Characters': 13}, {'Loveable Characters': 12}, {'Diverse Characters': 11}, {'A mix driven': 11}, {'Strong Character Development': 9}, {'audiobook': 2}, {'challenging': 1}, {'dark': 30}, {'challenging': 23}, {'Adventurous': 23}, {'mysterious': 21}, {'reflective': 17}, {'tense': 15}, {'emotional': 10}, {'inspiring': 10}, {'hopeful': 8}, {'sad': 7}]
79	9781784971649	Death's End	Cixin Liu	2008	Head of Zeus	"Half a century after the Doomsday Battle, the uneasy balance of Dark Forest Deterrence keeps the Trisolaran invaders at bay. Earth enjoys unprecedented prosperity due to the infusion of Trisolaran knowledge. With human science advancing daily and the Trisolarans adopting Earth culture, it seems that the two civilizations will soon be able to co-exist peacefully as equals without the terrible threat of mutually assured annihilation. But the peace has also made humanity complacent.

Cheng Xin, an aerospace engineer from the early twenty-first century, awakens from hibernation in this new age. She brings with her knowledge of a long-forgotten program dating from the beginning of the Trisolar Crisis, and her very presence may upset the delicate balance between two worlds. Will humanity reach for the stars or die in its cradle?"	[{'Science Fiction': 11}, {'Fiction': 3}, {'Fantasy': 3}, {'Dystopian': 2}, {'Hard Science Fiction': 2}, {'Science Fiction & Fantasy': 2}, {'Adventure': 1}, {'Scienc Fiction': 1}, {'Alien Contact': 1}, {'General': 1}, {'Weak Character Development': 17}, {'Plot driven': 17}, {'Not Diverse Characters': 16}, {'Unloveable Characters': 13}, {'Loveable Characters': 12}, {'Diverse Characters': 11}, {'A mix driven': 11}, {'Strong Character Development': 9}, {'audiobook': 2}, {'challenging': 1}, {'dark': 30}, {'challenging': 23}, {'Adventurous': 23}, {'mysterious': 21}, {'reflective': 17}, {'tense': 15}, {'emotional': 10}, {'inspiring': 10}, {'hopeful': 8}, {'sad': 7}]
79	9781788543026	Death's End	Cixin Liu	2008	Head of Zeus	"Half a century after the Doomsday Battle, the uneasy balance of Dark Forest Deterrence keeps the Trisolaran invaders at bay. Earth enjoys unprecedented prosperity due to the infusion of Trisolaran knowledge. With human science advancing daily and the Trisolarans adopting Earth culture, it seems that the two civilizations will soon be able to co-exist peacefully as equals without the terrible threat of mutually assured annihilation. But the peace has also made humanity complacent.

Cheng Xin, an aerospace engineer from the early twenty-first century, awakens from hibernation in this new age. She brings with her knowledge of a long-forgotten program dating from the beginning of the Trisolar Crisis, and her very presence may upset the delicate balance between two worlds. Will humanity reach for the stars or die in its cradle?"	[{'Science Fiction': 11}, {'Fiction': 3}, {'Fantasy': 3}, {'Dystopian': 2}, {'Hard Science Fiction': 2}, {'Science Fiction & Fantasy': 2}, {'Adventure': 1}, {'Scienc Fiction': 1}, {'Alien Contact': 1}, {'General': 1}, {'Weak Character Development': 17}, {'Plot driven': 17}, {'Not Diverse Characters': 16}, {'Unloveable Characters': 13}, {'Loveable Characters': 12}, {'Diverse Characters': 11}, {'A mix driven': 11}, {'Strong Character Development': 9}, {'audiobook': 2}, {'challenging': 1}, {'dark': 30}, {'challenging': 23}, {'Adventurous': 23}, {'mysterious': 21}, {'reflective': 17}, {'tense': 15}, {'emotional': 10}, {'inspiring': 10}, {'hopeful': 8}, {'sad': 7}]
79	9781427268303	Death's End	Cixin Liu	2008	Macmillan Audio	"Half a century after the Doomsday Battle, the uneasy balance of Dark Forest Deterrence keeps the Trisolaran invaders at bay. Earth enjoys unprecedented prosperity due to the infusion of Trisolaran knowledge. With human science advancing daily and the Trisolarans adopting Earth culture, it seems that the two civilizations will soon be able to co-exist peacefully as equals without the terrible threat of mutually assured annihilation. But the peace has also made humanity complacent.

Cheng Xin, an aerospace engineer from the early twenty-first century, awakens from hibernation in this new age. She brings with her knowledge of a long-forgotten program dating from the beginning of the Trisolar Crisis, and her very presence may upset the delicate balance between two worlds. Will humanity reach for the stars or die in its cradle?"	[{'Science Fiction': 11}, {'Fiction': 3}, {'Fantasy': 3}, {'Dystopian': 2}, {'Hard Science Fiction': 2}, {'Science Fiction & Fantasy': 2}, {'Adventure': 1}, {'Scienc Fiction': 1}, {'Alien Contact': 1}, {'General': 1}, {'Weak Character Development': 17}, {'Plot driven': 17}, {'Not Diverse Characters': 16}, {'Unloveable Characters': 13}, {'Loveable Characters': 12}, {'Diverse Characters': 11}, {'A mix driven': 11}, {'Strong Character Development': 9}, {'audiobook': 2}, {'challenging': 1}, {'dark': 30}, {'challenging': 23}, {'Adventurous': 23}, {'mysterious': 21}, {'reflective': 17}, {'tense': 15}, {'emotional': 10}, {'inspiring': 10}, {'hopeful': 8}, {'sad': 7}]
79	9781427279170	Death's End	Cixin Liu	2008	Macmillan Audio	"Half a century after the Doomsday Battle, the uneasy balance of Dark Forest Deterrence keeps the Trisolaran invaders at bay. Earth enjoys unprecedented prosperity due to the infusion of Trisolaran knowledge. With human science advancing daily and the Trisolarans adopting Earth culture, it seems that the two civilizations will soon be able to co-exist peacefully as equals without the terrible threat of mutually assured annihilation. But the peace has also made humanity complacent.

Cheng Xin, an aerospace engineer from the early twenty-first century, awakens from hibernation in this new age. She brings with her knowledge of a long-forgotten program dating from the beginning of the Trisolar Crisis, and her very presence may upset the delicate balance between two worlds. Will humanity reach for the stars or die in its cradle?"	[{'Science Fiction': 11}, {'Fiction': 3}, {'Fantasy': 3}, {'Dystopian': 2}, {'Hard Science Fiction': 2}, {'Science Fiction & Fantasy': 2}, {'Adventure': 1}, {'Scienc Fiction': 1}, {'Alien Contact': 1}, {'General': 1}, {'Weak Character Development': 17}, {'Plot driven': 17}, {'Not Diverse Characters': 16}, {'Unloveable Characters': 13}, {'Loveable Characters': 12}, {'Diverse Characters': 11}, {'A mix driven': 11}, {'Strong Character Development': 9}, {'audiobook': 2}, {'challenging': 1}, {'dark': 30}, {'challenging': 23}, {'Adventurous': 23}, {'mysterious': 21}, {'reflective': 17}, {'tense': 15}, {'emotional': 10}, {'inspiring': 10}, {'hopeful': 8}, {'sad': 7}]
79	9781466853454	Death's End	Cixin Liu	2008	Tor Books	"Half a century after the Doomsday Battle, the uneasy balance of Dark Forest Deterrence keeps the Trisolaran invaders at bay. Earth enjoys unprecedented prosperity due to the infusion of Trisolaran knowledge. With human science advancing daily and the Trisolarans adopting Earth culture, it seems that the two civilizations will soon be able to co-exist peacefully as equals without the terrible threat of mutually assured annihilation. But the peace has also made humanity complacent.

Cheng Xin, an aerospace engineer from the early twenty-first century, awakens from hibernation in this new age. She brings with her knowledge of a long-forgotten program dating from the beginning of the Trisolar Crisis, and her very presence may upset the delicate balance between two worlds. Will humanity reach for the stars or die in its cradle?"	[{'Science Fiction': 11}, {'Fiction': 3}, {'Fantasy': 3}, {'Dystopian': 2}, {'Hard Science Fiction': 2}, {'Science Fiction & Fantasy': 2}, {'Adventure': 1}, {'Scienc Fiction': 1}, {'Alien Contact': 1}, {'General': 1}, {'Weak Character Development': 17}, {'Plot driven': 17}, {'Not Diverse Characters': 16}, {'Unloveable Characters': 13}, {'Loveable Characters': 12}, {'Diverse Characters': 11}, {'A mix driven': 11}, {'Strong Character Development': 9}, {'audiobook': 2}, {'challenging': 1}, {'dark': 30}, {'challenging': 23}, {'Adventurous': 23}, {'mysterious': 21}, {'reflective': 17}, {'tense': 15}, {'emotional': 10}, {'inspiring': 10}, {'hopeful': 8}, {'sad': 7}]
79	9781784971656	Death's End	Cixin Liu	2008	Head of Zeus	"Half a century after the Doomsday Battle, the uneasy balance of Dark Forest Deterrence keeps the Trisolaran invaders at bay. Earth enjoys unprecedented prosperity due to the infusion of Trisolaran knowledge. With human science advancing daily and the Trisolarans adopting Earth culture, it seems that the two civilizations will soon be able to co-exist peacefully as equals without the terrible threat of mutually assured annihilation. But the peace has also made humanity complacent.

Cheng Xin, an aerospace engineer from the early twenty-first century, awakens from hibernation in this new age. She brings with her knowledge of a long-forgotten program dating from the beginning of the Trisolar Crisis, and her very presence may upset the delicate balance between two worlds. Will humanity reach for the stars or die in its cradle?"	[{'Science Fiction': 11}, {'Fiction': 3}, {'Fantasy': 3}, {'Dystopian': 2}, {'Hard Science Fiction': 2}, {'Science Fiction & Fantasy': 2}, {'Adventure': 1}, {'Scienc Fiction': 1}, {'Alien Contact': 1}, {'General': 1}, {'Weak Character Development': 17}, {'Plot driven': 17}, {'Not Diverse Characters': 16}, {'Unloveable Characters': 13}, {'Loveable Characters': 12}, {'Diverse Characters': 11}, {'A mix driven': 11}, {'Strong Character Development': 9}, {'audiobook': 2}, {'challenging': 1}, {'dark': 30}, {'challenging': 23}, {'Adventurous': 23}, {'mysterious': 21}, {'reflective': 17}, {'tense': 15}, {'emotional': 10}, {'inspiring': 10}, {'hopeful': 8}, {'sad': 7}]
79	9780765386632	Death's End	Cixin Liu	2008	Tor Books	"Half a century after the Doomsday Battle, the uneasy balance of Dark Forest Deterrence keeps the Trisolaran invaders at bay. Earth enjoys unprecedented prosperity due to the infusion of Trisolaran knowledge. With human science advancing daily and the Trisolarans adopting Earth culture, it seems that the two civilizations will soon be able to co-exist peacefully as equals without the terrible threat of mutually assured annihilation. But the peace has also made humanity complacent.

Cheng Xin, an aerospace engineer from the early twenty-first century, awakens from hibernation in this new age. She brings with her knowledge of a long-forgotten program dating from the beginning of the Trisolar Crisis, and her very presence may upset the delicate balance between two worlds. Will humanity reach for the stars or die in its cradle?"	[{'Science Fiction': 11}, {'Fiction': 3}, {'Fantasy': 3}, {'Dystopian': 2}, {'Hard Science Fiction': 2}, {'Science Fiction & Fantasy': 2}, {'Adventure': 1}, {'Scienc Fiction': 1}, {'Alien Contact': 1}, {'General': 1}, {'Weak Character Development': 17}, {'Plot driven': 17}, {'Not Diverse Characters': 16}, {'Unloveable Characters': 13}, {'Loveable Characters': 12}, {'Diverse Characters': 11}, {'A mix driven': 11}, {'Strong Character Development': 9}, {'audiobook': 2}, {'challenging': 1}, {'dark': 30}, {'challenging': 23}, {'Adventurous': 23}, {'mysterious': 21}, {'reflective': 17}, {'tense': 15}, {'emotional': 10}, {'inspiring': 10}, {'hopeful': 8}, {'sad': 7}]
79	9781800246706	Death's End	Cixin Liu	2008	Head of Zeus	"Half a century after the Doomsday Battle, the uneasy balance of Dark Forest Deterrence keeps the Trisolaran invaders at bay. Earth enjoys unprecedented prosperity due to the infusion of Trisolaran knowledge. With human science advancing daily and the Trisolarans adopting Earth culture, it seems that the two civilizations will soon be able to co-exist peacefully as equals without the terrible threat of mutually assured annihilation. But the peace has also made humanity complacent.

Cheng Xin, an aerospace engineer from the early twenty-first century, awakens from hibernation in this new age. She brings with her knowledge of a long-forgotten program dating from the beginning of the Trisolar Crisis, and her very presence may upset the delicate balance between two worlds. Will humanity reach for the stars or die in its cradle?"	[{'Science Fiction': 11}, {'Fiction': 3}, {'Fantasy': 3}, {'Dystopian': 2}, {'Hard Science Fiction': 2}, {'Science Fiction & Fantasy': 2}, {'Adventure': 1}, {'Scienc Fiction': 1}, {'Alien Contact': 1}, {'General': 1}, {'Weak Character Development': 17}, {'Plot driven': 17}, {'Not Diverse Characters': 16}, {'Unloveable Characters': 13}, {'Loveable Characters': 12}, {'Diverse Characters': 11}, {'A mix driven': 11}, {'Strong Character Development': 9}, {'audiobook': 2}, {'challenging': 1}, {'dark': 30}, {'challenging': 23}, {'Adventurous': 23}, {'mysterious': 21}, {'reflective': 17}, {'tense': 15}, {'emotional': 10}, {'inspiring': 10}, {'hopeful': 8}, {'sad': 7}]
79	9781800249158	Death's End	Cixin Liu	2008	Head of Zeus	"Half a century after the Doomsday Battle, the uneasy balance of Dark Forest Deterrence keeps the Trisolaran invaders at bay. Earth enjoys unprecedented prosperity due to the infusion of Trisolaran knowledge. With human science advancing daily and the Trisolarans adopting Earth culture, it seems that the two civilizations will soon be able to co-exist peacefully as equals without the terrible threat of mutually assured annihilation. But the peace has also made humanity complacent.

Cheng Xin, an aerospace engineer from the early twenty-first century, awakens from hibernation in this new age. She brings with her knowledge of a long-forgotten program dating from the beginning of the Trisolar Crisis, and her very presence may upset the delicate balance between two worlds. Will humanity reach for the stars or die in its cradle?"	[{'Science Fiction': 11}, {'Fiction': 3}, {'Fantasy': 3}, {'Dystopian': 2}, {'Hard Science Fiction': 2}, {'Science Fiction & Fantasy': 2}, {'Adventure': 1}, {'Scienc Fiction': 1}, {'Alien Contact': 1}, {'General': 1}, {'Weak Character Development': 17}, {'Plot driven': 17}, {'Not Diverse Characters': 16}, {'Unloveable Characters': 13}, {'Loveable Characters': 12}, {'Diverse Characters': 11}, {'A mix driven': 11}, {'Strong Character Development': 9}, {'audiobook': 2}, {'challenging': 1}, {'dark': 30}, {'challenging': 23}, {'Adventurous': 23}, {'mysterious': 21}, {'reflective': 17}, {'tense': 15}, {'emotional': 10}, {'inspiring': 10}, {'hopeful': 8}, {'sad': 7}]
79	9781784971632	Death's End	Cixin Liu	2008	Head of Zeus	"Half a century after the Doomsday Battle, the uneasy balance of Dark Forest Deterrence keeps the Trisolaran invaders at bay. Earth enjoys unprecedented prosperity due to the infusion of Trisolaran knowledge. With human science advancing daily and the Trisolarans adopting Earth culture, it seems that the two civilizations will soon be able to co-exist peacefully as equals without the terrible threat of mutually assured annihilation. But the peace has also made humanity complacent.

Cheng Xin, an aerospace engineer from the early twenty-first century, awakens from hibernation in this new age. She brings with her knowledge of a long-forgotten program dating from the beginning of the Trisolar Crisis, and her very presence may upset the delicate balance between two worlds. Will humanity reach for the stars or die in its cradle?"	[{'Science Fiction': 11}, {'Fiction': 3}, {'Fantasy': 3}, {'Dystopian': 2}, {'Hard Science Fiction': 2}, {'Science Fiction & Fantasy': 2}, {'Adventure': 1}, {'Scienc Fiction': 1}, {'Alien Contact': 1}, {'General': 1}, {'Weak Character Development': 17}, {'Plot driven': 17}, {'Not Diverse Characters': 16}, {'Unloveable Characters': 13}, {'Loveable Characters': 12}, {'Diverse Characters': 11}, {'A mix driven': 11}, {'Strong Character Development': 9}, {'audiobook': 2}, {'challenging': 1}, {'dark': 30}, {'challenging': 23}, {'Adventurous': 23}, {'mysterious': 21}, {'reflective': 17}, {'tense': 15}, {'emotional': 10}, {'inspiring': 10}, {'hopeful': 8}, {'sad': 7}]
79	9780765377104	Death's End	Cixin Liu	2008	Macmillan	"Half a century after the Doomsday Battle, the uneasy balance of Dark Forest Deterrence keeps the Trisolaran invaders at bay. Earth enjoys unprecedented prosperity due to the infusion of Trisolaran knowledge. With human science advancing daily and the Trisolarans adopting Earth culture, it seems that the two civilizations will soon be able to co-exist peacefully as equals without the terrible threat of mutually assured annihilation. But the peace has also made humanity complacent.

Cheng Xin, an aerospace engineer from the early twenty-first century, awakens from hibernation in this new age. She brings with her knowledge of a long-forgotten program dating from the beginning of the Trisolar Crisis, and her very presence may upset the delicate balance between two worlds. Will humanity reach for the stars or die in its cradle?"	[{'Science Fiction': 11}, {'Fiction': 3}, {'Fantasy': 3}, {'Dystopian': 2}, {'Hard Science Fiction': 2}, {'Science Fiction & Fantasy': 2}, {'Adventure': 1}, {'Scienc Fiction': 1}, {'Alien Contact': 1}, {'General': 1}, {'Weak Character Development': 17}, {'Plot driven': 17}, {'Not Diverse Characters': 16}, {'Unloveable Characters': 13}, {'Loveable Characters': 12}, {'Diverse Characters': 11}, {'A mix driven': 11}, {'Strong Character Development': 9}, {'audiobook': 2}, {'challenging': 1}, {'dark': 30}, {'challenging': 23}, {'Adventurous': 23}, {'mysterious': 21}, {'reflective': 17}, {'tense': 15}, {'emotional': 10}, {'inspiring': 10}, {'hopeful': 8}, {'sad': 7}]
80	9781478909521	Babylon's Ashes	James S. A. Corey	2016	Orbit Books	A revolution brewing for generations has begun in fire. It will end in blood. The Free Navy - a violent group of Belters in black-market military ships - has crippled the Earth and begun a campaign of piracy and violence among the outer planets. The colony ships heading for the thousand new worlds on the far side of the alien ring gates are easy prey, and no single navy remains strong enough to protect them. James Holden and his crew know the strengths and weaknesses of this new force better than anyone. Outnumbered and outgunned, the embattled remnants of the old political powers call on the Rocinante for a desperate mission to reach Medina Station at the heart of the gate network. But the new alliances are as flawed as the old, and the struggle for power has only just begun. As the chaos grows, an alien mystery deepens. Pirate fleets, mutiny, and betrayal may be the least of the Rocinante's problems. And in the uncanny spaces past the ring gates, the choices of a few damaged and desperate people may determine the fate of more than just humanity	[{'Science Fiction': 7}, {'Fantasy': 3}, {'Fiction': 2}, {'Adventure': 2}, {'Science Fiction & Fantasy': 2}, {'Space': 2}, {'Sci-fi': 1}, {'Space Opera': 1}, {'Audiobook': 1}, {'science fiction fantasy': 1}, {'Diverse Characters': 17}, {'Strong Character Development': 14}, {'A mix driven': 12}, {'Loveable Characters': 9}, {'Unloveable Characters': 8}, {'Weak Character Development': 3}, {'Plot driven': 3}, {'science fiction': 1}, {'adventure': 1}, {'Space Opera': 1}, {'Adventurous': 20}, {'tense': 11}, {'emotional': 7}, {'dark': 6}, {'hopeful': 5}, {'mysterious': 4}, {'reflective': 3}, {'inspiring': 3}, {'sad': 2}, {'funny': 1}]
80	9780356504261	Babylon's Ashes	James S. A. Corey	2016	Orbit Books	A revolution brewing for generations has begun in fire. It will end in blood. The Free Navy - a violent group of Belters in black-market military ships - has crippled the Earth and begun a campaign of piracy and violence among the outer planets. The colony ships heading for the thousand new worlds on the far side of the alien ring gates are easy prey, and no single navy remains strong enough to protect them. James Holden and his crew know the strengths and weaknesses of this new force better than anyone. Outnumbered and outgunned, the embattled remnants of the old political powers call on the Rocinante for a desperate mission to reach Medina Station at the heart of the gate network. But the new alliances are as flawed as the old, and the struggle for power has only just begun. As the chaos grows, an alien mystery deepens. Pirate fleets, mutiny, and betrayal may be the least of the Rocinante's problems. And in the uncanny spaces past the ring gates, the choices of a few damaged and desperate people may determine the fate of more than just humanity	[{'Science Fiction': 7}, {'Fantasy': 3}, {'Fiction': 2}, {'Adventure': 2}, {'Science Fiction & Fantasy': 2}, {'Space': 2}, {'Sci-fi': 1}, {'Space Opera': 1}, {'Audiobook': 1}, {'science fiction fantasy': 1}, {'Diverse Characters': 17}, {'Strong Character Development': 14}, {'A mix driven': 12}, {'Loveable Characters': 9}, {'Unloveable Characters': 8}, {'Weak Character Development': 3}, {'Plot driven': 3}, {'science fiction': 1}, {'adventure': 1}, {'Space Opera': 1}, {'Adventurous': 20}, {'tense': 11}, {'emotional': 7}, {'dark': 6}, {'hopeful': 5}, {'mysterious': 4}, {'reflective': 3}, {'inspiring': 3}, {'sad': 2}, {'funny': 1}]
80	9780356504292	Babylon's Ashes	James S. A. Corey	2016	Orbit Books	A revolution brewing for generations has begun in fire. It will end in blood. The Free Navy - a violent group of Belters in black-market military ships - has crippled the Earth and begun a campaign of piracy and violence among the outer planets. The colony ships heading for the thousand new worlds on the far side of the alien ring gates are easy prey, and no single navy remains strong enough to protect them. James Holden and his crew know the strengths and weaknesses of this new force better than anyone. Outnumbered and outgunned, the embattled remnants of the old political powers call on the Rocinante for a desperate mission to reach Medina Station at the heart of the gate network. But the new alliances are as flawed as the old, and the struggle for power has only just begun. As the chaos grows, an alien mystery deepens. Pirate fleets, mutiny, and betrayal may be the least of the Rocinante's problems. And in the uncanny spaces past the ring gates, the choices of a few damaged and desperate people may determine the fate of more than just humanity	[{'Science Fiction': 7}, {'Fantasy': 3}, {'Fiction': 2}, {'Adventure': 2}, {'Science Fiction & Fantasy': 2}, {'Space': 2}, {'Sci-fi': 1}, {'Space Opera': 1}, {'Audiobook': 1}, {'science fiction fantasy': 1}, {'Diverse Characters': 17}, {'Strong Character Development': 14}, {'A mix driven': 12}, {'Loveable Characters': 9}, {'Unloveable Characters': 8}, {'Weak Character Development': 3}, {'Plot driven': 3}, {'science fiction': 1}, {'adventure': 1}, {'Space Opera': 1}, {'Adventurous': 20}, {'tense': 11}, {'emotional': 7}, {'dark': 6}, {'hopeful': 5}, {'mysterious': 4}, {'reflective': 3}, {'inspiring': 3}, {'sad': 2}, {'funny': 1}]
80	9780316217644	Babylon's Ashes	James S. A. Corey	2016	Orbit	A revolution brewing for generations has begun in fire. It will end in blood. The Free Navy - a violent group of Belters in black-market military ships - has crippled the Earth and begun a campaign of piracy and violence among the outer planets. The colony ships heading for the thousand new worlds on the far side of the alien ring gates are easy prey, and no single navy remains strong enough to protect them. James Holden and his crew know the strengths and weaknesses of this new force better than anyone. Outnumbered and outgunned, the embattled remnants of the old political powers call on the Rocinante for a desperate mission to reach Medina Station at the heart of the gate network. But the new alliances are as flawed as the old, and the struggle for power has only just begun. As the chaos grows, an alien mystery deepens. Pirate fleets, mutiny, and betrayal may be the least of the Rocinante's problems. And in the uncanny spaces past the ring gates, the choices of a few damaged and desperate people may determine the fate of more than just humanity	[{'Science Fiction': 7}, {'Fantasy': 3}, {'Fiction': 2}, {'Adventure': 2}, {'Science Fiction & Fantasy': 2}, {'Space': 2}, {'Sci-fi': 1}, {'Space Opera': 1}, {'Audiobook': 1}, {'science fiction fantasy': 1}, {'Diverse Characters': 17}, {'Strong Character Development': 14}, {'A mix driven': 12}, {'Loveable Characters': 9}, {'Unloveable Characters': 8}, {'Weak Character Development': 3}, {'Plot driven': 3}, {'science fiction': 1}, {'adventure': 1}, {'Space Opera': 1}, {'Adventurous': 20}, {'tense': 11}, {'emotional': 7}, {'dark': 6}, {'hopeful': 5}, {'mysterious': 4}, {'reflective': 3}, {'inspiring': 3}, {'sad': 2}, {'funny': 1}]
80		Babylon's Ashes	James S. A. Corey	2016	Hachette Audio	A revolution brewing for generations has begun in fire. It will end in blood. The Free Navy - a violent group of Belters in black-market military ships - has crippled the Earth and begun a campaign of piracy and violence among the outer planets. The colony ships heading for the thousand new worlds on the far side of the alien ring gates are easy prey, and no single navy remains strong enough to protect them. James Holden and his crew know the strengths and weaknesses of this new force better than anyone. Outnumbered and outgunned, the embattled remnants of the old political powers call on the Rocinante for a desperate mission to reach Medina Station at the heart of the gate network. But the new alliances are as flawed as the old, and the struggle for power has only just begun. As the chaos grows, an alien mystery deepens. Pirate fleets, mutiny, and betrayal may be the least of the Rocinante's problems. And in the uncanny spaces past the ring gates, the choices of a few damaged and desperate people may determine the fate of more than just humanity	[{'Science Fiction': 7}, {'Fantasy': 3}, {'Fiction': 2}, {'Adventure': 2}, {'Science Fiction & Fantasy': 2}, {'Space': 2}, {'Sci-fi': 1}, {'Space Opera': 1}, {'Audiobook': 1}, {'science fiction fantasy': 1}, {'Diverse Characters': 17}, {'Strong Character Development': 14}, {'A mix driven': 12}, {'Loveable Characters': 9}, {'Unloveable Characters': 8}, {'Weak Character Development': 3}, {'Plot driven': 3}, {'science fiction': 1}, {'adventure': 1}, {'Space Opera': 1}, {'Adventurous': 20}, {'tense': 11}, {'emotional': 7}, {'dark': 6}, {'hopeful': 5}, {'mysterious': 4}, {'reflective': 3}, {'inspiring': 3}, {'sad': 2}, {'funny': 1}]
80	9780356504285	Babylon's Ashes	James S. A. Corey	2016	Orbit Books	A revolution brewing for generations has begun in fire. It will end in blood. The Free Navy - a violent group of Belters in black-market military ships - has crippled the Earth and begun a campaign of piracy and violence among the outer planets. The colony ships heading for the thousand new worlds on the far side of the alien ring gates are easy prey, and no single navy remains strong enough to protect them. James Holden and his crew know the strengths and weaknesses of this new force better than anyone. Outnumbered and outgunned, the embattled remnants of the old political powers call on the Rocinante for a desperate mission to reach Medina Station at the heart of the gate network. But the new alliances are as flawed as the old, and the struggle for power has only just begun. As the chaos grows, an alien mystery deepens. Pirate fleets, mutiny, and betrayal may be the least of the Rocinante's problems. And in the uncanny spaces past the ring gates, the choices of a few damaged and desperate people may determine the fate of more than just humanity	[{'Science Fiction': 7}, {'Fantasy': 3}, {'Fiction': 2}, {'Adventure': 2}, {'Science Fiction & Fantasy': 2}, {'Space': 2}, {'Sci-fi': 1}, {'Space Opera': 1}, {'Audiobook': 1}, {'science fiction fantasy': 1}, {'Diverse Characters': 17}, {'Strong Character Development': 14}, {'A mix driven': 12}, {'Loveable Characters': 9}, {'Unloveable Characters': 8}, {'Weak Character Development': 3}, {'Plot driven': 3}, {'science fiction': 1}, {'adventure': 1}, {'Space Opera': 1}, {'Adventurous': 20}, {'tense': 11}, {'emotional': 7}, {'dark': 6}, {'hopeful': 5}, {'mysterious': 4}, {'reflective': 3}, {'inspiring': 3}, {'sad': 2}, {'funny': 1}]
80	9780316217637	Babylon's Ashes	James S. A. Corey	2016	Orbit	A revolution brewing for generations has begun in fire. It will end in blood. The Free Navy - a violent group of Belters in black-market military ships - has crippled the Earth and begun a campaign of piracy and violence among the outer planets. The colony ships heading for the thousand new worlds on the far side of the alien ring gates are easy prey, and no single navy remains strong enough to protect them. James Holden and his crew know the strengths and weaknesses of this new force better than anyone. Outnumbered and outgunned, the embattled remnants of the old political powers call on the Rocinante for a desperate mission to reach Medina Station at the heart of the gate network. But the new alliances are as flawed as the old, and the struggle for power has only just begun. As the chaos grows, an alien mystery deepens. Pirate fleets, mutiny, and betrayal may be the least of the Rocinante's problems. And in the uncanny spaces past the ring gates, the choices of a few damaged and desperate people may determine the fate of more than just humanity	[{'Science Fiction': 7}, {'Fantasy': 3}, {'Fiction': 2}, {'Adventure': 2}, {'Science Fiction & Fantasy': 2}, {'Space': 2}, {'Sci-fi': 1}, {'Space Opera': 1}, {'Audiobook': 1}, {'science fiction fantasy': 1}, {'Diverse Characters': 17}, {'Strong Character Development': 14}, {'A mix driven': 12}, {'Loveable Characters': 9}, {'Unloveable Characters': 8}, {'Weak Character Development': 3}, {'Plot driven': 3}, {'science fiction': 1}, {'adventure': 1}, {'Space Opera': 1}, {'Adventurous': 20}, {'tense': 11}, {'emotional': 7}, {'dark': 6}, {'hopeful': 5}, {'mysterious': 4}, {'reflective': 3}, {'inspiring': 3}, {'sad': 2}, {'funny': 1}]
80	9781478965374	Babylon's Ashes	James S. A. Corey	2016	Orbit	A revolution brewing for generations has begun in fire. It will end in blood. The Free Navy - a violent group of Belters in black-market military ships - has crippled the Earth and begun a campaign of piracy and violence among the outer planets. The colony ships heading for the thousand new worlds on the far side of the alien ring gates are easy prey, and no single navy remains strong enough to protect them. James Holden and his crew know the strengths and weaknesses of this new force better than anyone. Outnumbered and outgunned, the embattled remnants of the old political powers call on the Rocinante for a desperate mission to reach Medina Station at the heart of the gate network. But the new alliances are as flawed as the old, and the struggle for power has only just begun. As the chaos grows, an alien mystery deepens. Pirate fleets, mutiny, and betrayal may be the least of the Rocinante's problems. And in the uncanny spaces past the ring gates, the choices of a few damaged and desperate people may determine the fate of more than just humanity	[{'Science Fiction': 7}, {'Fantasy': 3}, {'Fiction': 2}, {'Adventure': 2}, {'Science Fiction & Fantasy': 2}, {'Space': 2}, {'Sci-fi': 1}, {'Space Opera': 1}, {'Audiobook': 1}, {'science fiction fantasy': 1}, {'Diverse Characters': 17}, {'Strong Character Development': 14}, {'A mix driven': 12}, {'Loveable Characters': 9}, {'Unloveable Characters': 8}, {'Weak Character Development': 3}, {'Plot driven': 3}, {'science fiction': 1}, {'adventure': 1}, {'Space Opera': 1}, {'Adventurous': 20}, {'tense': 11}, {'emotional': 7}, {'dark': 6}, {'hopeful': 5}, {'mysterious': 4}, {'reflective': 3}, {'inspiring': 3}, {'sad': 2}, {'funny': 1}]
80	9780316334747	Babylon's Ashes	James S. A. Corey	2016	Orbit	A revolution brewing for generations has begun in fire. It will end in blood. The Free Navy - a violent group of Belters in black-market military ships - has crippled the Earth and begun a campaign of piracy and violence among the outer planets. The colony ships heading for the thousand new worlds on the far side of the alien ring gates are easy prey, and no single navy remains strong enough to protect them. James Holden and his crew know the strengths and weaknesses of this new force better than anyone. Outnumbered and outgunned, the embattled remnants of the old political powers call on the Rocinante for a desperate mission to reach Medina Station at the heart of the gate network. But the new alliances are as flawed as the old, and the struggle for power has only just begun. As the chaos grows, an alien mystery deepens. Pirate fleets, mutiny, and betrayal may be the least of the Rocinante's problems. And in the uncanny spaces past the ring gates, the choices of a few damaged and desperate people may determine the fate of more than just humanity	[{'Science Fiction': 7}, {'Fantasy': 3}, {'Fiction': 2}, {'Adventure': 2}, {'Science Fiction & Fantasy': 2}, {'Space': 2}, {'Sci-fi': 1}, {'Space Opera': 1}, {'Audiobook': 1}, {'science fiction fantasy': 1}, {'Diverse Characters': 17}, {'Strong Character Development': 14}, {'A mix driven': 12}, {'Loveable Characters': 9}, {'Unloveable Characters': 8}, {'Weak Character Development': 3}, {'Plot driven': 3}, {'science fiction': 1}, {'adventure': 1}, {'Space Opera': 1}, {'Adventurous': 20}, {'tense': 11}, {'emotional': 7}, {'dark': 6}, {'hopeful': 5}, {'mysterious': 4}, {'reflective': 3}, {'inspiring': 3}, {'sad': 2}, {'funny': 1}]
80	9780316334723	Babylon's Ashes	James S. A. Corey	2016	Orbit	A revolution brewing for generations has begun in fire. It will end in blood. The Free Navy - a violent group of Belters in black-market military ships - has crippled the Earth and begun a campaign of piracy and violence among the outer planets. The colony ships heading for the thousand new worlds on the far side of the alien ring gates are easy prey, and no single navy remains strong enough to protect them. James Holden and his crew know the strengths and weaknesses of this new force better than anyone. Outnumbered and outgunned, the embattled remnants of the old political powers call on the Rocinante for a desperate mission to reach Medina Station at the heart of the gate network. But the new alliances are as flawed as the old, and the struggle for power has only just begun. As the chaos grows, an alien mystery deepens. Pirate fleets, mutiny, and betrayal may be the least of the Rocinante's problems. And in the uncanny spaces past the ring gates, the choices of a few damaged and desperate people may determine the fate of more than just humanity	[{'Science Fiction': 7}, {'Fantasy': 3}, {'Fiction': 2}, {'Adventure': 2}, {'Science Fiction & Fantasy': 2}, {'Space': 2}, {'Sci-fi': 1}, {'Space Opera': 1}, {'Audiobook': 1}, {'science fiction fantasy': 1}, {'Diverse Characters': 17}, {'Strong Character Development': 14}, {'A mix driven': 12}, {'Loveable Characters': 9}, {'Unloveable Characters': 8}, {'Weak Character Development': 3}, {'Plot driven': 3}, {'science fiction': 1}, {'adventure': 1}, {'Space Opera': 1}, {'Adventurous': 20}, {'tense': 11}, {'emotional': 7}, {'dark': 6}, {'hopeful': 5}, {'mysterious': 4}, {'reflective': 3}, {'inspiring': 3}, {'sad': 2}, {'funny': 1}]
81	9780345543998	The Last Days of New Paris	China Miéville	2016		"""A thriller of war that never was--of survival in an impossible city--of surreal cataclysm. In The Last Days of New Paris, China Mieville entwines true historical events and people with his daring, uniquely imaginative brand of fiction, reconfiguring history and art into something new. ""Beauty will be convulsive."" 1941. In the chaos of wartime Marseille, American engineer--and occult disciple--Jack Parsons stumbles onto a clandestine anti-Nazi group, including Surrealist theorist Andre Breton. In the strange games of the dissident diplomats, exiled revolutionaries, and avant-garde artists, Parsons finds and channels hope. But what he unwittingly unleashes is the power of dreams and nightmares, changing the war and the world forever. 1950. A lone Surrealist fighter, Thibaut, walks a new, hallucinogenic Paris, where Nazis and the Resistance are trapped in unending conflict, and the streets are stalked by living images and texts--and by the forces of Hell. To escape the city, he must join forces with Sam, an American photographer intent on recording the ruins, and make common cause with a powerful, enigmatic figure of chance and rebellion: the exquisite corpse. But Sam is being hunted. And new secrets will emerge that will test all their loyalties--to each other, to Paris old and new, and to reality itself. Praise for China Mieville ""[Mieville's] wit dazzles, his humour is lively, and the pure vitality of his imagination is astonishing.""--Ursula K. Le Guin, The Guardian, on Three Moments of an Explosion ""Dark and thought-provoking.""--The San Diego Union-Tribune, on The City & The City ""Richly conceived.""--The New York Times Book Review, on Embassytown ""Mieville more than delivers.""--San Francisco Chronicle, on Kraken ""Compulsively readable.""--The Washington Post Book World, on Perdido Street Station""--

""From the bestselling and award-winning master of sci fi, fantasy, and speculative fiction: a Surrealist bomb transfigures war-torn Paris into a phantasmagoric dreamscape, unleashing a race of nightmarish creatures""--"	[{'Science Fiction': 2}, {'Fantasy': 1}, {'War': 1}, {'Dystopian': 1}, {'Fiction': 1}, {'Spanish': 1}, {'Not Diverse Characters': 0}, {'Unloveable Characters': 0}, {'Weak Character Development': 0}, {'Character driven': 0}, {'Adventurous': 0}, {'challenging': 0}, {'mysterious': 0}]
81	9781524797485	The Last Days of New Paris: A Novel	China Miéville	2016	Del Rey	"""A thriller of war that never was--of survival in an impossible city--of surreal cataclysm. In The Last Days of New Paris, China Mieville entwines true historical events and people with his daring, uniquely imaginative brand of fiction, reconfiguring history and art into something new. ""Beauty will be convulsive."" 1941. In the chaos of wartime Marseille, American engineer--and occult disciple--Jack Parsons stumbles onto a clandestine anti-Nazi group, including Surrealist theorist Andre Breton. In the strange games of the dissident diplomats, exiled revolutionaries, and avant-garde artists, Parsons finds and channels hope. But what he unwittingly unleashes is the power of dreams and nightmares, changing the war and the world forever. 1950. A lone Surrealist fighter, Thibaut, walks a new, hallucinogenic Paris, where Nazis and the Resistance are trapped in unending conflict, and the streets are stalked by living images and texts--and by the forces of Hell. To escape the city, he must join forces with Sam, an American photographer intent on recording the ruins, and make common cause with a powerful, enigmatic figure of chance and rebellion: the exquisite corpse. But Sam is being hunted. And new secrets will emerge that will test all their loyalties--to each other, to Paris old and new, and to reality itself. Praise for China Mieville ""[Mieville's] wit dazzles, his humour is lively, and the pure vitality of his imagination is astonishing.""--Ursula K. Le Guin, The Guardian, on Three Moments of an Explosion ""Dark and thought-provoking.""--The San Diego Union-Tribune, on The City & The City ""Richly conceived.""--The New York Times Book Review, on Embassytown ""Mieville more than delivers.""--San Francisco Chronicle, on Kraken ""Compulsively readable.""--The Washington Post Book World, on Perdido Street Station""--

""From the bestselling and award-winning master of sci fi, fantasy, and speculative fiction: a Surrealist bomb transfigures war-torn Paris into a phantasmagoric dreamscape, unleashing a race of nightmarish creatures""--"	[{'Science Fiction': 2}, {'Fantasy': 1}, {'War': 1}, {'Dystopian': 1}, {'Fiction': 1}, {'Spanish': 1}, {'Not Diverse Characters': 0}, {'Unloveable Characters': 0}, {'Weak Character Development': 0}, {'Character driven': 0}, {'Adventurous': 0}, {'challenging': 0}, {'mysterious': 0}]
81	9781447296560	The Last Days of New Paris	China Miéville	2016	Pan Macmillan	"""A thriller of war that never was--of survival in an impossible city--of surreal cataclysm. In The Last Days of New Paris, China Mieville entwines true historical events and people with his daring, uniquely imaginative brand of fiction, reconfiguring history and art into something new. ""Beauty will be convulsive."" 1941. In the chaos of wartime Marseille, American engineer--and occult disciple--Jack Parsons stumbles onto a clandestine anti-Nazi group, including Surrealist theorist Andre Breton. In the strange games of the dissident diplomats, exiled revolutionaries, and avant-garde artists, Parsons finds and channels hope. But what he unwittingly unleashes is the power of dreams and nightmares, changing the war and the world forever. 1950. A lone Surrealist fighter, Thibaut, walks a new, hallucinogenic Paris, where Nazis and the Resistance are trapped in unending conflict, and the streets are stalked by living images and texts--and by the forces of Hell. To escape the city, he must join forces with Sam, an American photographer intent on recording the ruins, and make common cause with a powerful, enigmatic figure of chance and rebellion: the exquisite corpse. But Sam is being hunted. And new secrets will emerge that will test all their loyalties--to each other, to Paris old and new, and to reality itself. Praise for China Mieville ""[Mieville's] wit dazzles, his humour is lively, and the pure vitality of his imagination is astonishing.""--Ursula K. Le Guin, The Guardian, on Three Moments of an Explosion ""Dark and thought-provoking.""--The San Diego Union-Tribune, on The City & The City ""Richly conceived.""--The New York Times Book Review, on Embassytown ""Mieville more than delivers.""--San Francisco Chronicle, on Kraken ""Compulsively readable.""--The Washington Post Book World, on Perdido Street Station""--

""From the bestselling and award-winning master of sci fi, fantasy, and speculative fiction: a Surrealist bomb transfigures war-torn Paris into a phantasmagoric dreamscape, unleashing a race of nightmarish creatures""--"	[{'Science Fiction': 2}, {'Fantasy': 1}, {'War': 1}, {'Dystopian': 1}, {'Fiction': 1}, {'Spanish': 1}, {'Not Diverse Characters': 0}, {'Unloveable Characters': 0}, {'Weak Character Development': 0}, {'Character driven': 0}, {'Adventurous': 0}, {'challenging': 0}, {'mysterious': 0}]
81	9781447296546	The Last Days of New Paris	China Miéville	2016	Picador	"""A thriller of war that never was--of survival in an impossible city--of surreal cataclysm. In The Last Days of New Paris, China Mieville entwines true historical events and people with his daring, uniquely imaginative brand of fiction, reconfiguring history and art into something new. ""Beauty will be convulsive."" 1941. In the chaos of wartime Marseille, American engineer--and occult disciple--Jack Parsons stumbles onto a clandestine anti-Nazi group, including Surrealist theorist Andre Breton. In the strange games of the dissident diplomats, exiled revolutionaries, and avant-garde artists, Parsons finds and channels hope. But what he unwittingly unleashes is the power of dreams and nightmares, changing the war and the world forever. 1950. A lone Surrealist fighter, Thibaut, walks a new, hallucinogenic Paris, where Nazis and the Resistance are trapped in unending conflict, and the streets are stalked by living images and texts--and by the forces of Hell. To escape the city, he must join forces with Sam, an American photographer intent on recording the ruins, and make common cause with a powerful, enigmatic figure of chance and rebellion: the exquisite corpse. But Sam is being hunted. And new secrets will emerge that will test all their loyalties--to each other, to Paris old and new, and to reality itself. Praise for China Mieville ""[Mieville's] wit dazzles, his humour is lively, and the pure vitality of his imagination is astonishing.""--Ursula K. Le Guin, The Guardian, on Three Moments of an Explosion ""Dark and thought-provoking.""--The San Diego Union-Tribune, on The City & The City ""Richly conceived.""--The New York Times Book Review, on Embassytown ""Mieville more than delivers.""--San Francisco Chronicle, on Kraken ""Compulsively readable.""--The Washington Post Book World, on Perdido Street Station""--

""From the bestselling and award-winning master of sci fi, fantasy, and speculative fiction: a Surrealist bomb transfigures war-torn Paris into a phantasmagoric dreamscape, unleashing a race of nightmarish creatures""--"	[{'Science Fiction': 2}, {'Fantasy': 1}, {'War': 1}, {'Dystopian': 1}, {'Fiction': 1}, {'Spanish': 1}, {'Not Diverse Characters': 0}, {'Unloveable Characters': 0}, {'Weak Character Development': 0}, {'Character driven': 0}, {'Adventurous': 0}, {'challenging': 0}, {'mysterious': 0}]
81	9780345544001	The Last Days of New Paris	China Miéville	2016	Del Rey	"""A thriller of war that never was--of survival in an impossible city--of surreal cataclysm. In The Last Days of New Paris, China Mieville entwines true historical events and people with his daring, uniquely imaginative brand of fiction, reconfiguring history and art into something new. ""Beauty will be convulsive."" 1941. In the chaos of wartime Marseille, American engineer--and occult disciple--Jack Parsons stumbles onto a clandestine anti-Nazi group, including Surrealist theorist Andre Breton. In the strange games of the dissident diplomats, exiled revolutionaries, and avant-garde artists, Parsons finds and channels hope. But what he unwittingly unleashes is the power of dreams and nightmares, changing the war and the world forever. 1950. A lone Surrealist fighter, Thibaut, walks a new, hallucinogenic Paris, where Nazis and the Resistance are trapped in unending conflict, and the streets are stalked by living images and texts--and by the forces of Hell. To escape the city, he must join forces with Sam, an American photographer intent on recording the ruins, and make common cause with a powerful, enigmatic figure of chance and rebellion: the exquisite corpse. But Sam is being hunted. And new secrets will emerge that will test all their loyalties--to each other, to Paris old and new, and to reality itself. Praise for China Mieville ""[Mieville's] wit dazzles, his humour is lively, and the pure vitality of his imagination is astonishing.""--Ursula K. Le Guin, The Guardian, on Three Moments of an Explosion ""Dark and thought-provoking.""--The San Diego Union-Tribune, on The City & The City ""Richly conceived.""--The New York Times Book Review, on Embassytown ""Mieville more than delivers.""--San Francisco Chronicle, on Kraken ""Compulsively readable.""--The Washington Post Book World, on Perdido Street Station""--

""From the bestselling and award-winning master of sci fi, fantasy, and speculative fiction: a Surrealist bomb transfigures war-torn Paris into a phantasmagoric dreamscape, unleashing a race of nightmarish creatures""--"	[{'Science Fiction': 2}, {'Fantasy': 1}, {'War': 1}, {'Dystopian': 1}, {'Fiction': 1}, {'Spanish': 1}, {'Not Diverse Characters': 0}, {'Unloveable Characters': 0}, {'Weak Character Development': 0}, {'Character driven': 0}, {'Adventurous': 0}, {'challenging': 0}, {'mysterious': 0}]
81	9781447296577	The Last Days of New Paris	China Miéville	2016	Macmillan	"""A thriller of war that never was--of survival in an impossible city--of surreal cataclysm. In The Last Days of New Paris, China Mieville entwines true historical events and people with his daring, uniquely imaginative brand of fiction, reconfiguring history and art into something new. ""Beauty will be convulsive."" 1941. In the chaos of wartime Marseille, American engineer--and occult disciple--Jack Parsons stumbles onto a clandestine anti-Nazi group, including Surrealist theorist Andre Breton. In the strange games of the dissident diplomats, exiled revolutionaries, and avant-garde artists, Parsons finds and channels hope. But what he unwittingly unleashes is the power of dreams and nightmares, changing the war and the world forever. 1950. A lone Surrealist fighter, Thibaut, walks a new, hallucinogenic Paris, where Nazis and the Resistance are trapped in unending conflict, and the streets are stalked by living images and texts--and by the forces of Hell. To escape the city, he must join forces with Sam, an American photographer intent on recording the ruins, and make common cause with a powerful, enigmatic figure of chance and rebellion: the exquisite corpse. But Sam is being hunted. And new secrets will emerge that will test all their loyalties--to each other, to Paris old and new, and to reality itself. Praise for China Mieville ""[Mieville's] wit dazzles, his humour is lively, and the pure vitality of his imagination is astonishing.""--Ursula K. Le Guin, The Guardian, on Three Moments of an Explosion ""Dark and thought-provoking.""--The San Diego Union-Tribune, on The City & The City ""Richly conceived.""--The New York Times Book Review, on Embassytown ""Mieville more than delivers.""--San Francisco Chronicle, on Kraken ""Compulsively readable.""--The Washington Post Book World, on Perdido Street Station""--

""From the bestselling and award-winning master of sci fi, fantasy, and speculative fiction: a Surrealist bomb transfigures war-torn Paris into a phantasmagoric dreamscape, unleashing a race of nightmarish creatures""--"	[{'Science Fiction': 2}, {'Fantasy': 1}, {'War': 1}, {'Dystopian': 1}, {'Fiction': 1}, {'Spanish': 1}, {'Not Diverse Characters': 0}, {'Unloveable Characters': 0}, {'Weak Character Development': 0}, {'Character driven': 0}, {'Adventurous': 0}, {'challenging': 0}, {'mysterious': 0}]
82		The Wonder Engine	T. Kingfisher	2018	Red Wombat Studio	Pull three people out of prison--a disgraced paladin, a convicted forger, and a heartless assassin. Give them weapons, carnivorous tattoos, and each other. Point them at the enemy.What could possibly go wrong?In the sequel to CLOCKWORK BOYS, Slate, Brenner, Caliban and Learned Edmund have arrived in Anuket City, the source of the mysterious Clockwork Boys. But the secrets they're keeping could well destroy them, before the city even gets the chance...	[{'Fantasy': 2}, {'Adventure': 1}, {'Fiction': 1}, {'Science Fiction': 1}, {'War': 1}, {'Young Adult': 0}, {'Loveable Characters': 11}, {'Diverse Characters': 9}, {'A mix driven': 8}, {'Strong Character Development': 7}, {'Plot driven': 3}, {'Weak Character Development': 2}, {'Unloveable Characters': 1}, {'Adventurous': 13}, {'lighthearted': 7}, {'funny': 7}, {'emotional': 6}, {'dark': 4}, {'hopeful': 3}, {'sad': 1}]
82	9781721339648	The Wonder Engine	T. Kingfisher	2018	Brilliance Audio	Pull three people out of prison--a disgraced paladin, a convicted forger, and a heartless assassin. Give them weapons, carnivorous tattoos, and each other. Point them at the enemy.What could possibly go wrong?In the sequel to CLOCKWORK BOYS, Slate, Brenner, Caliban and Learned Edmund have arrived in Anuket City, the source of the mysterious Clockwork Boys. But the secrets they're keeping could well destroy them, before the city even gets the chance...	[{'Fantasy': 2}, {'Adventure': 1}, {'Fiction': 1}, {'Science Fiction': 1}, {'War': 1}, {'Young Adult': 0}, {'Loveable Characters': 11}, {'Diverse Characters': 9}, {'A mix driven': 8}, {'Strong Character Development': 7}, {'Plot driven': 3}, {'Weak Character Development': 2}, {'Unloveable Characters': 1}, {'Adventurous': 13}, {'lighthearted': 7}, {'funny': 7}, {'emotional': 6}, {'dark': 4}, {'hopeful': 3}, {'sad': 1}]
82	9781386528876	The Wonder Engine	T. Kingfisher	2018	Red Wombat Tea Company	Pull three people out of prison--a disgraced paladin, a convicted forger, and a heartless assassin. Give them weapons, carnivorous tattoos, and each other. Point them at the enemy.What could possibly go wrong?In the sequel to CLOCKWORK BOYS, Slate, Brenner, Caliban and Learned Edmund have arrived in Anuket City, the source of the mysterious Clockwork Boys. But the secrets they're keeping could well destroy them, before the city even gets the chance...	[{'Fantasy': 2}, {'Adventure': 1}, {'Fiction': 1}, {'Science Fiction': 1}, {'War': 1}, {'Young Adult': 0}, {'Loveable Characters': 11}, {'Diverse Characters': 9}, {'A mix driven': 8}, {'Strong Character Development': 7}, {'Plot driven': 3}, {'Weak Character Development': 2}, {'Unloveable Characters': 1}, {'Adventurous': 13}, {'lighthearted': 7}, {'funny': 7}, {'emotional': 6}, {'dark': 4}, {'hopeful': 3}, {'sad': 1}]
82	9781614504429	The Wonder Engine	T. Kingfisher	2018	Argyll Productions	Pull three people out of prison--a disgraced paladin, a convicted forger, and a heartless assassin. Give them weapons, carnivorous tattoos, and each other. Point them at the enemy.What could possibly go wrong?In the sequel to CLOCKWORK BOYS, Slate, Brenner, Caliban and Learned Edmund have arrived in Anuket City, the source of the mysterious Clockwork Boys. But the secrets they're keeping could well destroy them, before the city even gets the chance...	[{'Fantasy': 2}, {'Adventure': 1}, {'Fiction': 1}, {'Science Fiction': 1}, {'War': 1}, {'Young Adult': 0}, {'Loveable Characters': 11}, {'Diverse Characters': 9}, {'A mix driven': 8}, {'Strong Character Development': 7}, {'Plot driven': 3}, {'Weak Character Development': 2}, {'Unloveable Characters': 1}, {'Adventurous': 13}, {'lighthearted': 7}, {'funny': 7}, {'emotional': 6}, {'dark': 4}, {'hopeful': 3}, {'sad': 1}]
82	9781614504177	The Wonder Engine	T. Kingfisher	2018	Argyll Productions	Pull three people out of prison--a disgraced paladin, a convicted forger, and a heartless assassin. Give them weapons, carnivorous tattoos, and each other. Point them at the enemy.What could possibly go wrong?In the sequel to CLOCKWORK BOYS, Slate, Brenner, Caliban and Learned Edmund have arrived in Anuket City, the source of the mysterious Clockwork Boys. But the secrets they're keeping could well destroy them, before the city even gets the chance...	[{'Fantasy': 2}, {'Adventure': 1}, {'Fiction': 1}, {'Science Fiction': 1}, {'War': 1}, {'Young Adult': 0}, {'Loveable Characters': 11}, {'Diverse Characters': 9}, {'A mix driven': 8}, {'Strong Character Development': 7}, {'Plot driven': 3}, {'Weak Character Development': 2}, {'Unloveable Characters': 1}, {'Adventurous': 13}, {'lighthearted': 7}, {'funny': 7}, {'emotional': 6}, {'dark': 4}, {'hopeful': 3}, {'sad': 1}]
84	9781473217362	War of the Maps	Paul McAuley	2020	Gollancz	"On a giant artificial world surrounding an artificial sun, one man - a lucidor, a keeper of the peace, a policeman - is on the hunt. His target was responsible for an atrocity, but is too valuable to the government to be truly punished. Instead he has been sent to the frontlines of the war, to use his unique talents on the enemy. So the lucidor has ignored orders, deserted from his job, left his home and thrown his life away, in order to finally claim justice.
Separated by massive seas, the various maps dotted on the surface of this world rarely contact each other. But something has begun to infiltrate the edges of the lucidor's map, something that genetically alters animals and plants and turns them into killers. Only the lucidor knows the depths to which his quarry will sink in order to survive, only the lucidor can capture him. The way is long and dangerous. The lucidor's government has set hunters after him. He has no friends, no resources, no plan.
But he does have a mission."	[{'Fantasy': 1}, {'Science Fiction': 1}]
84	9781473217348	War of the Maps	Paul McAuley	2020	Gollancz	"On a giant artificial world surrounding an artificial sun, one man - a lucidor, a keeper of the peace, a policeman - is on the hunt. His target was responsible for an atrocity, but is too valuable to the government to be truly punished. Instead he has been sent to the frontlines of the war, to use his unique talents on the enemy. So the lucidor has ignored orders, deserted from his job, left his home and thrown his life away, in order to finally claim justice.
Separated by massive seas, the various maps dotted on the surface of this world rarely contact each other. But something has begun to infiltrate the edges of the lucidor's map, something that genetically alters animals and plants and turns them into killers. Only the lucidor knows the depths to which his quarry will sink in order to survive, only the lucidor can capture him. The way is long and dangerous. The lucidor's government has set hunters after him. He has no friends, no resources, no plan.
But he does have a mission."	[{'Fantasy': 1}, {'Science Fiction': 1}]
84	9781473217355	War of the Maps	Paul McAuley	2020	Gollancz	"On a giant artificial world surrounding an artificial sun, one man - a lucidor, a keeper of the peace, a policeman - is on the hunt. His target was responsible for an atrocity, but is too valuable to the government to be truly punished. Instead he has been sent to the frontlines of the war, to use his unique talents on the enemy. So the lucidor has ignored orders, deserted from his job, left his home and thrown his life away, in order to finally claim justice.
Separated by massive seas, the various maps dotted on the surface of this world rarely contact each other. But something has begun to infiltrate the edges of the lucidor's map, something that genetically alters animals and plants and turns them into killers. Only the lucidor knows the depths to which his quarry will sink in order to survive, only the lucidor can capture him. The way is long and dangerous. The lucidor's government has set hunters after him. He has no friends, no resources, no plan.
But he does have a mission."	[{'Fantasy': 1}, {'Science Fiction': 1}]
84		War of the Maps	Paul McAuley	2020		"On a giant artificial world surrounding an artificial sun, one man - a lucidor, a keeper of the peace, a policeman - is on the hunt. His target was responsible for an atrocity, but is too valuable to the government to be truly punished. Instead he has been sent to the frontlines of the war, to use his unique talents on the enemy. So the lucidor has ignored orders, deserted from his job, left his home and thrown his life away, in order to finally claim justice.
Separated by massive seas, the various maps dotted on the surface of this world rarely contact each other. But something has begun to infiltrate the edges of the lucidor's map, something that genetically alters animals and plants and turns them into killers. Only the lucidor knows the depths to which his quarry will sink in order to survive, only the lucidor can capture him. The way is long and dangerous. The lucidor's government has set hunters after him. He has no friends, no resources, no plan.
But he does have a mission."	[{'Fantasy': 1}, {'Science Fiction': 1}]
85	9781781089101	The Angel of the Crows	Katherine Addison	2020	Solaris	"This is not the story you think it is. These are not the charactersyou think they are. This is not the book you are expecting. London 1888. Angels inhabit every public building, and vampires and werewolves walk the streets with human beings in a well-regulated truce. A utopia, except for one thing: Angels can Fall, and that Fall is like a nuclear bomb in both the physical and metaphysical worlds. Dr J. H. Doyle returns to London having been wounded in Afghanistan by a Fallen, and finds himself lodging in Baker Street with the enigmatic angel Crow. But living with a rogue angel is not so easy; the pair find themselves drawn into the supernatural and criminal worlds of London, from a man kidnapped by a vampire nest to Jack the Ripper's horrific murders. Besides Doyle's nightmares, there is the lingering worry that Crow might Fall... ""A new Katherine Addison book is a cause for celebration. Break out the champagne, this one's a treat!"" -- ELLEN KLAGES, author of Passing Strange, winner of the British Fantasy Award and World Fantasy Award ""Each book Addison writes is a highly-polished and gorgeously set gem. The Angel of Crows is no exception."" -- FRAN WILDE, Nebula-winning, Hugo and World Fantasy Nominated author of Updraft and The Fire Opal Mechanism ""... remarkably compelling and fascinating"" -- io9, on The Goblin Emperor ""With its subtle, intricate, fascinating worldbuilding and a hero who succeeds through empathy and patience rather than brawn, The Goblin Emperor is absolutely unique among recent fantasy novels, and it delighted me from beginning to end. I wish I could read a dozen more books set in the Elflands."" -- KATHERINE ARDEN, bestselling author of The Bear And The Nightingale, on The Goblin Emperor"	[{'Fantasy': 1}, {'Adventure': 1}, {'Science Fiction': 1}, {'LGBTQ': 1}, {'Not Diverse Characters': 3}, {'Loveable Characters': 3}, {'Strong Character Development': 3}, {'Unloveable Characters': 2}, {'Diverse Characters': 2}, {'Weak Character Development': 2}, {'A mix driven': 1}, {'Sherlock Holmes x Dr. John Watson': 1}, {'Adventurous': 4}, {'mysterious': 4}, {'reflective': 2}, {'lighthearted': 2}, {'inspiring': 1}, {'challenging': 1}]
85		The Angel of the Crows	Katherine Addison	2020	Tor Books	"This is not the story you think it is. These are not the charactersyou think they are. This is not the book you are expecting. London 1888. Angels inhabit every public building, and vampires and werewolves walk the streets with human beings in a well-regulated truce. A utopia, except for one thing: Angels can Fall, and that Fall is like a nuclear bomb in both the physical and metaphysical worlds. Dr J. H. Doyle returns to London having been wounded in Afghanistan by a Fallen, and finds himself lodging in Baker Street with the enigmatic angel Crow. But living with a rogue angel is not so easy; the pair find themselves drawn into the supernatural and criminal worlds of London, from a man kidnapped by a vampire nest to Jack the Ripper's horrific murders. Besides Doyle's nightmares, there is the lingering worry that Crow might Fall... ""A new Katherine Addison book is a cause for celebration. Break out the champagne, this one's a treat!"" -- ELLEN KLAGES, author of Passing Strange, winner of the British Fantasy Award and World Fantasy Award ""Each book Addison writes is a highly-polished and gorgeously set gem. The Angel of Crows is no exception."" -- FRAN WILDE, Nebula-winning, Hugo and World Fantasy Nominated author of Updraft and The Fire Opal Mechanism ""... remarkably compelling and fascinating"" -- io9, on The Goblin Emperor ""With its subtle, intricate, fascinating worldbuilding and a hero who succeeds through empathy and patience rather than brawn, The Goblin Emperor is absolutely unique among recent fantasy novels, and it delighted me from beginning to end. I wish I could read a dozen more books set in the Elflands."" -- KATHERINE ARDEN, bestselling author of The Bear And The Nightingale, on The Goblin Emperor"	[{'Fantasy': 1}, {'Adventure': 1}, {'Science Fiction': 1}, {'LGBTQ': 1}, {'Not Diverse Characters': 3}, {'Loveable Characters': 3}, {'Strong Character Development': 3}, {'Unloveable Characters': 2}, {'Diverse Characters': 2}, {'Weak Character Development': 2}, {'A mix driven': 1}, {'Sherlock Holmes x Dr. John Watson': 1}, {'Adventurous': 4}, {'mysterious': 4}, {'reflective': 2}, {'lighthearted': 2}, {'inspiring': 1}, {'challenging': 1}]
85	9781250755292	The Angel of the Crows	Katherine Addison	2020	Macmillan Audio	"This is not the story you think it is. These are not the charactersyou think they are. This is not the book you are expecting. London 1888. Angels inhabit every public building, and vampires and werewolves walk the streets with human beings in a well-regulated truce. A utopia, except for one thing: Angels can Fall, and that Fall is like a nuclear bomb in both the physical and metaphysical worlds. Dr J. H. Doyle returns to London having been wounded in Afghanistan by a Fallen, and finds himself lodging in Baker Street with the enigmatic angel Crow. But living with a rogue angel is not so easy; the pair find themselves drawn into the supernatural and criminal worlds of London, from a man kidnapped by a vampire nest to Jack the Ripper's horrific murders. Besides Doyle's nightmares, there is the lingering worry that Crow might Fall... ""A new Katherine Addison book is a cause for celebration. Break out the champagne, this one's a treat!"" -- ELLEN KLAGES, author of Passing Strange, winner of the British Fantasy Award and World Fantasy Award ""Each book Addison writes is a highly-polished and gorgeously set gem. The Angel of Crows is no exception."" -- FRAN WILDE, Nebula-winning, Hugo and World Fantasy Nominated author of Updraft and The Fire Opal Mechanism ""... remarkably compelling and fascinating"" -- io9, on The Goblin Emperor ""With its subtle, intricate, fascinating worldbuilding and a hero who succeeds through empathy and patience rather than brawn, The Goblin Emperor is absolutely unique among recent fantasy novels, and it delighted me from beginning to end. I wish I could read a dozen more books set in the Elflands."" -- KATHERINE ARDEN, bestselling author of The Bear And The Nightingale, on The Goblin Emperor"	[{'Fantasy': 1}, {'Adventure': 1}, {'Science Fiction': 1}, {'LGBTQ': 1}, {'Not Diverse Characters': 3}, {'Loveable Characters': 3}, {'Strong Character Development': 3}, {'Unloveable Characters': 2}, {'Diverse Characters': 2}, {'Weak Character Development': 2}, {'A mix driven': 1}, {'Sherlock Holmes x Dr. John Watson': 1}, {'Adventurous': 4}, {'mysterious': 4}, {'reflective': 2}, {'lighthearted': 2}, {'inspiring': 1}, {'challenging': 1}]
87	9781490614366	Leviathan Falls	James S. A. Corey	2021	Recorded Books, Inc	The Laconian Empire has fallen, setting the thirteen hundred solar systems free from the rule of Winston Duarte. But the ancient enemy that killed the gate builders is awake, and the war against our universe has begun again. In the dead system of Adro, Elvi Okoye leads a desperate scientific mission to understand what the gate builders were and what destroyed them, even if it means compromising herself and the half-alien children who bear the weight of her investigation. Through the wide-flung systems of humanity, Colonel Aliana Tanaka hunts for Duarte's missing daughter. . . and the shattered emperor himself. And on the Rocinante, James Holden and his crew struggle to build a future for humanity out of the shards and ruins of all that has come before. As nearly unimaginable forces prepare to annihilate all human life, Holden and a group of unlikely allies discover a last, desperate chance to unite all of humanity, with the promise of a vast galactic civilization free from wars, factions, lies, and secrets if they win. But the price of victory may be worse than the cost of defeat	[{'Science Fiction': 8}, {'Fantasy': 4}, {'Aliens': 3}, {'Adventure': 3}, {'Space': 3}, {'Fiction': 2}, {'science fiction fantasy': 2}, {'Space Opera': 2}, {'adult': 1}, {'War': 1}, {'Diverse Characters': 18}, {'Strong Character Development': 14}, {'A mix driven': 14}, {'Loveable Characters': 14}, {'Plot driven': 5}, {'Weak Character Development': 4}, {'Unloveable Characters': 4}, {'Tense': 1}, {'adventurous': 1}, {'medium-paced': 1}, {'Adventurous': 23}, {'tense': 14}, {'dark': 9}, {'mysterious': 9}, {'emotional': 9}, {'sad': 7}, {'hopeful': 4}, {'reflective': 3}, {'funny': 3}, {'challenging': 2}]
87	9781705024997	Leviathan Falls	James S. A. Corey	2021	Orbit Books	The Laconian Empire has fallen, setting the thirteen hundred solar systems free from the rule of Winston Duarte. But the ancient enemy that killed the gate builders is awake, and the war against our universe has begun again. In the dead system of Adro, Elvi Okoye leads a desperate scientific mission to understand what the gate builders were and what destroyed them, even if it means compromising herself and the half-alien children who bear the weight of her investigation. Through the wide-flung systems of humanity, Colonel Aliana Tanaka hunts for Duarte's missing daughter. . . and the shattered emperor himself. And on the Rocinante, James Holden and his crew struggle to build a future for humanity out of the shards and ruins of all that has come before. As nearly unimaginable forces prepare to annihilate all human life, Holden and a group of unlikely allies discover a last, desperate chance to unite all of humanity, with the promise of a vast galactic civilization free from wars, factions, lies, and secrets if they win. But the price of victory may be worse than the cost of defeat	[{'Science Fiction': 8}, {'Fantasy': 4}, {'Aliens': 3}, {'Adventure': 3}, {'Space': 3}, {'Fiction': 2}, {'science fiction fantasy': 2}, {'Space Opera': 2}, {'adult': 1}, {'War': 1}, {'Diverse Characters': 18}, {'Strong Character Development': 14}, {'A mix driven': 14}, {'Loveable Characters': 14}, {'Plot driven': 5}, {'Weak Character Development': 4}, {'Unloveable Characters': 4}, {'Tense': 1}, {'adventurous': 1}, {'medium-paced': 1}, {'Adventurous': 23}, {'tense': 14}, {'dark': 9}, {'mysterious': 9}, {'emotional': 9}, {'sad': 7}, {'hopeful': 4}, {'reflective': 3}, {'funny': 3}, {'challenging': 2}]
87	9780356510408	Leviathan Falls	James S. A. Corey	2021	Orbit Books	The Laconian Empire has fallen, setting the thirteen hundred solar systems free from the rule of Winston Duarte. But the ancient enemy that killed the gate builders is awake, and the war against our universe has begun again. In the dead system of Adro, Elvi Okoye leads a desperate scientific mission to understand what the gate builders were and what destroyed them, even if it means compromising herself and the half-alien children who bear the weight of her investigation. Through the wide-flung systems of humanity, Colonel Aliana Tanaka hunts for Duarte's missing daughter. . . and the shattered emperor himself. And on the Rocinante, James Holden and his crew struggle to build a future for humanity out of the shards and ruins of all that has come before. As nearly unimaginable forces prepare to annihilate all human life, Holden and a group of unlikely allies discover a last, desperate chance to unite all of humanity, with the promise of a vast galactic civilization free from wars, factions, lies, and secrets if they win. But the price of victory may be worse than the cost of defeat	[{'Science Fiction': 8}, {'Fantasy': 4}, {'Aliens': 3}, {'Adventure': 3}, {'Space': 3}, {'Fiction': 2}, {'science fiction fantasy': 2}, {'Space Opera': 2}, {'adult': 1}, {'War': 1}, {'Diverse Characters': 18}, {'Strong Character Development': 14}, {'A mix driven': 14}, {'Loveable Characters': 14}, {'Plot driven': 5}, {'Weak Character Development': 4}, {'Unloveable Characters': 4}, {'Tense': 1}, {'adventurous': 1}, {'medium-paced': 1}, {'Adventurous': 23}, {'tense': 14}, {'dark': 9}, {'mysterious': 9}, {'emotional': 9}, {'sad': 7}, {'hopeful': 4}, {'reflective': 3}, {'funny': 3}, {'challenging': 2}]
87	9780316332910	Leviathan Falls	James S. A. Corey	2021	Orbit Books	The Laconian Empire has fallen, setting the thirteen hundred solar systems free from the rule of Winston Duarte. But the ancient enemy that killed the gate builders is awake, and the war against our universe has begun again. In the dead system of Adro, Elvi Okoye leads a desperate scientific mission to understand what the gate builders were and what destroyed them, even if it means compromising herself and the half-alien children who bear the weight of her investigation. Through the wide-flung systems of humanity, Colonel Aliana Tanaka hunts for Duarte's missing daughter. . . and the shattered emperor himself. And on the Rocinante, James Holden and his crew struggle to build a future for humanity out of the shards and ruins of all that has come before. As nearly unimaginable forces prepare to annihilate all human life, Holden and a group of unlikely allies discover a last, desperate chance to unite all of humanity, with the promise of a vast galactic civilization free from wars, factions, lies, and secrets if they win. But the price of victory may be worse than the cost of defeat	[{'Science Fiction': 8}, {'Fantasy': 4}, {'Aliens': 3}, {'Adventure': 3}, {'Space': 3}, {'Fiction': 2}, {'science fiction fantasy': 2}, {'Space Opera': 2}, {'adult': 1}, {'War': 1}, {'Diverse Characters': 18}, {'Strong Character Development': 14}, {'A mix driven': 14}, {'Loveable Characters': 14}, {'Plot driven': 5}, {'Weak Character Development': 4}, {'Unloveable Characters': 4}, {'Tense': 1}, {'adventurous': 1}, {'medium-paced': 1}, {'Adventurous': 23}, {'tense': 14}, {'dark': 9}, {'mysterious': 9}, {'emotional': 9}, {'sad': 7}, {'hopeful': 4}, {'reflective': 3}, {'funny': 3}, {'challenging': 2}]
87	9780356510392	Leviathan Falls	James S. A. Corey	2021	Orbit Books	The Laconian Empire has fallen, setting the thirteen hundred solar systems free from the rule of Winston Duarte. But the ancient enemy that killed the gate builders is awake, and the war against our universe has begun again. In the dead system of Adro, Elvi Okoye leads a desperate scientific mission to understand what the gate builders were and what destroyed them, even if it means compromising herself and the half-alien children who bear the weight of her investigation. Through the wide-flung systems of humanity, Colonel Aliana Tanaka hunts for Duarte's missing daughter. . . and the shattered emperor himself. And on the Rocinante, James Holden and his crew struggle to build a future for humanity out of the shards and ruins of all that has come before. As nearly unimaginable forces prepare to annihilate all human life, Holden and a group of unlikely allies discover a last, desperate chance to unite all of humanity, with the promise of a vast galactic civilization free from wars, factions, lies, and secrets if they win. But the price of victory may be worse than the cost of defeat	[{'Science Fiction': 8}, {'Fantasy': 4}, {'Aliens': 3}, {'Adventure': 3}, {'Space': 3}, {'Fiction': 2}, {'science fiction fantasy': 2}, {'Space Opera': 2}, {'adult': 1}, {'War': 1}, {'Diverse Characters': 18}, {'Strong Character Development': 14}, {'A mix driven': 14}, {'Loveable Characters': 14}, {'Plot driven': 5}, {'Weak Character Development': 4}, {'Unloveable Characters': 4}, {'Tense': 1}, {'adventurous': 1}, {'medium-paced': 1}, {'Adventurous': 23}, {'tense': 14}, {'dark': 9}, {'mysterious': 9}, {'emotional': 9}, {'sad': 7}, {'hopeful': 4}, {'reflective': 3}, {'funny': 3}, {'challenging': 2}]
87	9780316332941	Leviathan Falls	James S. A. Corey	2021	Orbit	The Laconian Empire has fallen, setting the thirteen hundred solar systems free from the rule of Winston Duarte. But the ancient enemy that killed the gate builders is awake, and the war against our universe has begun again. In the dead system of Adro, Elvi Okoye leads a desperate scientific mission to understand what the gate builders were and what destroyed them, even if it means compromising herself and the half-alien children who bear the weight of her investigation. Through the wide-flung systems of humanity, Colonel Aliana Tanaka hunts for Duarte's missing daughter. . . and the shattered emperor himself. And on the Rocinante, James Holden and his crew struggle to build a future for humanity out of the shards and ruins of all that has come before. As nearly unimaginable forces prepare to annihilate all human life, Holden and a group of unlikely allies discover a last, desperate chance to unite all of humanity, with the promise of a vast galactic civilization free from wars, factions, lies, and secrets if they win. But the price of victory may be worse than the cost of defeat	[{'Science Fiction': 8}, {'Fantasy': 4}, {'Aliens': 3}, {'Adventure': 3}, {'Space': 3}, {'Fiction': 2}, {'science fiction fantasy': 2}, {'Space Opera': 2}, {'adult': 1}, {'War': 1}, {'Diverse Characters': 18}, {'Strong Character Development': 14}, {'A mix driven': 14}, {'Loveable Characters': 14}, {'Plot driven': 5}, {'Weak Character Development': 4}, {'Unloveable Characters': 4}, {'Tense': 1}, {'adventurous': 1}, {'medium-paced': 1}, {'Adventurous': 23}, {'tense': 14}, {'dark': 9}, {'mysterious': 9}, {'emotional': 9}, {'sad': 7}, {'hopeful': 4}, {'reflective': 3}, {'funny': 3}, {'challenging': 2}]
87	9780316332934	Leviathan Falls	James S. A. Corey	2021	Hachette UK	The Laconian Empire has fallen, setting the thirteen hundred solar systems free from the rule of Winston Duarte. But the ancient enemy that killed the gate builders is awake, and the war against our universe has begun again. In the dead system of Adro, Elvi Okoye leads a desperate scientific mission to understand what the gate builders were and what destroyed them, even if it means compromising herself and the half-alien children who bear the weight of her investigation. Through the wide-flung systems of humanity, Colonel Aliana Tanaka hunts for Duarte's missing daughter. . . and the shattered emperor himself. And on the Rocinante, James Holden and his crew struggle to build a future for humanity out of the shards and ruins of all that has come before. As nearly unimaginable forces prepare to annihilate all human life, Holden and a group of unlikely allies discover a last, desperate chance to unite all of humanity, with the promise of a vast galactic civilization free from wars, factions, lies, and secrets if they win. But the price of victory may be worse than the cost of defeat	[{'Science Fiction': 8}, {'Fantasy': 4}, {'Aliens': 3}, {'Adventure': 3}, {'Space': 3}, {'Fiction': 2}, {'science fiction fantasy': 2}, {'Space Opera': 2}, {'adult': 1}, {'War': 1}, {'Diverse Characters': 18}, {'Strong Character Development': 14}, {'A mix driven': 14}, {'Loveable Characters': 14}, {'Plot driven': 5}, {'Weak Character Development': 4}, {'Unloveable Characters': 4}, {'Tense': 1}, {'adventurous': 1}, {'medium-paced': 1}, {'Adventurous': 23}, {'tense': 14}, {'dark': 9}, {'mysterious': 9}, {'emotional': 9}, {'sad': 7}, {'hopeful': 4}, {'reflective': 3}, {'funny': 3}, {'challenging': 2}]
87	9780316379465	Leviathan Falls	James S. A. Corey	2021	Little, Brown Book Group	The Laconian Empire has fallen, setting the thirteen hundred solar systems free from the rule of Winston Duarte. But the ancient enemy that killed the gate builders is awake, and the war against our universe has begun again. In the dead system of Adro, Elvi Okoye leads a desperate scientific mission to understand what the gate builders were and what destroyed them, even if it means compromising herself and the half-alien children who bear the weight of her investigation. Through the wide-flung systems of humanity, Colonel Aliana Tanaka hunts for Duarte's missing daughter. . . and the shattered emperor himself. And on the Rocinante, James Holden and his crew struggle to build a future for humanity out of the shards and ruins of all that has come before. As nearly unimaginable forces prepare to annihilate all human life, Holden and a group of unlikely allies discover a last, desperate chance to unite all of humanity, with the promise of a vast galactic civilization free from wars, factions, lies, and secrets if they win. But the price of victory may be worse than the cost of defeat	[{'Science Fiction': 8}, {'Fantasy': 4}, {'Aliens': 3}, {'Adventure': 3}, {'Space': 3}, {'Fiction': 2}, {'science fiction fantasy': 2}, {'Space Opera': 2}, {'adult': 1}, {'War': 1}, {'Diverse Characters': 18}, {'Strong Character Development': 14}, {'A mix driven': 14}, {'Loveable Characters': 14}, {'Plot driven': 5}, {'Weak Character Development': 4}, {'Unloveable Characters': 4}, {'Tense': 1}, {'adventurous': 1}, {'medium-paced': 1}, {'Adventurous': 23}, {'tense': 14}, {'dark': 9}, {'mysterious': 9}, {'emotional': 9}, {'sad': 7}, {'hopeful': 4}, {'reflective': 3}, {'funny': 3}, {'challenging': 2}]
87		Leviathan Falls	James S. A. Corey	2021	Recorded Books	The Laconian Empire has fallen, setting the thirteen hundred solar systems free from the rule of Winston Duarte. But the ancient enemy that killed the gate builders is awake, and the war against our universe has begun again. In the dead system of Adro, Elvi Okoye leads a desperate scientific mission to understand what the gate builders were and what destroyed them, even if it means compromising herself and the half-alien children who bear the weight of her investigation. Through the wide-flung systems of humanity, Colonel Aliana Tanaka hunts for Duarte's missing daughter. . . and the shattered emperor himself. And on the Rocinante, James Holden and his crew struggle to build a future for humanity out of the shards and ruins of all that has come before. As nearly unimaginable forces prepare to annihilate all human life, Holden and a group of unlikely allies discover a last, desperate chance to unite all of humanity, with the promise of a vast galactic civilization free from wars, factions, lies, and secrets if they win. But the price of victory may be worse than the cost of defeat	[{'Science Fiction': 8}, {'Fantasy': 4}, {'Aliens': 3}, {'Adventure': 3}, {'Space': 3}, {'Fiction': 2}, {'science fiction fantasy': 2}, {'Space Opera': 2}, {'adult': 1}, {'War': 1}, {'Diverse Characters': 18}, {'Strong Character Development': 14}, {'A mix driven': 14}, {'Loveable Characters': 14}, {'Plot driven': 5}, {'Weak Character Development': 4}, {'Unloveable Characters': 4}, {'Tense': 1}, {'adventurous': 1}, {'medium-paced': 1}, {'Adventurous': 23}, {'tense': 14}, {'dark': 9}, {'mysterious': 9}, {'emotional': 9}, {'sad': 7}, {'hopeful': 4}, {'reflective': 3}, {'funny': 3}, {'challenging': 2}]
87	9780356510385	Leviathan Falls	James S. A. Corey	2021	Orbit	The Laconian Empire has fallen, setting the thirteen hundred solar systems free from the rule of Winston Duarte. But the ancient enemy that killed the gate builders is awake, and the war against our universe has begun again. In the dead system of Adro, Elvi Okoye leads a desperate scientific mission to understand what the gate builders were and what destroyed them, even if it means compromising herself and the half-alien children who bear the weight of her investigation. Through the wide-flung systems of humanity, Colonel Aliana Tanaka hunts for Duarte's missing daughter. . . and the shattered emperor himself. And on the Rocinante, James Holden and his crew struggle to build a future for humanity out of the shards and ruins of all that has come before. As nearly unimaginable forces prepare to annihilate all human life, Holden and a group of unlikely allies discover a last, desperate chance to unite all of humanity, with the promise of a vast galactic civilization free from wars, factions, lies, and secrets if they win. But the price of victory may be worse than the cost of defeat	[{'Science Fiction': 8}, {'Fantasy': 4}, {'Aliens': 3}, {'Adventure': 3}, {'Space': 3}, {'Fiction': 2}, {'science fiction fantasy': 2}, {'Space Opera': 2}, {'adult': 1}, {'War': 1}, {'Diverse Characters': 18}, {'Strong Character Development': 14}, {'A mix driven': 14}, {'Loveable Characters': 14}, {'Plot driven': 5}, {'Weak Character Development': 4}, {'Unloveable Characters': 4}, {'Tense': 1}, {'adventurous': 1}, {'medium-paced': 1}, {'Adventurous': 23}, {'tense': 14}, {'dark': 9}, {'mysterious': 9}, {'emotional': 9}, {'sad': 7}, {'hopeful': 4}, {'reflective': 3}, {'funny': 3}, {'challenging': 2}]
87	9780356510378	Leviathan Falls	James S. A. Corey	2021	Hachette UK	The Laconian Empire has fallen, setting the thirteen hundred solar systems free from the rule of Winston Duarte. But the ancient enemy that killed the gate builders is awake, and the war against our universe has begun again. In the dead system of Adro, Elvi Okoye leads a desperate scientific mission to understand what the gate builders were and what destroyed them, even if it means compromising herself and the half-alien children who bear the weight of her investigation. Through the wide-flung systems of humanity, Colonel Aliana Tanaka hunts for Duarte's missing daughter. . . and the shattered emperor himself. And on the Rocinante, James Holden and his crew struggle to build a future for humanity out of the shards and ruins of all that has come before. As nearly unimaginable forces prepare to annihilate all human life, Holden and a group of unlikely allies discover a last, desperate chance to unite all of humanity, with the promise of a vast galactic civilization free from wars, factions, lies, and secrets if they win. But the price of victory may be worse than the cost of defeat	[{'Science Fiction': 8}, {'Fantasy': 4}, {'Aliens': 3}, {'Adventure': 3}, {'Space': 3}, {'Fiction': 2}, {'science fiction fantasy': 2}, {'Space Opera': 2}, {'adult': 1}, {'War': 1}, {'Diverse Characters': 18}, {'Strong Character Development': 14}, {'A mix driven': 14}, {'Loveable Characters': 14}, {'Plot driven': 5}, {'Weak Character Development': 4}, {'Unloveable Characters': 4}, {'Tense': 1}, {'adventurous': 1}, {'medium-paced': 1}, {'Adventurous': 23}, {'tense': 14}, {'dark': 9}, {'mysterious': 9}, {'emotional': 9}, {'sad': 7}, {'hopeful': 4}, {'reflective': 3}, {'funny': 3}, {'challenging': 2}]
88	9780765387448	The Witness for the Dead	Katherine Addison	2021	Tor Books	"A standalone novel in the fantastic world of Katherine Addison's award-winning The Goblin Emperor.

When young half-goblin emperor Maia sought to learn who had killed his father and half-brothers in The Goblin Emperor, he turned to an obscure resident of his court, a Witness for The Dead named Thara Celehar.

Now, far from the court, Thara Celehar lives in quasi-exile, neither courtier nor prelate, serving the common people of the city. He lives modestly, communicating with the dead as is his duty.

But his decency and fundamental honesty will not permit him to live quietly. Celehar will follow the truth wherever it leads him no matter who may be implicated in murder, fraud, or ancient injustices."	[{'Fantasy': 2}, {'LGBTQ': 2}, {'Fiction': 1}, {'Mystery': 1}, {'Suspense': 1}, {'Science Fiction': 1}, {'Young Adult': 1}, {'Loveable Characters': 5}, {'Weak Character Development': 3}, {'A mix driven': 3}, {'Diverse Characters': 2}, {'Not Diverse Characters': 2}, {'Plot driven': 2}, {'from-audible': 1}, {'Strong Character Development': 1}, {'Character driven': 1}, {'mysterious': 7}, {'emotional': 3}, {'sad': 3}, {'reflective': 2}, {'tense': 2}, {'relaxing': 1}, {'Adventurous': 1}, {'dark': 1}]
88	9780765387431	The Witness for the Dead	Katherine Addison	2021	Tor Books	"A standalone novel in the fantastic world of Katherine Addison's award-winning The Goblin Emperor.

When young half-goblin emperor Maia sought to learn who had killed his father and half-brothers in The Goblin Emperor, he turned to an obscure resident of his court, a Witness for The Dead named Thara Celehar.

Now, far from the court, Thara Celehar lives in quasi-exile, neither courtier nor prelate, serving the common people of the city. He lives modestly, communicating with the dead as is his duty.

But his decency and fundamental honesty will not permit him to live quietly. Celehar will follow the truth wherever it leads him no matter who may be implicated in murder, fraud, or ancient injustices."	[{'Fantasy': 2}, {'LGBTQ': 2}, {'Fiction': 1}, {'Mystery': 1}, {'Suspense': 1}, {'Science Fiction': 1}, {'Young Adult': 1}, {'Loveable Characters': 5}, {'Weak Character Development': 3}, {'A mix driven': 3}, {'Diverse Characters': 2}, {'Not Diverse Characters': 2}, {'Plot driven': 2}, {'from-audible': 1}, {'Strong Character Development': 1}, {'Character driven': 1}, {'mysterious': 7}, {'emotional': 3}, {'sad': 3}, {'reflective': 2}, {'tense': 2}, {'relaxing': 1}, {'Adventurous': 1}, {'dark': 1}]
88	9781250807892	The Witness for the Dead	Katherine Addison	2021	Macmillan Audio	"A standalone novel in the fantastic world of Katherine Addison's award-winning The Goblin Emperor.

When young half-goblin emperor Maia sought to learn who had killed his father and half-brothers in The Goblin Emperor, he turned to an obscure resident of his court, a Witness for The Dead named Thara Celehar.

Now, far from the court, Thara Celehar lives in quasi-exile, neither courtier nor prelate, serving the common people of the city. He lives modestly, communicating with the dead as is his duty.

But his decency and fundamental honesty will not permit him to live quietly. Celehar will follow the truth wherever it leads him no matter who may be implicated in murder, fraud, or ancient injustices."	[{'Fantasy': 2}, {'LGBTQ': 2}, {'Fiction': 1}, {'Mystery': 1}, {'Suspense': 1}, {'Science Fiction': 1}, {'Young Adult': 1}, {'Loveable Characters': 5}, {'Weak Character Development': 3}, {'A mix driven': 3}, {'Diverse Characters': 2}, {'Not Diverse Characters': 2}, {'Plot driven': 2}, {'from-audible': 1}, {'Strong Character Development': 1}, {'Character driven': 1}, {'mysterious': 7}, {'emotional': 3}, {'sad': 3}, {'reflective': 2}, {'tense': 2}, {'relaxing': 1}, {'Adventurous': 1}, {'dark': 1}]
88	9781781089514	The Witness for the Dead	Katherine Addison	2021	Solaris	"A standalone novel in the fantastic world of Katherine Addison's award-winning The Goblin Emperor.

When young half-goblin emperor Maia sought to learn who had killed his father and half-brothers in The Goblin Emperor, he turned to an obscure resident of his court, a Witness for The Dead named Thara Celehar.

Now, far from the court, Thara Celehar lives in quasi-exile, neither courtier nor prelate, serving the common people of the city. He lives modestly, communicating with the dead as is his duty.

But his decency and fundamental honesty will not permit him to live quietly. Celehar will follow the truth wherever it leads him no matter who may be implicated in murder, fraud, or ancient injustices."	[{'Fantasy': 2}, {'LGBTQ': 2}, {'Fiction': 1}, {'Mystery': 1}, {'Suspense': 1}, {'Science Fiction': 1}, {'Young Adult': 1}, {'Loveable Characters': 5}, {'Weak Character Development': 3}, {'A mix driven': 3}, {'Diverse Characters': 2}, {'Not Diverse Characters': 2}, {'Plot driven': 2}, {'from-audible': 1}, {'Strong Character Development': 1}, {'Character driven': 1}, {'mysterious': 7}, {'emotional': 3}, {'sad': 3}, {'reflective': 2}, {'tense': 2}, {'relaxing': 1}, {'Adventurous': 1}, {'dark': 1}]
88		The Witness for the Dead	Katherine Addison, Sarah Monette	2021	Tor Books	"A standalone novel in the fantastic world of Katherine Addison's award-winning The Goblin Emperor.

When young half-goblin emperor Maia sought to learn who had killed his father and half-brothers in The Goblin Emperor, he turned to an obscure resident of his court, a Witness for The Dead named Thara Celehar.

Now, far from the court, Thara Celehar lives in quasi-exile, neither courtier nor prelate, serving the common people of the city. He lives modestly, communicating with the dead as is his duty.

But his decency and fundamental honesty will not permit him to live quietly. Celehar will follow the truth wherever it leads him no matter who may be implicated in murder, fraud, or ancient injustices."	[{'Fantasy': 2}, {'LGBTQ': 2}, {'Fiction': 1}, {'Mystery': 1}, {'Suspense': 1}, {'Science Fiction': 1}, {'Young Adult': 1}, {'Loveable Characters': 5}, {'Weak Character Development': 3}, {'A mix driven': 3}, {'Diverse Characters': 2}, {'Not Diverse Characters': 2}, {'Plot driven': 2}, {'from-audible': 1}, {'Strong Character Development': 1}, {'Character driven': 1}, {'mysterious': 7}, {'emotional': 3}, {'sad': 3}, {'reflective': 2}, {'tense': 2}, {'relaxing': 1}, {'Adventurous': 1}, {'dark': 1}]
88	9780765387424	The Witness for the Dead	Katherine Addison	2021	Tor Books	"A standalone novel in the fantastic world of Katherine Addison's award-winning The Goblin Emperor.

When young half-goblin emperor Maia sought to learn who had killed his father and half-brothers in The Goblin Emperor, he turned to an obscure resident of his court, a Witness for The Dead named Thara Celehar.

Now, far from the court, Thara Celehar lives in quasi-exile, neither courtier nor prelate, serving the common people of the city. He lives modestly, communicating with the dead as is his duty.

But his decency and fundamental honesty will not permit him to live quietly. Celehar will follow the truth wherever it leads him no matter who may be implicated in murder, fraud, or ancient injustices."	[{'Fantasy': 2}, {'LGBTQ': 2}, {'Fiction': 1}, {'Mystery': 1}, {'Suspense': 1}, {'Science Fiction': 1}, {'Young Adult': 1}, {'Loveable Characters': 5}, {'Weak Character Development': 3}, {'A mix driven': 3}, {'Diverse Characters': 2}, {'Not Diverse Characters': 2}, {'Plot driven': 2}, {'from-audible': 1}, {'Strong Character Development': 1}, {'Character driven': 1}, {'mysterious': 7}, {'emotional': 3}, {'sad': 3}, {'reflective': 2}, {'tense': 2}, {'relaxing': 1}, {'Adventurous': 1}, {'dark': 1}]
89	9780356524337	Paladin's Strength	T. Kingfisher	2021	Orbit Books	From the Hugo and Nebula Award winning author of Swordheart and The Twisted Ones comes a saga of murder, magic, and love on the far side of despair.	[{'Fantasy': 2}, {'Romance': 2}, {'Adventure': 1}, {'Fiction': 1}, {'Science Fiction & Fantasy': 1}, {'Loveable Characters': 17}, {'A mix driven': 15}, {'Strong Character Development': 12}, {'Not Diverse Characters': 8}, {'Diverse Characters': 7}, {'Weak Character Development': 3}, {'Character driven': 1}, {'Adventurous': 19}, {'funny': 16}, {'emotional': 9}, {'lighthearted': 8}, {'mysterious': 6}, {'hopeful': 5}, {'tense': 3}, {'dark': 3}]
89		Paladin's Strength	T. Kingfisher	2021	Argyll Productions	From the Hugo and Nebula Award winning author of Swordheart and The Twisted Ones comes a saga of murder, magic, and love on the far side of despair.	[{'Fantasy': 2}, {'Romance': 2}, {'Adventure': 1}, {'Fiction': 1}, {'Science Fiction & Fantasy': 1}, {'Loveable Characters': 17}, {'A mix driven': 15}, {'Strong Character Development': 12}, {'Not Diverse Characters': 8}, {'Diverse Characters': 7}, {'Weak Character Development': 3}, {'Character driven': 1}, {'Adventurous': 19}, {'funny': 16}, {'emotional': 9}, {'lighthearted': 8}, {'mysterious': 6}, {'hopeful': 5}, {'tense': 3}, {'dark': 3}]
89	9781666135053	Paladin's Strength	T. Kingfisher	2021	Tantor Media	From the Hugo and Nebula Award winning author of Swordheart and The Twisted Ones comes a saga of murder, magic, and love on the far side of despair.	[{'Fantasy': 2}, {'Romance': 2}, {'Adventure': 1}, {'Fiction': 1}, {'Science Fiction & Fantasy': 1}, {'Loveable Characters': 17}, {'A mix driven': 15}, {'Strong Character Development': 12}, {'Not Diverse Characters': 8}, {'Diverse Characters': 7}, {'Weak Character Development': 3}, {'Character driven': 1}, {'Adventurous': 19}, {'funny': 16}, {'emotional': 9}, {'lighthearted': 8}, {'mysterious': 6}, {'hopeful': 5}, {'tense': 3}, {'dark': 3}]
89	9781614506294	Paladin's Strength	T. Kingfisher	2021	Argyll Productions	From the Hugo and Nebula Award winning author of Swordheart and The Twisted Ones comes a saga of murder, magic, and love on the far side of despair.	[{'Fantasy': 2}, {'Romance': 2}, {'Adventure': 1}, {'Fiction': 1}, {'Science Fiction & Fantasy': 1}, {'Loveable Characters': 17}, {'A mix driven': 15}, {'Strong Character Development': 12}, {'Not Diverse Characters': 8}, {'Diverse Characters': 7}, {'Weak Character Development': 3}, {'Character driven': 1}, {'Adventurous': 19}, {'funny': 16}, {'emotional': 9}, {'lighthearted': 8}, {'mysterious': 6}, {'hopeful': 5}, {'tense': 3}, {'dark': 3}]
89	9780356524320	Paladin's Strength	T. Kingfisher	2021	Hachette UK	From the Hugo and Nebula Award winning author of Swordheart and The Twisted Ones comes a saga of murder, magic, and love on the far side of despair.	[{'Fantasy': 2}, {'Romance': 2}, {'Adventure': 1}, {'Fiction': 1}, {'Science Fiction & Fantasy': 1}, {'Loveable Characters': 17}, {'A mix driven': 15}, {'Strong Character Development': 12}, {'Not Diverse Characters': 8}, {'Diverse Characters': 7}, {'Weak Character Development': 3}, {'Character driven': 1}, {'Adventurous': 19}, {'funny': 16}, {'emotional': 9}, {'lighthearted': 8}, {'mysterious': 6}, {'hopeful': 5}, {'tense': 3}, {'dark': 3}]
89	9781666135046	Paladin's Strength	T. Kingfisher	2021	Tantor Media	From the Hugo and Nebula Award winning author of Swordheart and The Twisted Ones comes a saga of murder, magic, and love on the far side of despair.	[{'Fantasy': 2}, {'Romance': 2}, {'Adventure': 1}, {'Fiction': 1}, {'Science Fiction & Fantasy': 1}, {'Loveable Characters': 17}, {'A mix driven': 15}, {'Strong Character Development': 12}, {'Not Diverse Characters': 8}, {'Diverse Characters': 7}, {'Weak Character Development': 3}, {'Character driven': 1}, {'Adventurous': 19}, {'funny': 16}, {'emotional': 9}, {'lighthearted': 8}, {'mysterious': 6}, {'hopeful': 5}, {'tense': 3}, {'dark': 3}]
89	9781393909835	Paladin's Strength	T. Kingfisher	2021	Red Wombat Studio	From the Hugo and Nebula Award winning author of Swordheart and The Twisted Ones comes a saga of murder, magic, and love on the far side of despair.	[{'Fantasy': 2}, {'Romance': 2}, {'Adventure': 1}, {'Fiction': 1}, {'Science Fiction & Fantasy': 1}, {'Loveable Characters': 17}, {'A mix driven': 15}, {'Strong Character Development': 12}, {'Not Diverse Characters': 8}, {'Diverse Characters': 7}, {'Weak Character Development': 3}, {'Character driven': 1}, {'Adventurous': 19}, {'funny': 16}, {'emotional': 9}, {'lighthearted': 8}, {'mysterious': 6}, {'hopeful': 5}, {'tense': 3}, {'dark': 3}]
89		Paladin's Strength	T. Kingfisher	2021	Tantor Media	From the Hugo and Nebula Award winning author of Swordheart and The Twisted Ones comes a saga of murder, magic, and love on the far side of despair.	[{'Fantasy': 2}, {'Romance': 2}, {'Adventure': 1}, {'Fiction': 1}, {'Science Fiction & Fantasy': 1}, {'Loveable Characters': 17}, {'A mix driven': 15}, {'Strong Character Development': 12}, {'Not Diverse Characters': 8}, {'Diverse Characters': 7}, {'Weak Character Development': 3}, {'Character driven': 1}, {'Adventurous': 19}, {'funny': 16}, {'emotional': 9}, {'lighthearted': 8}, {'mysterious': 6}, {'hopeful': 5}, {'tense': 3}, {'dark': 3}]
89	9781614505303	Paladin's Strength	T. Kingfisher	2021	Argyll Productions	From the Hugo and Nebula Award winning author of Swordheart and The Twisted Ones comes a saga of murder, magic, and love on the far side of despair.	[{'Fantasy': 2}, {'Romance': 2}, {'Adventure': 1}, {'Fiction': 1}, {'Science Fiction & Fantasy': 1}, {'Loveable Characters': 17}, {'A mix driven': 15}, {'Strong Character Development': 12}, {'Not Diverse Characters': 8}, {'Diverse Characters': 7}, {'Weak Character Development': 3}, {'Character driven': 1}, {'Adventurous': 19}, {'funny': 16}, {'emotional': 9}, {'lighthearted': 8}, {'mysterious': 6}, {'hopeful': 5}, {'tense': 3}, {'dark': 3}]
89	9781614506157	Paladin's Strength	T. Kingfisher	2021		From the Hugo and Nebula Award winning author of Swordheart and The Twisted Ones comes a saga of murder, magic, and love on the far side of despair.	[{'Fantasy': 2}, {'Romance': 2}, {'Adventure': 1}, {'Fiction': 1}, {'Science Fiction & Fantasy': 1}, {'Loveable Characters': 17}, {'A mix driven': 15}, {'Strong Character Development': 12}, {'Not Diverse Characters': 8}, {'Diverse Characters': 7}, {'Weak Character Development': 3}, {'Character driven': 1}, {'Adventurous': 19}, {'funny': 16}, {'emotional': 9}, {'lighthearted': 8}, {'mysterious': 6}, {'hopeful': 5}, {'tense': 3}, {'dark': 3}]
91	9781803360997	Nettle and Bone	T. Kingfisher	2022	Titan Books (UK)	"After years of seeing her sisters suffer at the hands of an abusive prince, Marra—the shy, convent-raised, third-born daughter—has finally realized that no one is coming to their rescue. No one, except for Marra herself.

Seeking help from a powerful gravewitch, Marra is offered the tools to kill a prince—if she can complete three impossible tasks. But, as is the way in tales of princes, witches, and daughters, the impossible is only the beginning.

On her quest, Marra is joined by the gravewitch, a reluctant fairy godmother, a strapping former knight, and a chicken possessed by a demon. Together, the five of them intend to be the hand that closes around the throat of the prince and frees Marra's family and their kingdom from its tyrannous ruler at last."	[{'Fantasy': 11}, {'Fiction': 3}, {'Horror': 2}, {'Young Adult': 1}, {'Adventure': 1}, {'Science Fiction': 1}, {'Science Fiction & Fantasy': 1}, {'Literature & Fiction': 1}, {'Classics': 0}, {'Loveable Characters': 68}, {'Strong Character Development': 49}, {'A mix driven': 41}, {'Diverse Characters': 38}, {'Not Diverse Characters': 30}, {'Weak Character Development': 25}, {'Plot driven': 24}, {'Character driven': 11}, {'Unloveable Characters': 7}, {'funny': 2}, {'Adventurous': 83}, {'dark': 51}, {'funny': 42}, {'emotional': 34}, {'mysterious': 27}, {'lighthearted': 19}, {'hopeful': 19}, {'tense': 9}, {'sad': 7}, {'inspiring': 6}]
91	9781789098280	Nettle & Bone	T. Kingfisher	2022	Titan Books	"After years of seeing her sisters suffer at the hands of an abusive prince, Marra—the shy, convent-raised, third-born daughter—has finally realized that no one is coming to their rescue. No one, except for Marra herself.

Seeking help from a powerful gravewitch, Marra is offered the tools to kill a prince—if she can complete three impossible tasks. But, as is the way in tales of princes, witches, and daughters, the impossible is only the beginning.

On her quest, Marra is joined by the gravewitch, a reluctant fairy godmother, a strapping former knight, and a chicken possessed by a demon. Together, the five of them intend to be the hand that closes around the throat of the prince and frees Marra's family and their kingdom from its tyrannous ruler at last."	[{'Fantasy': 11}, {'Fiction': 3}, {'Horror': 2}, {'Young Adult': 1}, {'Adventure': 1}, {'Science Fiction': 1}, {'Science Fiction & Fantasy': 1}, {'Literature & Fiction': 1}, {'Classics': 0}, {'Loveable Characters': 68}, {'Strong Character Development': 49}, {'A mix driven': 41}, {'Diverse Characters': 38}, {'Not Diverse Characters': 30}, {'Weak Character Development': 25}, {'Plot driven': 24}, {'Character driven': 11}, {'Unloveable Characters': 7}, {'funny': 2}, {'Adventurous': 83}, {'dark': 51}, {'funny': 42}, {'emotional': 34}, {'mysterious': 27}, {'lighthearted': 19}, {'hopeful': 19}, {'tense': 9}, {'sad': 7}, {'inspiring': 6}]
91	9781004105229	Nettle & Bone	T. Kingfisher	2022	Clipper Audiobooks	"After years of seeing her sisters suffer at the hands of an abusive prince, Marra—the shy, convent-raised, third-born daughter—has finally realized that no one is coming to their rescue. No one, except for Marra herself.

Seeking help from a powerful gravewitch, Marra is offered the tools to kill a prince—if she can complete three impossible tasks. But, as is the way in tales of princes, witches, and daughters, the impossible is only the beginning.

On her quest, Marra is joined by the gravewitch, a reluctant fairy godmother, a strapping former knight, and a chicken possessed by a demon. Together, the five of them intend to be the hand that closes around the throat of the prince and frees Marra's family and their kingdom from its tyrannous ruler at last."	[{'Fantasy': 11}, {'Fiction': 3}, {'Horror': 2}, {'Young Adult': 1}, {'Adventure': 1}, {'Science Fiction': 1}, {'Science Fiction & Fantasy': 1}, {'Literature & Fiction': 1}, {'Classics': 0}, {'Loveable Characters': 68}, {'Strong Character Development': 49}, {'A mix driven': 41}, {'Diverse Characters': 38}, {'Not Diverse Characters': 30}, {'Weak Character Development': 25}, {'Plot driven': 24}, {'Character driven': 11}, {'Unloveable Characters': 7}, {'funny': 2}, {'Adventurous': 83}, {'dark': 51}, {'funny': 42}, {'emotional': 34}, {'mysterious': 27}, {'lighthearted': 19}, {'hopeful': 19}, {'tense': 9}, {'sad': 7}, {'inspiring': 6}]
91	9781250244000	Nettle & Bone	T. Kingfisher	2022	Tor Books	"After years of seeing her sisters suffer at the hands of an abusive prince, Marra—the shy, convent-raised, third-born daughter—has finally realized that no one is coming to their rescue. No one, except for Marra herself.

Seeking help from a powerful gravewitch, Marra is offered the tools to kill a prince—if she can complete three impossible tasks. But, as is the way in tales of princes, witches, and daughters, the impossible is only the beginning.

On her quest, Marra is joined by the gravewitch, a reluctant fairy godmother, a strapping former knight, and a chicken possessed by a demon. Together, the five of them intend to be the hand that closes around the throat of the prince and frees Marra's family and their kingdom from its tyrannous ruler at last."	[{'Fantasy': 11}, {'Fiction': 3}, {'Horror': 2}, {'Young Adult': 1}, {'Adventure': 1}, {'Science Fiction': 1}, {'Science Fiction & Fantasy': 1}, {'Literature & Fiction': 1}, {'Classics': 0}, {'Loveable Characters': 68}, {'Strong Character Development': 49}, {'A mix driven': 41}, {'Diverse Characters': 38}, {'Not Diverse Characters': 30}, {'Weak Character Development': 25}, {'Plot driven': 24}, {'Character driven': 11}, {'Unloveable Characters': 7}, {'funny': 2}, {'Adventurous': 83}, {'dark': 51}, {'funny': 42}, {'emotional': 34}, {'mysterious': 27}, {'lighthearted': 19}, {'hopeful': 19}, {'tense': 9}, {'sad': 7}, {'inspiring': 6}]
91		Nettle & Bone	T. Kingfisher	2022	Tor Books	"After years of seeing her sisters suffer at the hands of an abusive prince, Marra—the shy, convent-raised, third-born daughter—has finally realized that no one is coming to their rescue. No one, except for Marra herself.

Seeking help from a powerful gravewitch, Marra is offered the tools to kill a prince—if she can complete three impossible tasks. But, as is the way in tales of princes, witches, and daughters, the impossible is only the beginning.

On her quest, Marra is joined by the gravewitch, a reluctant fairy godmother, a strapping former knight, and a chicken possessed by a demon. Together, the five of them intend to be the hand that closes around the throat of the prince and frees Marra's family and their kingdom from its tyrannous ruler at last."	[{'Fantasy': 11}, {'Fiction': 3}, {'Horror': 2}, {'Young Adult': 1}, {'Adventure': 1}, {'Science Fiction': 1}, {'Science Fiction & Fantasy': 1}, {'Literature & Fiction': 1}, {'Classics': 0}, {'Loveable Characters': 68}, {'Strong Character Development': 49}, {'A mix driven': 41}, {'Diverse Characters': 38}, {'Not Diverse Characters': 30}, {'Weak Character Development': 25}, {'Plot driven': 24}, {'Character driven': 11}, {'Unloveable Characters': 7}, {'funny': 2}, {'Adventurous': 83}, {'dark': 51}, {'funny': 42}, {'emotional': 34}, {'mysterious': 27}, {'lighthearted': 19}, {'hopeful': 19}, {'tense': 9}, {'sad': 7}, {'inspiring': 6}]
91	9781250874573	Nettle & Bone Sneak Peek	T. Kingfisher	2022	Tor Books	"After years of seeing her sisters suffer at the hands of an abusive prince, Marra—the shy, convent-raised, third-born daughter—has finally realized that no one is coming to their rescue. No one, except for Marra herself.

Seeking help from a powerful gravewitch, Marra is offered the tools to kill a prince—if she can complete three impossible tasks. But, as is the way in tales of princes, witches, and daughters, the impossible is only the beginning.

On her quest, Marra is joined by the gravewitch, a reluctant fairy godmother, a strapping former knight, and a chicken possessed by a demon. Together, the five of them intend to be the hand that closes around the throat of the prince and frees Marra's family and their kingdom from its tyrannous ruler at last."	[{'Fantasy': 11}, {'Fiction': 3}, {'Horror': 2}, {'Young Adult': 1}, {'Adventure': 1}, {'Science Fiction': 1}, {'Science Fiction & Fantasy': 1}, {'Literature & Fiction': 1}, {'Classics': 0}, {'Loveable Characters': 68}, {'Strong Character Development': 49}, {'A mix driven': 41}, {'Diverse Characters': 38}, {'Not Diverse Characters': 30}, {'Weak Character Development': 25}, {'Plot driven': 24}, {'Character driven': 11}, {'Unloveable Characters': 7}, {'funny': 2}, {'Adventurous': 83}, {'dark': 51}, {'funny': 42}, {'emotional': 34}, {'mysterious': 27}, {'lighthearted': 19}, {'hopeful': 19}, {'tense': 9}, {'sad': 7}, {'inspiring': 6}]
91	9781250824776	Nettle & Bone	T. Kingfisher	2022	Macmillan Audio	"After years of seeing her sisters suffer at the hands of an abusive prince, Marra—the shy, convent-raised, third-born daughter—has finally realized that no one is coming to their rescue. No one, except for Marra herself.

Seeking help from a powerful gravewitch, Marra is offered the tools to kill a prince—if she can complete three impossible tasks. But, as is the way in tales of princes, witches, and daughters, the impossible is only the beginning.

On her quest, Marra is joined by the gravewitch, a reluctant fairy godmother, a strapping former knight, and a chicken possessed by a demon. Together, the five of them intend to be the hand that closes around the throat of the prince and frees Marra's family and their kingdom from its tyrannous ruler at last."	[{'Fantasy': 11}, {'Fiction': 3}, {'Horror': 2}, {'Young Adult': 1}, {'Adventure': 1}, {'Science Fiction': 1}, {'Science Fiction & Fantasy': 1}, {'Literature & Fiction': 1}, {'Classics': 0}, {'Loveable Characters': 68}, {'Strong Character Development': 49}, {'A mix driven': 41}, {'Diverse Characters': 38}, {'Not Diverse Characters': 30}, {'Weak Character Development': 25}, {'Plot driven': 24}, {'Character driven': 11}, {'Unloveable Characters': 7}, {'funny': 2}, {'Adventurous': 83}, {'dark': 51}, {'funny': 42}, {'emotional': 34}, {'mysterious': 27}, {'lighthearted': 19}, {'hopeful': 19}, {'tense': 9}, {'sad': 7}, {'inspiring': 6}]
91	9781250244048	Nettle & Bone	T. Kingfisher	2022	Tor Books	"After years of seeing her sisters suffer at the hands of an abusive prince, Marra—the shy, convent-raised, third-born daughter—has finally realized that no one is coming to their rescue. No one, except for Marra herself.

Seeking help from a powerful gravewitch, Marra is offered the tools to kill a prince—if she can complete three impossible tasks. But, as is the way in tales of princes, witches, and daughters, the impossible is only the beginning.

On her quest, Marra is joined by the gravewitch, a reluctant fairy godmother, a strapping former knight, and a chicken possessed by a demon. Together, the five of them intend to be the hand that closes around the throat of the prince and frees Marra's family and their kingdom from its tyrannous ruler at last."	[{'Fantasy': 11}, {'Fiction': 3}, {'Horror': 2}, {'Young Adult': 1}, {'Adventure': 1}, {'Science Fiction': 1}, {'Science Fiction & Fantasy': 1}, {'Literature & Fiction': 1}, {'Classics': 0}, {'Loveable Characters': 68}, {'Strong Character Development': 49}, {'A mix driven': 41}, {'Diverse Characters': 38}, {'Not Diverse Characters': 30}, {'Weak Character Development': 25}, {'Plot driven': 24}, {'Character driven': 11}, {'Unloveable Characters': 7}, {'funny': 2}, {'Adventurous': 83}, {'dark': 51}, {'funny': 42}, {'emotional': 34}, {'mysterious': 27}, {'lighthearted': 19}, {'hopeful': 19}, {'tense': 9}, {'sad': 7}, {'inspiring': 6}]
91	9781250876195	Nettle & Bone	T. Kingfisher	2022	Macmillan Audio	"After years of seeing her sisters suffer at the hands of an abusive prince, Marra—the shy, convent-raised, third-born daughter—has finally realized that no one is coming to their rescue. No one, except for Marra herself.

Seeking help from a powerful gravewitch, Marra is offered the tools to kill a prince—if she can complete three impossible tasks. But, as is the way in tales of princes, witches, and daughters, the impossible is only the beginning.

On her quest, Marra is joined by the gravewitch, a reluctant fairy godmother, a strapping former knight, and a chicken possessed by a demon. Together, the five of them intend to be the hand that closes around the throat of the prince and frees Marra's family and their kingdom from its tyrannous ruler at last."	[{'Fantasy': 11}, {'Fiction': 3}, {'Horror': 2}, {'Young Adult': 1}, {'Adventure': 1}, {'Science Fiction': 1}, {'Science Fiction & Fantasy': 1}, {'Literature & Fiction': 1}, {'Classics': 0}, {'Loveable Characters': 68}, {'Strong Character Development': 49}, {'A mix driven': 41}, {'Diverse Characters': 38}, {'Not Diverse Characters': 30}, {'Weak Character Development': 25}, {'Plot driven': 24}, {'Character driven': 11}, {'Unloveable Characters': 7}, {'funny': 2}, {'Adventurous': 83}, {'dark': 51}, {'funny': 42}, {'emotional': 34}, {'mysterious': 27}, {'lighthearted': 19}, {'hopeful': 19}, {'tense': 9}, {'sad': 7}, {'inspiring': 6}]
91	9781250244031	Nettle & Bone	T. Kingfisher	2022	Tor Books	"After years of seeing her sisters suffer at the hands of an abusive prince, Marra—the shy, convent-raised, third-born daughter—has finally realized that no one is coming to their rescue. No one, except for Marra herself.

Seeking help from a powerful gravewitch, Marra is offered the tools to kill a prince—if she can complete three impossible tasks. But, as is the way in tales of princes, witches, and daughters, the impossible is only the beginning.

On her quest, Marra is joined by the gravewitch, a reluctant fairy godmother, a strapping former knight, and a chicken possessed by a demon. Together, the five of them intend to be the hand that closes around the throat of the prince and frees Marra's family and their kingdom from its tyrannous ruler at last."	[{'Fantasy': 11}, {'Fiction': 3}, {'Horror': 2}, {'Young Adult': 1}, {'Adventure': 1}, {'Science Fiction': 1}, {'Science Fiction & Fantasy': 1}, {'Literature & Fiction': 1}, {'Classics': 0}, {'Loveable Characters': 68}, {'Strong Character Development': 49}, {'A mix driven': 41}, {'Diverse Characters': 38}, {'Not Diverse Characters': 30}, {'Weak Character Development': 25}, {'Plot driven': 24}, {'Character driven': 11}, {'Unloveable Characters': 7}, {'funny': 2}, {'Adventurous': 83}, {'dark': 51}, {'funny': 42}, {'emotional': 34}, {'mysterious': 27}, {'lighthearted': 19}, {'hopeful': 19}, {'tense': 9}, {'sad': 7}, {'inspiring': 6}]
91	9781789098273	Nettle & Bone	T. Kingfisher	2022	Titan Books Limited	"After years of seeing her sisters suffer at the hands of an abusive prince, Marra—the shy, convent-raised, third-born daughter—has finally realized that no one is coming to their rescue. No one, except for Marra herself.

Seeking help from a powerful gravewitch, Marra is offered the tools to kill a prince—if she can complete three impossible tasks. But, as is the way in tales of princes, witches, and daughters, the impossible is only the beginning.

On her quest, Marra is joined by the gravewitch, a reluctant fairy godmother, a strapping former knight, and a chicken possessed by a demon. Together, the five of them intend to be the hand that closes around the throat of the prince and frees Marra's family and their kingdom from its tyrannous ruler at last."	[{'Fantasy': 11}, {'Fiction': 3}, {'Horror': 2}, {'Young Adult': 1}, {'Adventure': 1}, {'Science Fiction': 1}, {'Science Fiction & Fantasy': 1}, {'Literature & Fiction': 1}, {'Classics': 0}, {'Loveable Characters': 68}, {'Strong Character Development': 49}, {'A mix driven': 41}, {'Diverse Characters': 38}, {'Not Diverse Characters': 30}, {'Weak Character Development': 25}, {'Plot driven': 24}, {'Character driven': 11}, {'Unloveable Characters': 7}, {'funny': 2}, {'Adventurous': 83}, {'dark': 51}, {'funny': 42}, {'emotional': 34}, {'mysterious': 27}, {'lighthearted': 19}, {'hopeful': 19}, {'tense': 9}, {'sad': 7}, {'inspiring': 6}]
92	9781250813909	The Grief of Stones	Katherine Addison	2022	Tor Books	In The Grief of Stones, Katherine Addison returns to the world of The Goblin Emperor with a direct sequel to The Witness For The Dead... Celehar's life as the Witness for the Dead of Amalo grows less isolated as his circle of friends grows larger. He has been given an apprentice to teach, and he has stumbled over a scandal of the city--the foundling girls. Orphans with no family to claim them and no funds to buy an apprenticeship. Foundling boys go to the Prelacies; foundling girls are sold into service, or worse. At once touching and shattering, Celehar's witnessing for one of these girls will lead him into the depths of his own losses. The love of his friends will lead him out again.	[{'Fantasy': 2}, {'LGBTQ': 2}, {'Young Adult': 1}, {'Fiction': 1}, {'Science Fiction': 1}, {'Mystery': 1}, {'Loveable Characters': 3}, {'A mix driven': 2}, {'Weak Character Development': 2}, {'Not Diverse Characters': 2}, {'Strong Character Development': 1}, {'Plot driven': 1}, {'sad': 2}, {'dark': 2}, {'emotional': 1}, {'funny': 1}, {'hopeful': 1}, {'Adventurous': 1}, {'reflective': 1}]
92	9781250813893	The Grief of Stones	Katherine Addison	2022	Tor Books	In The Grief of Stones, Katherine Addison returns to the world of The Goblin Emperor with a direct sequel to The Witness For The Dead... Celehar's life as the Witness for the Dead of Amalo grows less isolated as his circle of friends grows larger. He has been given an apprentice to teach, and he has stumbled over a scandal of the city--the foundling girls. Orphans with no family to claim them and no funds to buy an apprenticeship. Foundling boys go to the Prelacies; foundling girls are sold into service, or worse. At once touching and shattering, Celehar's witnessing for one of these girls will lead him into the depths of his own losses. The love of his friends will lead him out again.	[{'Fantasy': 2}, {'LGBTQ': 2}, {'Young Adult': 1}, {'Fiction': 1}, {'Science Fiction': 1}, {'Mystery': 1}, {'Loveable Characters': 3}, {'A mix driven': 2}, {'Weak Character Development': 2}, {'Not Diverse Characters': 2}, {'Strong Character Development': 1}, {'Plot driven': 1}, {'sad': 2}, {'dark': 2}, {'emotional': 1}, {'funny': 1}, {'hopeful': 1}, {'Adventurous': 1}, {'reflective': 1}]
92	9781786187437	The Grief of Stones	Katherine Addison	2022	Rebellion Publishing Ltd	In The Grief of Stones, Katherine Addison returns to the world of The Goblin Emperor with a direct sequel to The Witness For The Dead... Celehar's life as the Witness for the Dead of Amalo grows less isolated as his circle of friends grows larger. He has been given an apprentice to teach, and he has stumbled over a scandal of the city--the foundling girls. Orphans with no family to claim them and no funds to buy an apprenticeship. Foundling boys go to the Prelacies; foundling girls are sold into service, or worse. At once touching and shattering, Celehar's witnessing for one of these girls will lead him into the depths of his own losses. The love of his friends will lead him out again.	[{'Fantasy': 2}, {'LGBTQ': 2}, {'Young Adult': 1}, {'Fiction': 1}, {'Science Fiction': 1}, {'Mystery': 1}, {'Loveable Characters': 3}, {'A mix driven': 2}, {'Weak Character Development': 2}, {'Not Diverse Characters': 2}, {'Strong Character Development': 1}, {'Plot driven': 1}, {'sad': 2}, {'dark': 2}, {'emotional': 1}, {'funny': 1}, {'hopeful': 1}, {'Adventurous': 1}, {'reflective': 1}]
92		The Grief of Stones	Katherine Addison	2022	Macmillan Audio	In The Grief of Stones, Katherine Addison returns to the world of The Goblin Emperor with a direct sequel to The Witness For The Dead... Celehar's life as the Witness for the Dead of Amalo grows less isolated as his circle of friends grows larger. He has been given an apprentice to teach, and he has stumbled over a scandal of the city--the foundling girls. Orphans with no family to claim them and no funds to buy an apprenticeship. Foundling boys go to the Prelacies; foundling girls are sold into service, or worse. At once touching and shattering, Celehar's witnessing for one of these girls will lead him into the depths of his own losses. The love of his friends will lead him out again.	[{'Fantasy': 2}, {'LGBTQ': 2}, {'Young Adult': 1}, {'Fiction': 1}, {'Science Fiction': 1}, {'Mystery': 1}, {'Loveable Characters': 3}, {'A mix driven': 2}, {'Weak Character Development': 2}, {'Not Diverse Characters': 2}, {'Strong Character Development': 1}, {'Plot driven': 1}, {'sad': 2}, {'dark': 2}, {'emotional': 1}, {'funny': 1}, {'hopeful': 1}, {'Adventurous': 1}, {'reflective': 1}]
92	9781250813916	The Grief of Stones	Katherine Addison	2022	Tor Books	In The Grief of Stones, Katherine Addison returns to the world of The Goblin Emperor with a direct sequel to The Witness For The Dead... Celehar's life as the Witness for the Dead of Amalo grows less isolated as his circle of friends grows larger. He has been given an apprentice to teach, and he has stumbled over a scandal of the city--the foundling girls. Orphans with no family to claim them and no funds to buy an apprenticeship. Foundling boys go to the Prelacies; foundling girls are sold into service, or worse. At once touching and shattering, Celehar's witnessing for one of these girls will lead him into the depths of his own losses. The love of his friends will lead him out again.	[{'Fantasy': 2}, {'LGBTQ': 2}, {'Young Adult': 1}, {'Fiction': 1}, {'Science Fiction': 1}, {'Mystery': 1}, {'Loveable Characters': 3}, {'A mix driven': 2}, {'Weak Character Development': 2}, {'Not Diverse Characters': 2}, {'Strong Character Development': 1}, {'Plot driven': 1}, {'sad': 2}, {'dark': 2}, {'emotional': 1}, {'funny': 1}, {'hopeful': 1}, {'Adventurous': 1}, {'reflective': 1}]
92		The Grief of Stones	Katherine Addison	2022	Tor Books	In The Grief of Stones, Katherine Addison returns to the world of The Goblin Emperor with a direct sequel to The Witness For The Dead... Celehar's life as the Witness for the Dead of Amalo grows less isolated as his circle of friends grows larger. He has been given an apprentice to teach, and he has stumbled over a scandal of the city--the foundling girls. Orphans with no family to claim them and no funds to buy an apprenticeship. Foundling boys go to the Prelacies; foundling girls are sold into service, or worse. At once touching and shattering, Celehar's witnessing for one of these girls will lead him into the depths of his own losses. The love of his friends will lead him out again.	[{'Fantasy': 2}, {'LGBTQ': 2}, {'Young Adult': 1}, {'Fiction': 1}, {'Science Fiction': 1}, {'Mystery': 1}, {'Loveable Characters': 3}, {'A mix driven': 2}, {'Weak Character Development': 2}, {'Not Diverse Characters': 2}, {'Strong Character Development': 1}, {'Plot driven': 1}, {'sad': 2}, {'dark': 2}, {'emotional': 1}, {'funny': 1}, {'hopeful': 1}, {'Adventurous': 1}, {'reflective': 1}]
92	9781786187444	The Grief of Stones	Katherine Addison	2022	Solaris	In The Grief of Stones, Katherine Addison returns to the world of The Goblin Emperor with a direct sequel to The Witness For The Dead... Celehar's life as the Witness for the Dead of Amalo grows less isolated as his circle of friends grows larger. He has been given an apprentice to teach, and he has stumbled over a scandal of the city--the foundling girls. Orphans with no family to claim them and no funds to buy an apprenticeship. Foundling boys go to the Prelacies; foundling girls are sold into service, or worse. At once touching and shattering, Celehar's witnessing for one of these girls will lead him into the depths of his own losses. The love of his friends will lead him out again.	[{'Fantasy': 2}, {'LGBTQ': 2}, {'Young Adult': 1}, {'Fiction': 1}, {'Science Fiction': 1}, {'Mystery': 1}, {'Loveable Characters': 3}, {'A mix driven': 2}, {'Weak Character Development': 2}, {'Not Diverse Characters': 2}, {'Strong Character Development': 1}, {'Plot driven': 1}, {'sad': 2}, {'dark': 2}, {'emotional': 1}, {'funny': 1}, {'hopeful': 1}, {'Adventurous': 1}, {'reflective': 1}]
93	9781614506096	Paladin's Faith	T. Kingfisher	2023	Argyll Productions	Marguerite Florian has spent her life acquiring and selling information, using whatever means necessary. When she falls afoul of a powerful former employer, her usual methods of self-preservation no longer work. Fortunately, she has collected enough favors to attempt an audacious scheme to undermine her enemies. With the service of Shane, a paladin of a dead god and much too handsome for his own good, Marguerite will be forced to navigate a glittering and dangerous court, northern wilds, and the cult of a demon in a brazen attempt to destabilize an entire economy. Intrigue and violence were to be expected, but is Marguerite prepared for the battle for her soul-and her heart?	[{'Fantasy': 3}, {'Adventure': 1}, {'Fiction': 1}, {'Romance': 1}, {'Strong Character Development': 9}, {'Loveable Characters': 9}, {'A mix driven': 8}, {'Diverse Characters': 5}, {'Not Diverse Characters': 4}, {'Plot driven': 3}, {'Weak Character Development': 2}, {'Unloveable Characters': 1}, {'Adventurous': 10}, {'emotional': 7}, {'funny': 7}, {'lighthearted': 5}, {'hopeful': 4}, {'inspiring': 1}, {'challenging': 1}]
93	9780356524368	Paladin's Faith	T. Kingfisher	2023	Argyll Productions	Marguerite Florian has spent her life acquiring and selling information, using whatever means necessary. When she falls afoul of a powerful former employer, her usual methods of self-preservation no longer work. Fortunately, she has collected enough favors to attempt an audacious scheme to undermine her enemies. With the service of Shane, a paladin of a dead god and much too handsome for his own good, Marguerite will be forced to navigate a glittering and dangerous court, northern wilds, and the cult of a demon in a brazen attempt to destabilize an entire economy. Intrigue and violence were to be expected, but is Marguerite prepared for the battle for her soul-and her heart?	[{'Fantasy': 3}, {'Adventure': 1}, {'Fiction': 1}, {'Romance': 1}, {'Strong Character Development': 9}, {'Loveable Characters': 9}, {'A mix driven': 8}, {'Diverse Characters': 5}, {'Not Diverse Characters': 4}, {'Plot driven': 3}, {'Weak Character Development': 2}, {'Unloveable Characters': 1}, {'Adventurous': 10}, {'emotional': 7}, {'funny': 7}, {'lighthearted': 5}, {'hopeful': 4}, {'inspiring': 1}, {'challenging': 1}]
93	9780356524375	Paladin's Faith	T. Kingfisher	2023	Orbit Books	Marguerite Florian has spent her life acquiring and selling information, using whatever means necessary. When she falls afoul of a powerful former employer, her usual methods of self-preservation no longer work. Fortunately, she has collected enough favors to attempt an audacious scheme to undermine her enemies. With the service of Shane, a paladin of a dead god and much too handsome for his own good, Marguerite will be forced to navigate a glittering and dangerous court, northern wilds, and the cult of a demon in a brazen attempt to destabilize an entire economy. Intrigue and violence were to be expected, but is Marguerite prepared for the battle for her soul-and her heart?	[{'Fantasy': 3}, {'Adventure': 1}, {'Fiction': 1}, {'Romance': 1}, {'Strong Character Development': 9}, {'Loveable Characters': 9}, {'A mix driven': 8}, {'Diverse Characters': 5}, {'Not Diverse Characters': 4}, {'Plot driven': 3}, {'Weak Character Development': 2}, {'Unloveable Characters': 1}, {'Adventurous': 10}, {'emotional': 7}, {'funny': 7}, {'lighthearted': 5}, {'hopeful': 4}, {'inspiring': 1}, {'challenging': 1}]
93		Paladin's Faith	T. Kingfisher	2023	Tantor Audio	Marguerite Florian has spent her life acquiring and selling information, using whatever means necessary. When she falls afoul of a powerful former employer, her usual methods of self-preservation no longer work. Fortunately, she has collected enough favors to attempt an audacious scheme to undermine her enemies. With the service of Shane, a paladin of a dead god and much too handsome for his own good, Marguerite will be forced to navigate a glittering and dangerous court, northern wilds, and the cult of a demon in a brazen attempt to destabilize an entire economy. Intrigue and violence were to be expected, but is Marguerite prepared for the battle for her soul-and her heart?	[{'Fantasy': 3}, {'Adventure': 1}, {'Fiction': 1}, {'Romance': 1}, {'Strong Character Development': 9}, {'Loveable Characters': 9}, {'A mix driven': 8}, {'Diverse Characters': 5}, {'Not Diverse Characters': 4}, {'Plot driven': 3}, {'Weak Character Development': 2}, {'Unloveable Characters': 1}, {'Adventurous': 10}, {'emotional': 7}, {'funny': 7}, {'lighthearted': 5}, {'hopeful': 4}, {'inspiring': 1}, {'challenging': 1}]
93	9798223925859	Paladin's Faith	T. Kingfisher	2023	Argyll Productions	Marguerite Florian has spent her life acquiring and selling information, using whatever means necessary. When she falls afoul of a powerful former employer, her usual methods of self-preservation no longer work. Fortunately, she has collected enough favors to attempt an audacious scheme to undermine her enemies. With the service of Shane, a paladin of a dead god and much too handsome for his own good, Marguerite will be forced to navigate a glittering and dangerous court, northern wilds, and the cult of a demon in a brazen attempt to destabilize an entire economy. Intrigue and violence were to be expected, but is Marguerite prepared for the battle for her soul-and her heart?	[{'Fantasy': 3}, {'Adventure': 1}, {'Fiction': 1}, {'Romance': 1}, {'Strong Character Development': 9}, {'Loveable Characters': 9}, {'A mix driven': 8}, {'Diverse Characters': 5}, {'Not Diverse Characters': 4}, {'Plot driven': 3}, {'Weak Character Development': 2}, {'Unloveable Characters': 1}, {'Adventurous': 10}, {'emotional': 7}, {'funny': 7}, {'lighthearted': 5}, {'hopeful': 4}, {'inspiring': 1}, {'challenging': 1}]
93	9781614506140	Paladin's Faith	T. Kingfisher	2023	Argyll Productions	Marguerite Florian has spent her life acquiring and selling information, using whatever means necessary. When she falls afoul of a powerful former employer, her usual methods of self-preservation no longer work. Fortunately, she has collected enough favors to attempt an audacious scheme to undermine her enemies. With the service of Shane, a paladin of a dead god and much too handsome for his own good, Marguerite will be forced to navigate a glittering and dangerous court, northern wilds, and the cult of a demon in a brazen attempt to destabilize an entire economy. Intrigue and violence were to be expected, but is Marguerite prepared for the battle for her soul-and her heart?	[{'Fantasy': 3}, {'Adventure': 1}, {'Fiction': 1}, {'Romance': 1}, {'Strong Character Development': 9}, {'Loveable Characters': 9}, {'A mix driven': 8}, {'Diverse Characters': 5}, {'Not Diverse Characters': 4}, {'Plot driven': 3}, {'Weak Character Development': 2}, {'Unloveable Characters': 1}, {'Adventurous': 10}, {'emotional': 7}, {'funny': 7}, {'lighthearted': 5}, {'hopeful': 4}, {'inspiring': 1}, {'challenging': 1}]
94	9780593677247	To Shape a Dragon's Breath	Moniquill Blackgoose	2023	Random House Audio	"A young Indigenous woman enters a colonizer-run dragon academy—and quickly finds herself at odds with the “approved” way of doing things—in the first book of this brilliant new fantasy series.

The remote island of Masquapaug has not seen a dragon in many generations—until fifteen-year-old Anequs finds a dragon’s egg and bonds with its hatchling. Her people are delighted, for all remember the tales of the days when dragons lived among them and danced away the storms of autumn, enabling the people to thrive. To them, Anequs is revered as Nampeshiweisit—a person in a unique relationship with a dragon.

Unfortunately for Anequs, the Anglish conquerors of her land have different opinions. They have a very specific idea of how a dragon should be raised, and who should be doing the raising—and Anequs does not meet any of their requirements. Only with great reluctance do they allow Anequs to enroll in a proper Anglish dragon school on the mainland. If she cannot succeed there, her dragon will be killed.

For a girl with no formal schooling, a non-Anglish upbringing, and a very different understanding of the history of her land, challenges abound—both socially and academically. But Anequs is smart, determined, and resolved to learn what she needs to help her dragon, even if it means teaching herself. The one thing she refuses to do, however, is become the meek Anglish miss that everyone expects.

Anequs and her dragon may be coming of age, but they’re also coming to power, and that brings an important realization: the world needs changing—and they might just be the ones to do it."	[{'Fantasy': 2}, {'Young Adult': 1}, {'Adventure': 1}, {'LGBTQ': 1}, {'Fiction': 1}, {'Science Fiction': 1}, {'Diverse Characters': 12}, {'Loveable Characters': 11}, {'Strong Character Development': 7}, {'A mix driven': 5}, {'Weak Character Development': 5}, {'Character driven': 4}, {'Plot driven': 2}, {'Unloveable Characters': 1}, {'Adventurous': 13}, {'emotional': 9}, {'hopeful': 7}, {'inspiring': 7}, {'challenging': 5}, {'reflective': 4}, {'funny': 3}, {'dark': 2}, {'tense': 2}, {'sad': 2}]
94	9780593498286	To Shape a Dragon's Breath	Moniquill Blackgoose	2023	National Geographic Books	"A young Indigenous woman enters a colonizer-run dragon academy—and quickly finds herself at odds with the “approved” way of doing things—in the first book of this brilliant new fantasy series.

The remote island of Masquapaug has not seen a dragon in many generations—until fifteen-year-old Anequs finds a dragon’s egg and bonds with its hatchling. Her people are delighted, for all remember the tales of the days when dragons lived among them and danced away the storms of autumn, enabling the people to thrive. To them, Anequs is revered as Nampeshiweisit—a person in a unique relationship with a dragon.

Unfortunately for Anequs, the Anglish conquerors of her land have different opinions. They have a very specific idea of how a dragon should be raised, and who should be doing the raising—and Anequs does not meet any of their requirements. Only with great reluctance do they allow Anequs to enroll in a proper Anglish dragon school on the mainland. If she cannot succeed there, her dragon will be killed.

For a girl with no formal schooling, a non-Anglish upbringing, and a very different understanding of the history of her land, challenges abound—both socially and academically. But Anequs is smart, determined, and resolved to learn what she needs to help her dragon, even if it means teaching herself. The one thing she refuses to do, however, is become the meek Anglish miss that everyone expects.

Anequs and her dragon may be coming of age, but they’re also coming to power, and that brings an important realization: the world needs changing—and they might just be the ones to do it."	[{'Fantasy': 2}, {'Young Adult': 1}, {'Adventure': 1}, {'LGBTQ': 1}, {'Fiction': 1}, {'Science Fiction': 1}, {'Diverse Characters': 12}, {'Loveable Characters': 11}, {'Strong Character Development': 7}, {'A mix driven': 5}, {'Weak Character Development': 5}, {'Character driven': 4}, {'Plot driven': 2}, {'Unloveable Characters': 1}, {'Adventurous': 13}, {'emotional': 9}, {'hopeful': 7}, {'inspiring': 7}, {'challenging': 5}, {'reflective': 4}, {'funny': 3}, {'dark': 2}, {'tense': 2}, {'sad': 2}]
94	9780593498293	To Shape a Dragon's Breath	Moniquill Blackgoose	2023	Del Rey	"A young Indigenous woman enters a colonizer-run dragon academy—and quickly finds herself at odds with the “approved” way of doing things—in the first book of this brilliant new fantasy series.

The remote island of Masquapaug has not seen a dragon in many generations—until fifteen-year-old Anequs finds a dragon’s egg and bonds with its hatchling. Her people are delighted, for all remember the tales of the days when dragons lived among them and danced away the storms of autumn, enabling the people to thrive. To them, Anequs is revered as Nampeshiweisit—a person in a unique relationship with a dragon.

Unfortunately for Anequs, the Anglish conquerors of her land have different opinions. They have a very specific idea of how a dragon should be raised, and who should be doing the raising—and Anequs does not meet any of their requirements. Only with great reluctance do they allow Anequs to enroll in a proper Anglish dragon school on the mainland. If she cannot succeed there, her dragon will be killed.

For a girl with no formal schooling, a non-Anglish upbringing, and a very different understanding of the history of her land, challenges abound—both socially and academically. But Anequs is smart, determined, and resolved to learn what she needs to help her dragon, even if it means teaching herself. The one thing she refuses to do, however, is become the meek Anglish miss that everyone expects.

Anequs and her dragon may be coming of age, but they’re also coming to power, and that brings an important realization: the world needs changing—and they might just be the ones to do it."	[{'Fantasy': 2}, {'Young Adult': 1}, {'Adventure': 1}, {'LGBTQ': 1}, {'Fiction': 1}, {'Science Fiction': 1}, {'Diverse Characters': 12}, {'Loveable Characters': 11}, {'Strong Character Development': 7}, {'A mix driven': 5}, {'Weak Character Development': 5}, {'Character driven': 4}, {'Plot driven': 2}, {'Unloveable Characters': 1}, {'Adventurous': 13}, {'emotional': 9}, {'hopeful': 7}, {'inspiring': 7}, {'challenging': 5}, {'reflective': 4}, {'funny': 3}, {'dark': 2}, {'tense': 2}, {'sad': 2}]
96	9781665001878	The Mercy of Gods	James S. A. Corey	2024	Recorded Books, Inc. and Blackstone Publishing	"""The Carryx – part empire, part hive – have waged wars of conquest for centuries, destroying or enslaving species across the galaxy.  Now, they are facing a great and deathless enemy. The key to their survival may rest with the humans of Anjiin.  

Caught up in academic intrigue and affairs of the heart, Dafyd Alkhor is pleased just to be an assistant to a brilliant scientist and his celebrated research team.  Then the Carryx ships descend, decimating the human population and taking the best and brightest of Anjiin society away to serve on the Carryx homeworld, and Dafyd is swept along with them.

They are dropped in the middle of a struggle they barely understand, set in a competition against the other captive species with extinction as the price of failure.  Only Dafyd and a handful of his companions see past the Darwinian contest to the deeper game that they must play to survive: learning to understand – and manipulate – the Carryx themselves.

With a noble but suicidal human rebellion on one hand and strange and murderous enemies on the other, the team pays a terrible price to become the trusted servants of their new rulers.

Dafyd Alkhor is a simple man swept up in events that are beyond his control and more vast than his imagination.  He will become the champion of humanity and its betrayer, the most hated man in history and the guardian of his people.

This is where his story begins.""-- Provided by Amazon"	[{'Science Fiction': 10}, {'Fiction': 2}, {'Space': 2}, {'War': 2}, {'Aliens': 1}, {'Space Opera': 1}, {'Sci-fi': 1}, {'Young Adult': 1}, {'Adventure': 1}, {'Dystopian': 1}, {'Diverse Characters': 21}, {'A mix driven': 20}, {'Strong Character Development': 19}, {'Unloveable Characters': 15}, {'Loveable Characters': 14}, {'Weak Character Development': 10}, {'Not Diverse Characters': 7}, {'Character driven': 5}, {'Plot driven': 3}, {'Audible': 1}, {'dark': 29}, {'Adventurous': 25}, {'tense': 18}, {'mysterious': 12}, {'sad': 9}, {'emotional': 9}, {'challenging': 5}, {'reflective': 3}, {'hopeful': 2}, {'inspiring': 1}]
96	9780316525596	The Mercy of Gods	James S. A. Corey	2024	Orbit Books	"""The Carryx – part empire, part hive – have waged wars of conquest for centuries, destroying or enslaving species across the galaxy.  Now, they are facing a great and deathless enemy. The key to their survival may rest with the humans of Anjiin.  

Caught up in academic intrigue and affairs of the heart, Dafyd Alkhor is pleased just to be an assistant to a brilliant scientist and his celebrated research team.  Then the Carryx ships descend, decimating the human population and taking the best and brightest of Anjiin society away to serve on the Carryx homeworld, and Dafyd is swept along with them.

They are dropped in the middle of a struggle they barely understand, set in a competition against the other captive species with extinction as the price of failure.  Only Dafyd and a handful of his companions see past the Darwinian contest to the deeper game that they must play to survive: learning to understand – and manipulate – the Carryx themselves.

With a noble but suicidal human rebellion on one hand and strange and murderous enemies on the other, the team pays a terrible price to become the trusted servants of their new rulers.

Dafyd Alkhor is a simple man swept up in events that are beyond his control and more vast than his imagination.  He will become the champion of humanity and its betrayer, the most hated man in history and the guardian of his people.

This is where his story begins.""-- Provided by Amazon"	[{'Science Fiction': 10}, {'Fiction': 2}, {'Space': 2}, {'War': 2}, {'Aliens': 1}, {'Space Opera': 1}, {'Sci-fi': 1}, {'Young Adult': 1}, {'Adventure': 1}, {'Dystopian': 1}, {'Diverse Characters': 21}, {'A mix driven': 20}, {'Strong Character Development': 19}, {'Unloveable Characters': 15}, {'Loveable Characters': 14}, {'Weak Character Development': 10}, {'Not Diverse Characters': 7}, {'Character driven': 5}, {'Plot driven': 3}, {'Audible': 1}, {'dark': 29}, {'Adventurous': 25}, {'tense': 18}, {'mysterious': 12}, {'sad': 9}, {'emotional': 9}, {'challenging': 5}, {'reflective': 3}, {'hopeful': 2}, {'inspiring': 1}]
96	9780356517797	The Mercy of Gods	James S. A. Corey	2024	Little, Brown Book Group	"""The Carryx – part empire, part hive – have waged wars of conquest for centuries, destroying or enslaving species across the galaxy.  Now, they are facing a great and deathless enemy. The key to their survival may rest with the humans of Anjiin.  

Caught up in academic intrigue and affairs of the heart, Dafyd Alkhor is pleased just to be an assistant to a brilliant scientist and his celebrated research team.  Then the Carryx ships descend, decimating the human population and taking the best and brightest of Anjiin society away to serve on the Carryx homeworld, and Dafyd is swept along with them.

They are dropped in the middle of a struggle they barely understand, set in a competition against the other captive species with extinction as the price of failure.  Only Dafyd and a handful of his companions see past the Darwinian contest to the deeper game that they must play to survive: learning to understand – and manipulate – the Carryx themselves.

With a noble but suicidal human rebellion on one hand and strange and murderous enemies on the other, the team pays a terrible price to become the trusted servants of their new rulers.

Dafyd Alkhor is a simple man swept up in events that are beyond his control and more vast than his imagination.  He will become the champion of humanity and its betrayer, the most hated man in history and the guardian of his people.

This is where his story begins.""-- Provided by Amazon"	[{'Science Fiction': 10}, {'Fiction': 2}, {'Space': 2}, {'War': 2}, {'Aliens': 1}, {'Space Opera': 1}, {'Sci-fi': 1}, {'Young Adult': 1}, {'Adventure': 1}, {'Dystopian': 1}, {'Diverse Characters': 21}, {'A mix driven': 20}, {'Strong Character Development': 19}, {'Unloveable Characters': 15}, {'Loveable Characters': 14}, {'Weak Character Development': 10}, {'Not Diverse Characters': 7}, {'Character driven': 5}, {'Plot driven': 3}, {'Audible': 1}, {'dark': 29}, {'Adventurous': 25}, {'tense': 18}, {'mysterious': 12}, {'sad': 9}, {'emotional': 9}, {'challenging': 5}, {'reflective': 3}, {'hopeful': 2}, {'inspiring': 1}]
96	9780316525572	The Mercy of Gods	James S. A. Corey	2024	Orbit	"""The Carryx – part empire, part hive – have waged wars of conquest for centuries, destroying or enslaving species across the galaxy.  Now, they are facing a great and deathless enemy. The key to their survival may rest with the humans of Anjiin.  

Caught up in academic intrigue and affairs of the heart, Dafyd Alkhor is pleased just to be an assistant to a brilliant scientist and his celebrated research team.  Then the Carryx ships descend, decimating the human population and taking the best and brightest of Anjiin society away to serve on the Carryx homeworld, and Dafyd is swept along with them.

They are dropped in the middle of a struggle they barely understand, set in a competition against the other captive species with extinction as the price of failure.  Only Dafyd and a handful of his companions see past the Darwinian contest to the deeper game that they must play to survive: learning to understand – and manipulate – the Carryx themselves.

With a noble but suicidal human rebellion on one hand and strange and murderous enemies on the other, the team pays a terrible price to become the trusted servants of their new rulers.

Dafyd Alkhor is a simple man swept up in events that are beyond his control and more vast than his imagination.  He will become the champion of humanity and its betrayer, the most hated man in history and the guardian of his people.

This is where his story begins.""-- Provided by Amazon"	[{'Science Fiction': 10}, {'Fiction': 2}, {'Space': 2}, {'War': 2}, {'Aliens': 1}, {'Space Opera': 1}, {'Sci-fi': 1}, {'Young Adult': 1}, {'Adventure': 1}, {'Dystopian': 1}, {'Diverse Characters': 21}, {'A mix driven': 20}, {'Strong Character Development': 19}, {'Unloveable Characters': 15}, {'Loveable Characters': 14}, {'Weak Character Development': 10}, {'Not Diverse Characters': 7}, {'Character driven': 5}, {'Plot driven': 3}, {'Audible': 1}, {'dark': 29}, {'Adventurous': 25}, {'tense': 18}, {'mysterious': 12}, {'sad': 9}, {'emotional': 9}, {'challenging': 5}, {'reflective': 3}, {'hopeful': 2}, {'inspiring': 1}]
96	9780356517803	The Mercy of Gods	James S. A. Corey	2024	Orbit	"""The Carryx – part empire, part hive – have waged wars of conquest for centuries, destroying or enslaving species across the galaxy.  Now, they are facing a great and deathless enemy. The key to their survival may rest with the humans of Anjiin.  

Caught up in academic intrigue and affairs of the heart, Dafyd Alkhor is pleased just to be an assistant to a brilliant scientist and his celebrated research team.  Then the Carryx ships descend, decimating the human population and taking the best and brightest of Anjiin society away to serve on the Carryx homeworld, and Dafyd is swept along with them.

They are dropped in the middle of a struggle they barely understand, set in a competition against the other captive species with extinction as the price of failure.  Only Dafyd and a handful of his companions see past the Darwinian contest to the deeper game that they must play to survive: learning to understand – and manipulate – the Carryx themselves.

With a noble but suicidal human rebellion on one hand and strange and murderous enemies on the other, the team pays a terrible price to become the trusted servants of their new rulers.

Dafyd Alkhor is a simple man swept up in events that are beyond his control and more vast than his imagination.  He will become the champion of humanity and its betrayer, the most hated man in history and the guardian of his people.

This is where his story begins.""-- Provided by Amazon"	[{'Science Fiction': 10}, {'Fiction': 2}, {'Space': 2}, {'War': 2}, {'Aliens': 1}, {'Space Opera': 1}, {'Sci-fi': 1}, {'Young Adult': 1}, {'Adventure': 1}, {'Dystopian': 1}, {'Diverse Characters': 21}, {'A mix driven': 20}, {'Strong Character Development': 19}, {'Unloveable Characters': 15}, {'Loveable Characters': 14}, {'Weak Character Development': 10}, {'Not Diverse Characters': 7}, {'Character driven': 5}, {'Plot driven': 3}, {'Audible': 1}, {'dark': 29}, {'Adventurous': 25}, {'tense': 18}, {'mysterious': 12}, {'sad': 9}, {'emotional': 9}, {'challenging': 5}, {'reflective': 3}, {'hopeful': 2}, {'inspiring': 1}]
96	9780356517827	The Mercy of Gods	James S. A. Corey	2024	Orbit Books	"""The Carryx – part empire, part hive – have waged wars of conquest for centuries, destroying or enslaving species across the galaxy.  Now, they are facing a great and deathless enemy. The key to their survival may rest with the humans of Anjiin.  

Caught up in academic intrigue and affairs of the heart, Dafyd Alkhor is pleased just to be an assistant to a brilliant scientist and his celebrated research team.  Then the Carryx ships descend, decimating the human population and taking the best and brightest of Anjiin society away to serve on the Carryx homeworld, and Dafyd is swept along with them.

They are dropped in the middle of a struggle they barely understand, set in a competition against the other captive species with extinction as the price of failure.  Only Dafyd and a handful of his companions see past the Darwinian contest to the deeper game that they must play to survive: learning to understand – and manipulate – the Carryx themselves.

With a noble but suicidal human rebellion on one hand and strange and murderous enemies on the other, the team pays a terrible price to become the trusted servants of their new rulers.

Dafyd Alkhor is a simple man swept up in events that are beyond his control and more vast than his imagination.  He will become the champion of humanity and its betrayer, the most hated man in history and the guardian of his people.

This is where his story begins.""-- Provided by Amazon"	[{'Science Fiction': 10}, {'Fiction': 2}, {'Space': 2}, {'War': 2}, {'Aliens': 1}, {'Space Opera': 1}, {'Sci-fi': 1}, {'Young Adult': 1}, {'Adventure': 1}, {'Dystopian': 1}, {'Diverse Characters': 21}, {'A mix driven': 20}, {'Strong Character Development': 19}, {'Unloveable Characters': 15}, {'Loveable Characters': 14}, {'Weak Character Development': 10}, {'Not Diverse Characters': 7}, {'Character driven': 5}, {'Plot driven': 3}, {'Audible': 1}, {'dark': 29}, {'Adventurous': 25}, {'tense': 18}, {'mysterious': 12}, {'sad': 9}, {'emotional': 9}, {'challenging': 5}, {'reflective': 3}, {'hopeful': 2}, {'inspiring': 1}]
96	9780356517810	The Mercy of Gods	James S. A. Corey	2024	Orbit	"""The Carryx – part empire, part hive – have waged wars of conquest for centuries, destroying or enslaving species across the galaxy.  Now, they are facing a great and deathless enemy. The key to their survival may rest with the humans of Anjiin.  

Caught up in academic intrigue and affairs of the heart, Dafyd Alkhor is pleased just to be an assistant to a brilliant scientist and his celebrated research team.  Then the Carryx ships descend, decimating the human population and taking the best and brightest of Anjiin society away to serve on the Carryx homeworld, and Dafyd is swept along with them.

They are dropped in the middle of a struggle they barely understand, set in a competition against the other captive species with extinction as the price of failure.  Only Dafyd and a handful of his companions see past the Darwinian contest to the deeper game that they must play to survive: learning to understand – and manipulate – the Carryx themselves.

With a noble but suicidal human rebellion on one hand and strange and murderous enemies on the other, the team pays a terrible price to become the trusted servants of their new rulers.

Dafyd Alkhor is a simple man swept up in events that are beyond his control and more vast than his imagination.  He will become the champion of humanity and its betrayer, the most hated man in history and the guardian of his people.

This is where his story begins.""-- Provided by Amazon"	[{'Science Fiction': 10}, {'Fiction': 2}, {'Space': 2}, {'War': 2}, {'Aliens': 1}, {'Space Opera': 1}, {'Sci-fi': 1}, {'Young Adult': 1}, {'Adventure': 1}, {'Dystopian': 1}, {'Diverse Characters': 21}, {'A mix driven': 20}, {'Strong Character Development': 19}, {'Unloveable Characters': 15}, {'Loveable Characters': 14}, {'Weak Character Development': 10}, {'Not Diverse Characters': 7}, {'Character driven': 5}, {'Plot driven': 3}, {'Audible': 1}, {'dark': 29}, {'Adventurous': 25}, {'tense': 18}, {'mysterious': 12}, {'sad': 9}, {'emotional': 9}, {'challenging': 5}, {'reflective': 3}, {'hopeful': 2}, {'inspiring': 1}]
96	9781501995842	The Mercy of Gods	James S. A. Corey	2024	Recorded Books, Inc	"""The Carryx – part empire, part hive – have waged wars of conquest for centuries, destroying or enslaving species across the galaxy.  Now, they are facing a great and deathless enemy. The key to their survival may rest with the humans of Anjiin.  

Caught up in academic intrigue and affairs of the heart, Dafyd Alkhor is pleased just to be an assistant to a brilliant scientist and his celebrated research team.  Then the Carryx ships descend, decimating the human population and taking the best and brightest of Anjiin society away to serve on the Carryx homeworld, and Dafyd is swept along with them.

They are dropped in the middle of a struggle they barely understand, set in a competition against the other captive species with extinction as the price of failure.  Only Dafyd and a handful of his companions see past the Darwinian contest to the deeper game that they must play to survive: learning to understand – and manipulate – the Carryx themselves.

With a noble but suicidal human rebellion on one hand and strange and murderous enemies on the other, the team pays a terrible price to become the trusted servants of their new rulers.

Dafyd Alkhor is a simple man swept up in events that are beyond his control and more vast than his imagination.  He will become the champion of humanity and its betrayer, the most hated man in history and the guardian of his people.

This is where his story begins.""-- Provided by Amazon"	[{'Science Fiction': 10}, {'Fiction': 2}, {'Space': 2}, {'War': 2}, {'Aliens': 1}, {'Space Opera': 1}, {'Sci-fi': 1}, {'Young Adult': 1}, {'Adventure': 1}, {'Dystopian': 1}, {'Diverse Characters': 21}, {'A mix driven': 20}, {'Strong Character Development': 19}, {'Unloveable Characters': 15}, {'Loveable Characters': 14}, {'Weak Character Development': 10}, {'Not Diverse Characters': 7}, {'Character driven': 5}, {'Plot driven': 3}, {'Audible': 1}, {'dark': 29}, {'Adventurous': 25}, {'tense': 18}, {'mysterious': 12}, {'sad': 9}, {'emotional': 9}, {'challenging': 5}, {'reflective': 3}, {'hopeful': 2}, {'inspiring': 1}]
96		The Mercy of Gods	James S. A. Corey	2024	Recorded Books, Inc	"""The Carryx – part empire, part hive – have waged wars of conquest for centuries, destroying or enslaving species across the galaxy.  Now, they are facing a great and deathless enemy. The key to their survival may rest with the humans of Anjiin.  

Caught up in academic intrigue and affairs of the heart, Dafyd Alkhor is pleased just to be an assistant to a brilliant scientist and his celebrated research team.  Then the Carryx ships descend, decimating the human population and taking the best and brightest of Anjiin society away to serve on the Carryx homeworld, and Dafyd is swept along with them.

They are dropped in the middle of a struggle they barely understand, set in a competition against the other captive species with extinction as the price of failure.  Only Dafyd and a handful of his companions see past the Darwinian contest to the deeper game that they must play to survive: learning to understand – and manipulate – the Carryx themselves.

With a noble but suicidal human rebellion on one hand and strange and murderous enemies on the other, the team pays a terrible price to become the trusted servants of their new rulers.

Dafyd Alkhor is a simple man swept up in events that are beyond his control and more vast than his imagination.  He will become the champion of humanity and its betrayer, the most hated man in history and the guardian of his people.

This is where his story begins.""-- Provided by Amazon"	[{'Science Fiction': 10}, {'Fiction': 2}, {'Space': 2}, {'War': 2}, {'Aliens': 1}, {'Space Opera': 1}, {'Sci-fi': 1}, {'Young Adult': 1}, {'Adventure': 1}, {'Dystopian': 1}, {'Diverse Characters': 21}, {'A mix driven': 20}, {'Strong Character Development': 19}, {'Unloveable Characters': 15}, {'Loveable Characters': 14}, {'Weak Character Development': 10}, {'Not Diverse Characters': 7}, {'Character driven': 5}, {'Plot driven': 3}, {'Audible': 1}, {'dark': 29}, {'Adventurous': 25}, {'tense': 18}, {'mysterious': 12}, {'sad': 9}, {'emotional': 9}, {'challenging': 5}, {'reflective': 3}, {'hopeful': 2}, {'inspiring': 1}]
96	9780316525558	The Mercy of Gods	James S. A. Corey	2024	Orbit	"""The Carryx – part empire, part hive – have waged wars of conquest for centuries, destroying or enslaving species across the galaxy.  Now, they are facing a great and deathless enemy. The key to their survival may rest with the humans of Anjiin.  

Caught up in academic intrigue and affairs of the heart, Dafyd Alkhor is pleased just to be an assistant to a brilliant scientist and his celebrated research team.  Then the Carryx ships descend, decimating the human population and taking the best and brightest of Anjiin society away to serve on the Carryx homeworld, and Dafyd is swept along with them.

They are dropped in the middle of a struggle they barely understand, set in a competition against the other captive species with extinction as the price of failure.  Only Dafyd and a handful of his companions see past the Darwinian contest to the deeper game that they must play to survive: learning to understand – and manipulate – the Carryx themselves.

With a noble but suicidal human rebellion on one hand and strange and murderous enemies on the other, the team pays a terrible price to become the trusted servants of their new rulers.

Dafyd Alkhor is a simple man swept up in events that are beyond his control and more vast than his imagination.  He will become the champion of humanity and its betrayer, the most hated man in history and the guardian of his people.

This is where his story begins.""-- Provided by Amazon"	[{'Science Fiction': 10}, {'Fiction': 2}, {'Space': 2}, {'War': 2}, {'Aliens': 1}, {'Space Opera': 1}, {'Sci-fi': 1}, {'Young Adult': 1}, {'Adventure': 1}, {'Dystopian': 1}, {'Diverse Characters': 21}, {'A mix driven': 20}, {'Strong Character Development': 19}, {'Unloveable Characters': 15}, {'Loveable Characters': 14}, {'Weak Character Development': 10}, {'Not Diverse Characters': 7}, {'Character driven': 5}, {'Plot driven': 3}, {'Audible': 1}, {'dark': 29}, {'Adventurous': 25}, {'tense': 18}, {'mysterious': 12}, {'sad': 9}, {'emotional': 9}, {'challenging': 5}, {'reflective': 3}, {'hopeful': 2}, {'inspiring': 1}]
96		The Mercy of Gods	James S. A. Corey	2024	Orbit	"""The Carryx – part empire, part hive – have waged wars of conquest for centuries, destroying or enslaving species across the galaxy.  Now, they are facing a great and deathless enemy. The key to their survival may rest with the humans of Anjiin.  

Caught up in academic intrigue and affairs of the heart, Dafyd Alkhor is pleased just to be an assistant to a brilliant scientist and his celebrated research team.  Then the Carryx ships descend, decimating the human population and taking the best and brightest of Anjiin society away to serve on the Carryx homeworld, and Dafyd is swept along with them.

They are dropped in the middle of a struggle they barely understand, set in a competition against the other captive species with extinction as the price of failure.  Only Dafyd and a handful of his companions see past the Darwinian contest to the deeper game that they must play to survive: learning to understand – and manipulate – the Carryx themselves.

With a noble but suicidal human rebellion on one hand and strange and murderous enemies on the other, the team pays a terrible price to become the trusted servants of their new rulers.

Dafyd Alkhor is a simple man swept up in events that are beyond his control and more vast than his imagination.  He will become the champion of humanity and its betrayer, the most hated man in history and the guardian of his people.

This is where his story begins.""-- Provided by Amazon"	[{'Science Fiction': 10}, {'Fiction': 2}, {'Space': 2}, {'War': 2}, {'Aliens': 1}, {'Space Opera': 1}, {'Sci-fi': 1}, {'Young Adult': 1}, {'Adventure': 1}, {'Dystopian': 1}, {'Diverse Characters': 21}, {'A mix driven': 20}, {'Strong Character Development': 19}, {'Unloveable Characters': 15}, {'Loveable Characters': 14}, {'Weak Character Development': 10}, {'Not Diverse Characters': 7}, {'Character driven': 5}, {'Plot driven': 3}, {'Audible': 1}, {'dark': 29}, {'Adventurous': 25}, {'tense': 18}, {'mysterious': 12}, {'sad': 9}, {'emotional': 9}, {'challenging': 5}, {'reflective': 3}, {'hopeful': 2}, {'inspiring': 1}]
97		A Sorceress Comes to Call	T. Kingfisher	2024	Macmillan Audio	"*The hardcover edition features a foil stamp on the casing and custom endpapers illustrated by the author.*

Cordelia knows her mother is . . . unusual. Their house doesn’t have any doors between rooms—there are no secrets in this house—and her mother doesn't allow Cordelia to have a single friend. Unless you count Falada, her mother's beautiful white horse. The only time Cordelia feels truly free is on her daily rides with him.

But more than simple eccentricity sets her mother apart. Other mothers don’t force their daughters to be silent and motionless for hours, sometimes days, on end. Other mothers aren’t evil sorcerers.

When her mother unexpectedly moves them into the manor home of a wealthy older Squire and his kind but keen-eyed sister, Hester, Cordelia knows this welcoming pair are to be her mother's next victims. But Cordelia feels at home for the very first time among these people, and as her mother's plans darken, she must decide how to face the woman who raised her to save the people who have become like family."	[{'Fantasy': 5}, {'Fiction': 2}, {'Science Fiction': 1}, {'Young Adult': 1}, {'Horror': 1}, {'Fairy tale inspired': 1}, {'Horr': 0}, {'Strong Character Development': 16}, {'Loveable Characters': 15}, {'A mix driven': 11}, {'Not Diverse Characters': 11}, {'Diverse Characters': 5}, {'Plot driven': 5}, {'Unloveable Characters': 3}, {'Weak Character Development': 2}, {'Character driven': 2}, {'Genre: Horror-Weird': 1}, {'dark': 18}, {'mysterious': 14}, {'Adventurous': 12}, {'tense': 11}, {'emotional': 8}, {'funny': 7}, {'hopeful': 4}, {'lighthearted': 2}, {'sad': 2}, {'inspiring': 1}]
97	9781835411513	A Sorceress Comes to Call	T. Kingfisher	2024	Titan Books	"*The hardcover edition features a foil stamp on the casing and custom endpapers illustrated by the author.*

Cordelia knows her mother is . . . unusual. Their house doesn’t have any doors between rooms—there are no secrets in this house—and her mother doesn't allow Cordelia to have a single friend. Unless you count Falada, her mother's beautiful white horse. The only time Cordelia feels truly free is on her daily rides with him.

But more than simple eccentricity sets her mother apart. Other mothers don’t force their daughters to be silent and motionless for hours, sometimes days, on end. Other mothers aren’t evil sorcerers.

When her mother unexpectedly moves them into the manor home of a wealthy older Squire and his kind but keen-eyed sister, Hester, Cordelia knows this welcoming pair are to be her mother's next victims. But Cordelia feels at home for the very first time among these people, and as her mother's plans darken, she must decide how to face the woman who raised her to save the people who have become like family."	[{'Fantasy': 5}, {'Fiction': 2}, {'Science Fiction': 1}, {'Young Adult': 1}, {'Horror': 1}, {'Fairy tale inspired': 1}, {'Horr': 0}, {'Strong Character Development': 16}, {'Loveable Characters': 15}, {'A mix driven': 11}, {'Not Diverse Characters': 11}, {'Diverse Characters': 5}, {'Plot driven': 5}, {'Unloveable Characters': 3}, {'Weak Character Development': 2}, {'Character driven': 2}, {'Genre: Horror-Weird': 1}, {'dark': 18}, {'mysterious': 14}, {'Adventurous': 12}, {'tense': 11}, {'emotional': 8}, {'funny': 7}, {'hopeful': 4}, {'lighthearted': 2}, {'sad': 2}, {'inspiring': 1}]
97	9781250351302	A Sorceress Comes to Call	T. Kingfisher	2024	Macmillan Audio	"*The hardcover edition features a foil stamp on the casing and custom endpapers illustrated by the author.*

Cordelia knows her mother is . . . unusual. Their house doesn’t have any doors between rooms—there are no secrets in this house—and her mother doesn't allow Cordelia to have a single friend. Unless you count Falada, her mother's beautiful white horse. The only time Cordelia feels truly free is on her daily rides with him.

But more than simple eccentricity sets her mother apart. Other mothers don’t force their daughters to be silent and motionless for hours, sometimes days, on end. Other mothers aren’t evil sorcerers.

When her mother unexpectedly moves them into the manor home of a wealthy older Squire and his kind but keen-eyed sister, Hester, Cordelia knows this welcoming pair are to be her mother's next victims. But Cordelia feels at home for the very first time among these people, and as her mother's plans darken, she must decide how to face the woman who raised her to save the people who have become like family."	[{'Fantasy': 5}, {'Fiction': 2}, {'Science Fiction': 1}, {'Young Adult': 1}, {'Horror': 1}, {'Fairy tale inspired': 1}, {'Horr': 0}, {'Strong Character Development': 16}, {'Loveable Characters': 15}, {'A mix driven': 11}, {'Not Diverse Characters': 11}, {'Diverse Characters': 5}, {'Plot driven': 5}, {'Unloveable Characters': 3}, {'Weak Character Development': 2}, {'Character driven': 2}, {'Genre: Horror-Weird': 1}, {'dark': 18}, {'mysterious': 14}, {'Adventurous': 12}, {'tense': 11}, {'emotional': 8}, {'funny': 7}, {'hopeful': 4}, {'lighthearted': 2}, {'sad': 2}, {'inspiring': 1}]
97	9781835416372	A Sorceress Comes to Call	T. Kingfisher	2024	Titan Books	"*The hardcover edition features a foil stamp on the casing and custom endpapers illustrated by the author.*

Cordelia knows her mother is . . . unusual. Their house doesn’t have any doors between rooms—there are no secrets in this house—and her mother doesn't allow Cordelia to have a single friend. Unless you count Falada, her mother's beautiful white horse. The only time Cordelia feels truly free is on her daily rides with him.

But more than simple eccentricity sets her mother apart. Other mothers don’t force their daughters to be silent and motionless for hours, sometimes days, on end. Other mothers aren’t evil sorcerers.

When her mother unexpectedly moves them into the manor home of a wealthy older Squire and his kind but keen-eyed sister, Hester, Cordelia knows this welcoming pair are to be her mother's next victims. But Cordelia feels at home for the very first time among these people, and as her mother's plans darken, she must decide how to face the woman who raised her to save the people who have become like family."	[{'Fantasy': 5}, {'Fiction': 2}, {'Science Fiction': 1}, {'Young Adult': 1}, {'Horror': 1}, {'Fairy tale inspired': 1}, {'Horr': 0}, {'Strong Character Development': 16}, {'Loveable Characters': 15}, {'A mix driven': 11}, {'Not Diverse Characters': 11}, {'Diverse Characters': 5}, {'Plot driven': 5}, {'Unloveable Characters': 3}, {'Weak Character Development': 2}, {'Character driven': 2}, {'Genre: Horror-Weird': 1}, {'dark': 18}, {'mysterious': 14}, {'Adventurous': 12}, {'tense': 11}, {'emotional': 8}, {'funny': 7}, {'hopeful': 4}, {'lighthearted': 2}, {'sad': 2}, {'inspiring': 1}]
97	9781250244055	A Sorceress Comes to Call	T. Kingfisher	2024	Tor Books	"*The hardcover edition features a foil stamp on the casing and custom endpapers illustrated by the author.*

Cordelia knows her mother is . . . unusual. Their house doesn’t have any doors between rooms—there are no secrets in this house—and her mother doesn't allow Cordelia to have a single friend. Unless you count Falada, her mother's beautiful white horse. The only time Cordelia feels truly free is on her daily rides with him.

But more than simple eccentricity sets her mother apart. Other mothers don’t force their daughters to be silent and motionless for hours, sometimes days, on end. Other mothers aren’t evil sorcerers.

When her mother unexpectedly moves them into the manor home of a wealthy older Squire and his kind but keen-eyed sister, Hester, Cordelia knows this welcoming pair are to be her mother's next victims. But Cordelia feels at home for the very first time among these people, and as her mother's plans darken, she must decide how to face the woman who raised her to save the people who have become like family."	[{'Fantasy': 5}, {'Fiction': 2}, {'Science Fiction': 1}, {'Young Adult': 1}, {'Horror': 1}, {'Fairy tale inspired': 1}, {'Horr': 0}, {'Strong Character Development': 16}, {'Loveable Characters': 15}, {'A mix driven': 11}, {'Not Diverse Characters': 11}, {'Diverse Characters': 5}, {'Plot driven': 5}, {'Unloveable Characters': 3}, {'Weak Character Development': 2}, {'Character driven': 2}, {'Genre: Horror-Weird': 1}, {'dark': 18}, {'mysterious': 14}, {'Adventurous': 12}, {'tense': 11}, {'emotional': 8}, {'funny': 7}, {'hopeful': 4}, {'lighthearted': 2}, {'sad': 2}, {'inspiring': 1}]
97	9781250244062	A Sorceress Comes to Call	T. Kingfisher	2024	Tor Books	"*The hardcover edition features a foil stamp on the casing and custom endpapers illustrated by the author.*

Cordelia knows her mother is . . . unusual. Their house doesn’t have any doors between rooms—there are no secrets in this house—and her mother doesn't allow Cordelia to have a single friend. Unless you count Falada, her mother's beautiful white horse. The only time Cordelia feels truly free is on her daily rides with him.

But more than simple eccentricity sets her mother apart. Other mothers don’t force their daughters to be silent and motionless for hours, sometimes days, on end. Other mothers aren’t evil sorcerers.

When her mother unexpectedly moves them into the manor home of a wealthy older Squire and his kind but keen-eyed sister, Hester, Cordelia knows this welcoming pair are to be her mother's next victims. But Cordelia feels at home for the very first time among these people, and as her mother's plans darken, she must decide how to face the woman who raised her to save the people who have become like family."	[{'Fantasy': 5}, {'Fiction': 2}, {'Science Fiction': 1}, {'Young Adult': 1}, {'Horror': 1}, {'Fairy tale inspired': 1}, {'Horr': 0}, {'Strong Character Development': 16}, {'Loveable Characters': 15}, {'A mix driven': 11}, {'Not Diverse Characters': 11}, {'Diverse Characters': 5}, {'Plot driven': 5}, {'Unloveable Characters': 3}, {'Weak Character Development': 2}, {'Character driven': 2}, {'Genre: Horror-Weird': 1}, {'dark': 18}, {'mysterious': 14}, {'Adventurous': 12}, {'tense': 11}, {'emotional': 8}, {'funny': 7}, {'hopeful': 4}, {'lighthearted': 2}, {'sad': 2}, {'inspiring': 1}]
97	9781250244079	A Sorceress Comes to Call	T. Kingfisher	2024	Tor Books	"*The hardcover edition features a foil stamp on the casing and custom endpapers illustrated by the author.*

Cordelia knows her mother is . . . unusual. Their house doesn’t have any doors between rooms—there are no secrets in this house—and her mother doesn't allow Cordelia to have a single friend. Unless you count Falada, her mother's beautiful white horse. The only time Cordelia feels truly free is on her daily rides with him.

But more than simple eccentricity sets her mother apart. Other mothers don’t force their daughters to be silent and motionless for hours, sometimes days, on end. Other mothers aren’t evil sorcerers.

When her mother unexpectedly moves them into the manor home of a wealthy older Squire and his kind but keen-eyed sister, Hester, Cordelia knows this welcoming pair are to be her mother's next victims. But Cordelia feels at home for the very first time among these people, and as her mother's plans darken, she must decide how to face the woman who raised her to save the people who have become like family."	[{'Fantasy': 5}, {'Fiction': 2}, {'Science Fiction': 1}, {'Young Adult': 1}, {'Horror': 1}, {'Fairy tale inspired': 1}, {'Horr': 0}, {'Strong Character Development': 16}, {'Loveable Characters': 15}, {'A mix driven': 11}, {'Not Diverse Characters': 11}, {'Diverse Characters': 5}, {'Plot driven': 5}, {'Unloveable Characters': 3}, {'Weak Character Development': 2}, {'Character driven': 2}, {'Genre: Horror-Weird': 1}, {'dark': 18}, {'mysterious': 14}, {'Adventurous': 12}, {'tense': 11}, {'emotional': 8}, {'funny': 7}, {'hopeful': 4}, {'lighthearted': 2}, {'sad': 2}, {'inspiring': 1}]
97	9781004163939	A Sorceress Comes to Call	T. Kingfisher	2024	W. F. Howes Ltd 	"*The hardcover edition features a foil stamp on the casing and custom endpapers illustrated by the author.*

Cordelia knows her mother is . . . unusual. Their house doesn’t have any doors between rooms—there are no secrets in this house—and her mother doesn't allow Cordelia to have a single friend. Unless you count Falada, her mother's beautiful white horse. The only time Cordelia feels truly free is on her daily rides with him.

But more than simple eccentricity sets her mother apart. Other mothers don’t force their daughters to be silent and motionless for hours, sometimes days, on end. Other mothers aren’t evil sorcerers.

When her mother unexpectedly moves them into the manor home of a wealthy older Squire and his kind but keen-eyed sister, Hester, Cordelia knows this welcoming pair are to be her mother's next victims. But Cordelia feels at home for the very first time among these people, and as her mother's plans darken, she must decide how to face the woman who raised her to save the people who have become like family."	[{'Fantasy': 5}, {'Fiction': 2}, {'Science Fiction': 1}, {'Young Adult': 1}, {'Horror': 1}, {'Fairy tale inspired': 1}, {'Horr': 0}, {'Strong Character Development': 16}, {'Loveable Characters': 15}, {'A mix driven': 11}, {'Not Diverse Characters': 11}, {'Diverse Characters': 5}, {'Plot driven': 5}, {'Unloveable Characters': 3}, {'Weak Character Development': 2}, {'Character driven': 2}, {'Genre: Horror-Weird': 1}, {'dark': 18}, {'mysterious': 14}, {'Adventurous': 12}, {'tense': 11}, {'emotional': 8}, {'funny': 7}, {'hopeful': 4}, {'lighthearted': 2}, {'sad': 2}, {'inspiring': 1}]
97	9781789098303	A Sorceress Comes to Call	T. Kingfisher	2024	Titan Books	"*The hardcover edition features a foil stamp on the casing and custom endpapers illustrated by the author.*

Cordelia knows her mother is . . . unusual. Their house doesn’t have any doors between rooms—there are no secrets in this house—and her mother doesn't allow Cordelia to have a single friend. Unless you count Falada, her mother's beautiful white horse. The only time Cordelia feels truly free is on her daily rides with him.

But more than simple eccentricity sets her mother apart. Other mothers don’t force their daughters to be silent and motionless for hours, sometimes days, on end. Other mothers aren’t evil sorcerers.

When her mother unexpectedly moves them into the manor home of a wealthy older Squire and his kind but keen-eyed sister, Hester, Cordelia knows this welcoming pair are to be her mother's next victims. But Cordelia feels at home for the very first time among these people, and as her mother's plans darken, she must decide how to face the woman who raised her to save the people who have become like family."	[{'Fantasy': 5}, {'Fiction': 2}, {'Science Fiction': 1}, {'Young Adult': 1}, {'Horror': 1}, {'Fairy tale inspired': 1}, {'Horr': 0}, {'Strong Character Development': 16}, {'Loveable Characters': 15}, {'A mix driven': 11}, {'Not Diverse Characters': 11}, {'Diverse Characters': 5}, {'Plot driven': 5}, {'Unloveable Characters': 3}, {'Weak Character Development': 2}, {'Character driven': 2}, {'Genre: Horror-Weird': 1}, {'dark': 18}, {'mysterious': 14}, {'Adventurous': 12}, {'tense': 11}, {'emotional': 8}, {'funny': 7}, {'hopeful': 4}, {'lighthearted': 2}, {'sad': 2}, {'inspiring': 1}]
97	9781789098297	A Sorceress Comes to Call	T. Kingfisher	2024	Titan Books Limited	"*The hardcover edition features a foil stamp on the casing and custom endpapers illustrated by the author.*

Cordelia knows her mother is . . . unusual. Their house doesn’t have any doors between rooms—there are no secrets in this house—and her mother doesn't allow Cordelia to have a single friend. Unless you count Falada, her mother's beautiful white horse. The only time Cordelia feels truly free is on her daily rides with him.

But more than simple eccentricity sets her mother apart. Other mothers don’t force their daughters to be silent and motionless for hours, sometimes days, on end. Other mothers aren’t evil sorcerers.

When her mother unexpectedly moves them into the manor home of a wealthy older Squire and his kind but keen-eyed sister, Hester, Cordelia knows this welcoming pair are to be her mother's next victims. But Cordelia feels at home for the very first time among these people, and as her mother's plans darken, she must decide how to face the woman who raised her to save the people who have become like family."	[{'Fantasy': 5}, {'Fiction': 2}, {'Science Fiction': 1}, {'Young Adult': 1}, {'Horror': 1}, {'Fairy tale inspired': 1}, {'Horr': 0}, {'Strong Character Development': 16}, {'Loveable Characters': 15}, {'A mix driven': 11}, {'Not Diverse Characters': 11}, {'Diverse Characters': 5}, {'Plot driven': 5}, {'Unloveable Characters': 3}, {'Weak Character Development': 2}, {'Character driven': 2}, {'Genre: Horror-Weird': 1}, {'dark': 18}, {'mysterious': 14}, {'Adventurous': 12}, {'tense': 11}, {'emotional': 8}, {'funny': 7}, {'hopeful': 4}, {'lighthearted': 2}, {'sad': 2}, {'inspiring': 1}]
98	9780316586306	Slow Gods	Claire North	2025	Orbit	"In telling my story, there are certain things I should perhaps lie about. I should make myself a hero. Pretend I was not used by strangers and gods, did not leave people behind.
 
Here is one truth: out there in deep space, in the pilot’s chair, I died. And then, I was reborn. I became something not quite human, something that could speak to the infinite dark. And I vowed to become the scourge of the world that wronged me. 

This is the story of the supernova event that burned planets and felled civilizations. This is also the story of the many lives I’ve lived since I died for the first time.  
 
Are you listening? "	[{'Science Fiction': 3}, {'Fiction': 1}, {'Space': 1}, {'Unloveable Characters': 2}, {'A mix driven': 1}, {'Strong Character Development': 1}, {'Diverse Characters': 1}, {'Character driven': 1}, {'dark': 2}, {'reflective': 2}, {'sad': 1}, {'Adventurous': 1}]
98	9780356526171	Slow Gods	Claire North	2025	Hachette UK	"In telling my story, there are certain things I should perhaps lie about. I should make myself a hero. Pretend I was not used by strangers and gods, did not leave people behind.
 
Here is one truth: out there in deep space, in the pilot’s chair, I died. And then, I was reborn. I became something not quite human, something that could speak to the infinite dark. And I vowed to become the scourge of the world that wronged me. 

This is the story of the supernova event that burned planets and felled civilizations. This is also the story of the many lives I’ve lived since I died for the first time.  
 
Are you listening? "	[{'Science Fiction': 3}, {'Fiction': 1}, {'Space': 1}, {'Unloveable Characters': 2}, {'A mix driven': 1}, {'Strong Character Development': 1}, {'Diverse Characters': 1}, {'Character driven': 1}, {'dark': 2}, {'reflective': 2}, {'sad': 1}, {'Adventurous': 1}]
98		Slow Gods	Claire North	2025	Orbit	"In telling my story, there are certain things I should perhaps lie about. I should make myself a hero. Pretend I was not used by strangers and gods, did not leave people behind.
 
Here is one truth: out there in deep space, in the pilot’s chair, I died. And then, I was reborn. I became something not quite human, something that could speak to the infinite dark. And I vowed to become the scourge of the world that wronged me. 

This is the story of the supernova event that burned planets and felled civilizations. This is also the story of the many lives I’ve lived since I died for the first time.  
 
Are you listening? "	[{'Science Fiction': 3}, {'Fiction': 1}, {'Space': 1}, {'Unloveable Characters': 2}, {'A mix driven': 1}, {'Strong Character Development': 1}, {'Diverse Characters': 1}, {'Character driven': 1}, {'dark': 2}, {'reflective': 2}, {'sad': 1}, {'Adventurous': 1}]
98	9780356528274	Slow Gods	Claire North	2025	Orbit	"In telling my story, there are certain things I should perhaps lie about. I should make myself a hero. Pretend I was not used by strangers and gods, did not leave people behind.
 
Here is one truth: out there in deep space, in the pilot’s chair, I died. And then, I was reborn. I became something not quite human, something that could speak to the infinite dark. And I vowed to become the scourge of the world that wronged me. 

This is the story of the supernova event that burned planets and felled civilizations. This is also the story of the many lives I’ve lived since I died for the first time.  
 
Are you listening? "	[{'Science Fiction': 3}, {'Fiction': 1}, {'Space': 1}, {'Unloveable Characters': 2}, {'A mix driven': 1}, {'Strong Character Development': 1}, {'Diverse Characters': 1}, {'Character driven': 1}, {'dark': 2}, {'reflective': 2}, {'sad': 1}, {'Adventurous': 1}]
98	9781668650707	Slow Gods	Claire North	2025		"In telling my story, there are certain things I should perhaps lie about. I should make myself a hero. Pretend I was not used by strangers and gods, did not leave people behind.
 
Here is one truth: out there in deep space, in the pilot’s chair, I died. And then, I was reborn. I became something not quite human, something that could speak to the infinite dark. And I vowed to become the scourge of the world that wronged me. 

This is the story of the supernova event that burned planets and felled civilizations. This is also the story of the many lives I’ve lived since I died for the first time.  
 
Are you listening? "	[{'Science Fiction': 3}, {'Fiction': 1}, {'Space': 1}, {'Unloveable Characters': 2}, {'A mix driven': 1}, {'Strong Character Development': 1}, {'Diverse Characters': 1}, {'Character driven': 1}, {'dark': 2}, {'reflective': 2}, {'sad': 1}, {'Adventurous': 1}]
98	9780316586344	Slow Gods	Claire North	2025	Hachette UK	"In telling my story, there are certain things I should perhaps lie about. I should make myself a hero. Pretend I was not used by strangers and gods, did not leave people behind.
 
Here is one truth: out there in deep space, in the pilot’s chair, I died. And then, I was reborn. I became something not quite human, something that could speak to the infinite dark. And I vowed to become the scourge of the world that wronged me. 

This is the story of the supernova event that burned planets and felled civilizations. This is also the story of the many lives I’ve lived since I died for the first time.  
 
Are you listening? "	[{'Science Fiction': 3}, {'Fiction': 1}, {'Space': 1}, {'Unloveable Characters': 2}, {'A mix driven': 1}, {'Strong Character Development': 1}, {'Diverse Characters': 1}, {'Character driven': 1}, {'dark': 2}, {'reflective': 2}, {'sad': 1}, {'Adventurous': 1}]
98	9780356526188	Slow Gods	Claire North	2025	Orbit Books	"In telling my story, there are certain things I should perhaps lie about. I should make myself a hero. Pretend I was not used by strangers and gods, did not leave people behind.
 
Here is one truth: out there in deep space, in the pilot’s chair, I died. And then, I was reborn. I became something not quite human, something that could speak to the infinite dark. And I vowed to become the scourge of the world that wronged me. 

This is the story of the supernova event that burned planets and felled civilizations. This is also the story of the many lives I’ve lived since I died for the first time.  
 
Are you listening? "	[{'Science Fiction': 3}, {'Fiction': 1}, {'Space': 1}, {'Unloveable Characters': 2}, {'A mix driven': 1}, {'Strong Character Development': 1}, {'Diverse Characters': 1}, {'Character driven': 1}, {'dark': 2}, {'reflective': 2}, {'sad': 1}, {'Adventurous': 1}]
99	9781250342041	Hemlock & Silver	T. Kingfisher	2025	Tor Books	"Healer Anja knows little of politics but much of poisons. When she is summoned to treat the mysterious illness afflicting the king’s daughter, she finds herself against the clock, desperate to track down the source of the poison killing Princess Snow. But the chance discovery of a strange alternate world inside a magic mirror leads Anja to darker discoveries, including what really happened to Snow’s dead sister, Rose, and why their mother seemingly went mad and cut out her heart.

Aided by a taciturn bodyguard, a narcissistic cat, and a late Renaissance understanding of the scientific method, Anja must navigate the mysteries of the mirror world before the dark queen that dwells within rises to threaten them all."	[{'Fantasy': 4}, {'Fiction': 1}, {'Dark Fantasy': 1}, {'Adventure': 1}, {'Loveable Characters': 10}, {'A mix driven': 8}, {'Diverse Characters': 7}, {'Weak Character Development': 6}, {'Strong Character Development': 6}, {'Not Diverse Characters': 5}, {'Plot driven': 4}, {'Unloveable Characters': 2}, {'Reimagining/Retelling': 1}, {'Magic': 1}, {'Adventurous': 13}, {'mysterious': 13}, {'funny': 11}, {'dark': 9}, {'tense': 4}, {'lighthearted': 2}, {'challenging': 2}, {'emotional': 1}, {'informative': 1}]
99	9781250437464	Sneak Peek for Hemlock & Silver	T. Kingfisher	2025	Tor Books	"Healer Anja knows little of politics but much of poisons. When she is summoned to treat the mysterious illness afflicting the king’s daughter, she finds herself against the clock, desperate to track down the source of the poison killing Princess Snow. But the chance discovery of a strange alternate world inside a magic mirror leads Anja to darker discoveries, including what really happened to Snow’s dead sister, Rose, and why their mother seemingly went mad and cut out her heart.

Aided by a taciturn bodyguard, a narcissistic cat, and a late Renaissance understanding of the scientific method, Anja must navigate the mysteries of the mirror world before the dark queen that dwells within rises to threaten them all."	[{'Fantasy': 4}, {'Fiction': 1}, {'Dark Fantasy': 1}, {'Adventure': 1}, {'Loveable Characters': 10}, {'A mix driven': 8}, {'Diverse Characters': 7}, {'Weak Character Development': 6}, {'Strong Character Development': 6}, {'Not Diverse Characters': 5}, {'Plot driven': 4}, {'Unloveable Characters': 2}, {'Reimagining/Retelling': 1}, {'Magic': 1}, {'Adventurous': 13}, {'mysterious': 13}, {'funny': 11}, {'dark': 9}, {'tense': 4}, {'lighthearted': 2}, {'challenging': 2}, {'emotional': 1}, {'informative': 1}]
99	9781250395665	Hemlock & Silver	T. Kingfisher	2025	Macmillan Audio	"Healer Anja knows little of politics but much of poisons. When she is summoned to treat the mysterious illness afflicting the king’s daughter, she finds herself against the clock, desperate to track down the source of the poison killing Princess Snow. But the chance discovery of a strange alternate world inside a magic mirror leads Anja to darker discoveries, including what really happened to Snow’s dead sister, Rose, and why their mother seemingly went mad and cut out her heart.

Aided by a taciturn bodyguard, a narcissistic cat, and a late Renaissance understanding of the scientific method, Anja must navigate the mysteries of the mirror world before the dark queen that dwells within rises to threaten them all."	[{'Fantasy': 4}, {'Fiction': 1}, {'Dark Fantasy': 1}, {'Adventure': 1}, {'Loveable Characters': 10}, {'A mix driven': 8}, {'Diverse Characters': 7}, {'Weak Character Development': 6}, {'Strong Character Development': 6}, {'Not Diverse Characters': 5}, {'Plot driven': 4}, {'Unloveable Characters': 2}, {'Reimagining/Retelling': 1}, {'Magic': 1}, {'Adventurous': 13}, {'mysterious': 13}, {'funny': 11}, {'dark': 9}, {'tense': 4}, {'lighthearted': 2}, {'challenging': 2}, {'emotional': 1}, {'informative': 1}]
99	9781250342034	Hemlock & Silver	T. Kingfisher	2025	Tor Books	"Healer Anja knows little of politics but much of poisons. When she is summoned to treat the mysterious illness afflicting the king’s daughter, she finds herself against the clock, desperate to track down the source of the poison killing Princess Snow. But the chance discovery of a strange alternate world inside a magic mirror leads Anja to darker discoveries, including what really happened to Snow’s dead sister, Rose, and why their mother seemingly went mad and cut out her heart.

Aided by a taciturn bodyguard, a narcissistic cat, and a late Renaissance understanding of the scientific method, Anja must navigate the mysteries of the mirror world before the dark queen that dwells within rises to threaten them all."	[{'Fantasy': 4}, {'Fiction': 1}, {'Dark Fantasy': 1}, {'Adventure': 1}, {'Loveable Characters': 10}, {'A mix driven': 8}, {'Diverse Characters': 7}, {'Weak Character Development': 6}, {'Strong Character Development': 6}, {'Not Diverse Characters': 5}, {'Plot driven': 4}, {'Unloveable Characters': 2}, {'Reimagining/Retelling': 1}, {'Magic': 1}, {'Adventurous': 13}, {'mysterious': 13}, {'funny': 11}, {'dark': 9}, {'tense': 4}, {'lighthearted': 2}, {'challenging': 2}, {'emotional': 1}, {'informative': 1}]
99	9781035052707	Hemlock & Silver	T. Kingfisher	2025	Pan Macmillan	"Healer Anja knows little of politics but much of poisons. When she is summoned to treat the mysterious illness afflicting the king’s daughter, she finds herself against the clock, desperate to track down the source of the poison killing Princess Snow. But the chance discovery of a strange alternate world inside a magic mirror leads Anja to darker discoveries, including what really happened to Snow’s dead sister, Rose, and why their mother seemingly went mad and cut out her heart.

Aided by a taciturn bodyguard, a narcissistic cat, and a late Renaissance understanding of the scientific method, Anja must navigate the mysteries of the mirror world before the dark queen that dwells within rises to threaten them all."	[{'Fantasy': 4}, {'Fiction': 1}, {'Dark Fantasy': 1}, {'Adventure': 1}, {'Loveable Characters': 10}, {'A mix driven': 8}, {'Diverse Characters': 7}, {'Weak Character Development': 6}, {'Strong Character Development': 6}, {'Not Diverse Characters': 5}, {'Plot driven': 4}, {'Unloveable Characters': 2}, {'Reimagining/Retelling': 1}, {'Magic': 1}, {'Adventurous': 13}, {'mysterious': 13}, {'funny': 11}, {'dark': 9}, {'tense': 4}, {'lighthearted': 2}, {'challenging': 2}, {'emotional': 1}, {'informative': 1}]
99	9781035052677	Hemlock & Silver	T. Kingfisher	2025	Tor Books	"Healer Anja knows little of politics but much of poisons. When she is summoned to treat the mysterious illness afflicting the king’s daughter, she finds herself against the clock, desperate to track down the source of the poison killing Princess Snow. But the chance discovery of a strange alternate world inside a magic mirror leads Anja to darker discoveries, including what really happened to Snow’s dead sister, Rose, and why their mother seemingly went mad and cut out her heart.

Aided by a taciturn bodyguard, a narcissistic cat, and a late Renaissance understanding of the scientific method, Anja must navigate the mysteries of the mirror world before the dark queen that dwells within rises to threaten them all."	[{'Fantasy': 4}, {'Fiction': 1}, {'Dark Fantasy': 1}, {'Adventure': 1}, {'Loveable Characters': 10}, {'A mix driven': 8}, {'Diverse Characters': 7}, {'Weak Character Development': 6}, {'Strong Character Development': 6}, {'Not Diverse Characters': 5}, {'Plot driven': 4}, {'Unloveable Characters': 2}, {'Reimagining/Retelling': 1}, {'Magic': 1}, {'Adventurous': 13}, {'mysterious': 13}, {'funny': 11}, {'dark': 9}, {'tense': 4}, {'lighthearted': 2}, {'challenging': 2}, {'emotional': 1}, {'informative': 1}]
99	9781035052684	Hemlock and Silver	T. Kingfisher	2025	Tor Books	"Healer Anja knows little of politics but much of poisons. When she is summoned to treat the mysterious illness afflicting the king’s daughter, she finds herself against the clock, desperate to track down the source of the poison killing Princess Snow. But the chance discovery of a strange alternate world inside a magic mirror leads Anja to darker discoveries, including what really happened to Snow’s dead sister, Rose, and why their mother seemingly went mad and cut out her heart.

Aided by a taciturn bodyguard, a narcissistic cat, and a late Renaissance understanding of the scientific method, Anja must navigate the mysteries of the mirror world before the dark queen that dwells within rises to threaten them all."	[{'Fantasy': 4}, {'Fiction': 1}, {'Dark Fantasy': 1}, {'Adventure': 1}, {'Loveable Characters': 10}, {'A mix driven': 8}, {'Diverse Characters': 7}, {'Weak Character Development': 6}, {'Strong Character Development': 6}, {'Not Diverse Characters': 5}, {'Plot driven': 4}, {'Unloveable Characters': 2}, {'Reimagining/Retelling': 1}, {'Magic': 1}, {'Adventurous': 13}, {'mysterious': 13}, {'funny': 11}, {'dark': 9}, {'tense': 4}, {'lighthearted': 2}, {'challenging': 2}, {'emotional': 1}, {'informative': 1}]
100	9781250821027	The Tomb of Dragons	Katherine Addison	2025	Tor Books	"Thara Celehar has lost his ability to speak with the dead. When that title of Witness for the Dead is gone, what defines him?

While his title may be gone, his duties are not. Celehar contends with a municipal cemetery with fifty years of secrets, the damage of a revethavar he’s terrified to remember, and a group of miners who are more than willing to trade Celehar’s life for a chance at what they feel they’re owed.

Celehar does not have to face these impossible tasks alone. Joining him are his mentee Velhiro Tomasaran, still finding her footing with the investigative nature of their job; Iäna Pel-Thenhior, his beloved opera director friend and avid supporter; and the valiant guard captain Hanu Olgarezh.

Amidst the backdrop of a murder and a brewing political uprising, Celehar must seek justice for those who cannot find it themselves under a tense political system. The repercussions of his quest are never as simple they seem, and Celehar’s own life and happiness hang in the balance.
"	[{'Fantasy': 4}, {'Fiction': 2}, {'Science Fiction': 1}, {'LGBTQ': 1}, {'Adventure': 1}, {'Loveable Characters': 2}, {'Single POV': 1}, {'A mix driven': 1}, {'Strong Character Development': 1}, {'Not Diverse Characters': 1}, {'Character driven': 1}, {'first person POV': 1}, {'Diverse Characters': 1}, {'Adventurous': 3}, {'tense': 2}, {'emotional': 2}, {'mysterious': 2}, {'hopeful': 2}, {'lighthearted': 1}, {'relaxing': 1}]
100	9781837864393	The Tomb of Dragons	Katherine Addison	2025	Solaris	"Thara Celehar has lost his ability to speak with the dead. When that title of Witness for the Dead is gone, what defines him?

While his title may be gone, his duties are not. Celehar contends with a municipal cemetery with fifty years of secrets, the damage of a revethavar he’s terrified to remember, and a group of miners who are more than willing to trade Celehar’s life for a chance at what they feel they’re owed.

Celehar does not have to face these impossible tasks alone. Joining him are his mentee Velhiro Tomasaran, still finding her footing with the investigative nature of their job; Iäna Pel-Thenhior, his beloved opera director friend and avid supporter; and the valiant guard captain Hanu Olgarezh.

Amidst the backdrop of a murder and a brewing political uprising, Celehar must seek justice for those who cannot find it themselves under a tense political system. The repercussions of his quest are never as simple they seem, and Celehar’s own life and happiness hang in the balance.
"	[{'Fantasy': 4}, {'Fiction': 2}, {'Science Fiction': 1}, {'LGBTQ': 1}, {'Adventure': 1}, {'Loveable Characters': 2}, {'Single POV': 1}, {'A mix driven': 1}, {'Strong Character Development': 1}, {'Not Diverse Characters': 1}, {'Character driven': 1}, {'first person POV': 1}, {'Diverse Characters': 1}, {'Adventurous': 3}, {'tense': 2}, {'emotional': 2}, {'mysterious': 2}, {'hopeful': 2}, {'lighthearted': 1}, {'relaxing': 1}]
100	9781250821010	The Tomb of Dragons	Katherine Addison	2025	Tor Books	"Thara Celehar has lost his ability to speak with the dead. When that title of Witness for the Dead is gone, what defines him?

While his title may be gone, his duties are not. Celehar contends with a municipal cemetery with fifty years of secrets, the damage of a revethavar he’s terrified to remember, and a group of miners who are more than willing to trade Celehar’s life for a chance at what they feel they’re owed.

Celehar does not have to face these impossible tasks alone. Joining him are his mentee Velhiro Tomasaran, still finding her footing with the investigative nature of their job; Iäna Pel-Thenhior, his beloved opera director friend and avid supporter; and the valiant guard captain Hanu Olgarezh.

Amidst the backdrop of a murder and a brewing political uprising, Celehar must seek justice for those who cannot find it themselves under a tense political system. The repercussions of his quest are never as simple they seem, and Celehar’s own life and happiness hang in the balance.
"	[{'Fantasy': 4}, {'Fiction': 2}, {'Science Fiction': 1}, {'LGBTQ': 1}, {'Adventure': 1}, {'Loveable Characters': 2}, {'Single POV': 1}, {'A mix driven': 1}, {'Strong Character Development': 1}, {'Not Diverse Characters': 1}, {'Character driven': 1}, {'first person POV': 1}, {'Diverse Characters': 1}, {'Adventurous': 3}, {'tense': 2}, {'emotional': 2}, {'mysterious': 2}, {'hopeful': 2}, {'lighthearted': 1}, {'relaxing': 1}]
100	9781250816191	The Tomb of Dragons	Katherine Addison	2025	Tor Books	"Thara Celehar has lost his ability to speak with the dead. When that title of Witness for the Dead is gone, what defines him?

While his title may be gone, his duties are not. Celehar contends with a municipal cemetery with fifty years of secrets, the damage of a revethavar he’s terrified to remember, and a group of miners who are more than willing to trade Celehar’s life for a chance at what they feel they’re owed.

Celehar does not have to face these impossible tasks alone. Joining him are his mentee Velhiro Tomasaran, still finding her footing with the investigative nature of their job; Iäna Pel-Thenhior, his beloved opera director friend and avid supporter; and the valiant guard captain Hanu Olgarezh.

Amidst the backdrop of a murder and a brewing political uprising, Celehar must seek justice for those who cannot find it themselves under a tense political system. The repercussions of his quest are never as simple they seem, and Celehar’s own life and happiness hang in the balance.
"	[{'Fantasy': 4}, {'Fiction': 2}, {'Science Fiction': 1}, {'LGBTQ': 1}, {'Adventure': 1}, {'Loveable Characters': 2}, {'Single POV': 1}, {'A mix driven': 1}, {'Strong Character Development': 1}, {'Not Diverse Characters': 1}, {'Character driven': 1}, {'first person POV': 1}, {'Diverse Characters': 1}, {'Adventurous': 3}, {'tense': 2}, {'emotional': 2}, {'mysterious': 2}, {'hopeful': 2}, {'lighthearted': 1}, {'relaxing': 1}]
100	9781250386069	The Tomb of Dragons	Katherine Addison	2025	Macmillan Audio	"Thara Celehar has lost his ability to speak with the dead. When that title of Witness for the Dead is gone, what defines him?

While his title may be gone, his duties are not. Celehar contends with a municipal cemetery with fifty years of secrets, the damage of a revethavar he’s terrified to remember, and a group of miners who are more than willing to trade Celehar’s life for a chance at what they feel they’re owed.

Celehar does not have to face these impossible tasks alone. Joining him are his mentee Velhiro Tomasaran, still finding her footing with the investigative nature of their job; Iäna Pel-Thenhior, his beloved opera director friend and avid supporter; and the valiant guard captain Hanu Olgarezh.

Amidst the backdrop of a murder and a brewing political uprising, Celehar must seek justice for those who cannot find it themselves under a tense political system. The repercussions of his quest are never as simple they seem, and Celehar’s own life and happiness hang in the balance.
"	[{'Fantasy': 4}, {'Fiction': 2}, {'Science Fiction': 1}, {'LGBTQ': 1}, {'Adventure': 1}, {'Loveable Characters': 2}, {'Single POV': 1}, {'A mix driven': 1}, {'Strong Character Development': 1}, {'Not Diverse Characters': 1}, {'Character driven': 1}, {'first person POV': 1}, {'Diverse Characters': 1}, {'Adventurous': 3}, {'tense': 2}, {'emotional': 2}, {'mysterious': 2}, {'hopeful': 2}, {'lighthearted': 1}, {'relaxing': 1}]
